raw_row,trajectory_id,cycle,shots,simulator_seed,p1,p2,pm,count_00,count_01,count_10,count_11,prob_00,prob_01,prob_10,prob_11,error_rate_this_cycle
0,0,0,4000,8,0.001,0.010000246030671497,0.020029874553750847,3726,109,136,29,0.9315,0.02725,0.034,0.00725,0.0685
1,0,1,4000,9,0.001,0.009965418459599052,0.01995081536987512,3703,122,125,50,0.92575,0.0305,0.03125,0.0125,0.07425000000000004
2,0,2,4000,10,0.001,0.009894484302564708,0.019861650714375473,3701,109,138,52,0.92525,0.02725,0.0345,0.013,0.07474999999999998
3,0,3,4000,11,0.001,0.009926513023084196,0.020005672238930926,3722,107,113,58,0.9305,0.02675,0.02825,0.0145,0.0695
4,0,4,4000,12,0.001,0.00984807171937393,0.01995362474894893,3715,106,146,33,0.92875,0.0265,0.0365,0.00825,0.07125000000000004
5,0,5,4000,13,0.001,0.009966040129410969,0.019999313449764942,3669,128,160,43,0.91725,0.032,0.04,0.01075,0.08274999999999999
6,0,6,4000,14,0.001,0.01000712297921055,0.01991626664529412,3722,118,119,41,0.9305,0.0295,0.02975,0.01025,0.0695
7,0,7,4000,15,0.001,0.010021272614717894,0.019995796964739947,3730,106,130,34,0.9325,0.0265,0.0325,0.0085,0.0675
8,0,8,4000,16,0.001,0.009772429705260878,0.019960035388635926,3715,124,122,39,0.92875,0.031,0.0305,0.00975,0.07125000000000004
9,0,9,4000,17,0.001,0.009412185157300709,0.01984108161465743,3699,114,147,40,0.92475,0.0285,0.03675,0.01,0.07525000000000004
10,0,10,4000,18,0.001,0.009063838149742364,0.01982757250154996,3740,106,124,30,0.935,0.0265,0.031,0.0075,0.06499999999999995
11,0,11,4000,19,0.001,0.008830348853453622,0.01986469893743213,3741,117,111,31,0.93525,0.02925,0.02775,0.00775,0.06474999999999997
12,0,12,4000,20,0.001,0.008881699070778468,0.01985600584296913,3740,103,125,32,0.935,0.02575,0.03125,0.008,0.06499999999999995
13,0,13,4000,21,0.001,0.008398347128614364,0.01981213655338447,3721,122,133,24,0.93025,0.0305,0.03325,0.006,0.06974999999999998
14,0,14,4000,22,0.001,0.00840864693953415,0.019833467451984804,3697,129,138,36,0.92425,0.03225,0.0345,0.009,0.07574999999999998
15,0,15,4000,23,0.001,0.008122619786433073,0.019795692124381408,3746,109,119,26,0.9365,0.02725,0.02975,0.0065,0.0635
16,0,16,4000,24,0.001,0.007946915970821745,0.01972480840043885,3743,100,114,43,0.93575,0.025,0.0285,0.01075,0.06425000000000003
17,0,17,4000,25,0.001,0.00817909569549896,0.01965405493290566,3712,114,139,35,0.928,0.0285,0.03475,0.00875,0.07199999999999995
18,0,18,4000,26,0.001,0.008192591354509855,0.019752493919643975,3744,120,102,34,0.936,0.03,0.0255,0.0085,0.06399999999999995
19,0,19,4000,27,0.001,0.008095871267961196,0.01975132372468556,3734,107,126,33,0.9335,0.02675,0.0315,0.00825,0.0665
20,0,20,4000,28,0.001,0.00813796409661109,0.019767701902111065,3757,96,121,26,0.93925,0.024,0.03025,0.0065,0.06074999999999997
21,0,21,4000,29,0.001,0.007912952931327552,0.019785315925148764,3737,108,122,33,0.93425,0.027,0.0305,0.00825,0.06574999999999998
22,0,22,4000,30,0.001,0.00820471761567586,0.01964060145733592,3747,101,120,32,0.93675,0.02525,0.03,0.008,0.06325000000000003
23,0,23,4000,31,0.001,0.00839659415328018,0.01966253685990558,3733,103,138,26,0.93325,0.02575,0.0345,0.0065,0.06674999999999998
24,0,24,4000,32,0.001,0.008288300074458734,0.01987257851453982,3735,111,123,31,0.93375,0.02775,0.03075,0.00775,0.06625000000000003
25,0,25,4000,33,0.001,0.008460752016875678,0.019762649624329297,3749,104,112,35,0.93725,0.026,0.028,0.00875,0.06274999999999997
26,0,26,4000,34,0.001,0.00849565526262997,0.019830318582696314,3751,98,113,38,0.93775,0.0245,0.02825,0.0095,0.06225000000000003
27,0,27,4000,35,0.001,0.008477898837559821,0.019908609609415834,3707,113,141,39,0.92675,0.02825,0.03525,0.00975,0.07325000000000004
28,0,28,4000,36,0.001,0.008484595373529937,0.019985334365499267,3720,108,136,36,0.93,0.027,0.034,0.009,0.06999999999999995
29,0,29,4000,37,0.001,0.008792299891861168,0.0199277681403987,3734,99,132,35,0.9335,0.02475,0.033,0.00875,0.0665
30,0,30,4000,38,0.001,0.008852927613939089,0.019891437382744865,3724,111,122,43,0.931,0.02775,0.0305,0.01075,0.06899999999999995
31,0,31,4000,39,0.001,0.008898381296184256,0.01978271792995985,3715,121,122,42,0.92875,0.03025,0.0305,0.0105,0.07125000000000004
32,0,32,4000,40,0.001,0.008802520976883721,0.0197730983326794,3725,124,112,39,0.93125,0.031,0.028,0.00975,0.06874999999999998
33,0,33,4000,41,0.001,0.009002273751303802,0.019897620533424813,3701,122,147,30,0.92525,0.0305,0.03675,0.0075,0.07474999999999998
34,0,34,4000,42,0.001,0.008757568192806951,0.01982815629682611,3730,102,134,34,0.9325,0.0255,0.0335,0.0085,0.0675
35,0,35,4000,43,0.001,0.008906948877321637,0.019638914318408657,3753,101,109,37,0.93825,0.02525,0.02725,0.00925,0.06174999999999997
36,0,36,4000,44,0.001,0.008834314904331161,0.01963918562584165,3724,112,130,34,0.931,0.028,0.0325,0.0085,0.06899999999999995
37,0,37,4000,45,0.001,0.009105717899788524,0.019718126015898722,3701,120,134,45,0.92525,0.03,0.0335,0.01125,0.07474999999999998
38,0,38,4000,46,0.001,0.009060275215744087,0.019691268426488728,3722,123,117,38,0.9305,0.03075,0.02925,0.0095,0.0695
39,0,39,4000,47,0.001,0.009030236135640501,0.019853621366534346,3728,112,124,36,0.932,0.028,0.031,0.009,0.06799999999999995
40,0,40,4000,48,0.001,0.008964631147125928,0.01983325332769787,3749,98,119,34,0.93725,0.0245,0.02975,0.0085,0.06274999999999997
41,0,41,4000,49,0.001,0.00905514896058298,0.019831176283189228,3724,111,121,44,0.931,0.02775,0.03025,0.011,0.06899999999999995
42,0,42,4000,50,0.001,0.009035692114989837,0.01972976956887412,3719,106,132,43,0.92975,0.0265,0.033,0.01075,0.07025000000000003
43,0,43,4000,51,0.001,0.009053387821382127,0.019695411446576678,3700,122,133,45,0.925,0.0305,0.03325,0.01125,0.07499999999999996
44,0,44,4000,52,0.001,0.00930661337662017,0.019770720296846796,3702,123,135,40,0.9255,0.03075,0.03375,0.01,0.07450000000000001
45,0,45,4000,53,0.001,0.009321784654018185,0.01984755839917353,3708,127,128,37,0.927,0.03175,0.032,0.00925,0.07299999999999995
46,0,46,4000,54,0.001,0.009273810743675556,0.019962771035016223,3739,105,124,32,0.93475,0.02625,0.031,0.008,0.06525000000000003
47,0,47,4000,55,0.001,0.009292730831541229,0.020031109270434267,3719,112,128,41,0.92975,0.028,0.032,0.01025,0.07025000000000003
48,0,48,4000,56,0.001,0.009054552182476533,0.02007577727532211,3722,101,137,40,0.9305,0.02525,0.03425,0.01,0.0695
49,0,49,4000,57,0.001,0.008736911359003223,0.019882244380828116,3725,107,136,32,0.93125,0.02675,0.034,0.008,0.06874999999999998
50,0,50,4000,58,0.001,0.008696015983460936,0.019802251620068257,3752,103,112,33,0.938,0.02575,0.028,0.00825,0.062000000000000055
51,0,51,4000,59,0.001,0.00874882654260338,0.02003672728271686,3756,90,122,32,0.939,0.0225,0.0305,0.008,0.061000000000000054
52,0,52,4000,60,0.001,0.008602481906320965,0.01998433292407247,3727,111,136,26,0.93175,0.02775,0.034,0.0065,0.06825000000000003
53,0,53,4000,61,0.001,0.008663562695533904,0.020043634253213705,3743,108,110,39,0.93575,0.027,0.0275,0.00975,0.06425000000000003
54,0,54,4000,62,0.001,0.008648281482352752,0.020033041220188383,3744,109,111,36,0.936,0.02725,0.02775,0.009,0.06399999999999995
55,0,55,4000,63,0.001,0.008808774073376862,0.020095031983891773,3727,108,127,38,0.93175,0.027,0.03175,0.0095,0.06825000000000003
56,0,56,4000,64,0.001,0.008622038906962124,0.02009711385203019,3735,108,126,31,0.93375,0.027,0.0315,0.00775,0.06625000000000003
57,0,57,4000,65,0.001,0.00864909627669442,0.020001665389825278,3726,125,121,28,0.9315,0.03125,0.03025,0.007,0.0685
58,0,58,4000,66,0.001,0.008721064096829292,0.019925869742107624,3732,121,120,27,0.933,0.03025,0.03,0.00675,0.06699999999999995
59,0,59,4000,67,0.001,0.008935477438412701,0.019955144333368133,3707,94,151,48,0.92675,0.0235,0.03775,0.012,0.07325000000000004
60,0,60,4000,68,0.001,0.00897333873556651,0.019906041498082505,3741,98,132,29,0.93525,0.0245,0.033,0.00725,0.06474999999999997
61,0,61,4000,69,0.001,0.008969616770790972,0.0197162668687918,3750,97,119,34,0.9375,0.02425,0.02975,0.0085,0.0625
62,0,62,4000,70,0.001,0.008763335276686358,0.01976255084871067,3723,114,136,27,0.93075,0.0285,0.034,0.00675,0.06925000000000003
63,0,63,4000,71,0.001,0.00835762186832193,0.019857211700858787,3730,110,120,40,0.9325,0.0275,0.03,0.01,0.0675
64,0,64,4000,72,0.001,0.008028402573247148,0.01994288555112522,3771,91,109,29,0.94275,0.02275,0.02725,0.00725,0.05725000000000002
65,0,65,4000,73,0.001,0.007879303166671285,0.020030784659559465,3772,83,113,32,0.943,0.02075,0.02825,0.008,0.05700000000000005
66,0,66,4000,74,0.001,0.007925493408188242,0.019887101165530316,3722,115,130,33,0.9305,0.02875,0.0325,0.00825,0.0695
67,0,67,4000,75,0.001,0.008195323158099933,0.020041271881082574,3733,98,134,35,0.93325,0.0245,0.0335,0.00875,0.06674999999999998
68,0,68,4000,76,0.001,0.008202162176899893,0.020023880253865343,3736,109,123,32,0.934,0.02725,0.03075,0.008,0.06599999999999995
69,0,69,4000,77,0.001,0.008190188783705766,0.01993636502158747,3737,104,127,32,0.93425,0.026,0.03175,0.008,0.06574999999999998
70,0,70,4000,78,0.001,0.00842990613565715,0.01989207582841445,3718,113,140,29,0.9295,0.02825,0.035,0.00725,0.07050000000000001
71,0,71,4000,79,0.001,0.008439668053118814,0.019822746188094143,3732,105,129,34,0.933,0.02625,0.03225,0.0085,0.06699999999999995
72,0,72,4000,80,0.001,0.008334453433174776,0.019704973672929026,3703,112,146,39,0.92575,0.028,0.0365,0.00975,0.07425000000000004
73,0,73,4000,81,0.001,0.008605867295917653,0.01969956491560843,3741,101,119,39,0.93525,0.02525,0.02975,0.00975,0.06474999999999997
74,0,74,4000,82,0.001,0.008819051619663416,0.019710897375299755,3732,106,120,42,0.933,0.0265,0.03,0.0105,0.06699999999999995
75,0,75,4000,83,0.001,0.008700170914122837,0.01968822884929953,3728,114,129,29,0.932,0.0285,0.03225,0.00725,0.06799999999999995
76,0,76,4000,84,0.001,0.008608124704022257,0.01969902475921802,3737,99,121,43,0.93425,0.02475,0.03025,0.01075,0.06574999999999998
77,0,77,4000,85,0.001,0.008553071336086866,0.019679032587623838,3734,109,112,45,0.9335,0.02725,0.028,0.01125,0.0665
78,0,78,4000,86,0.001,0.008297356399259683,0.019608347994861726,3732,120,120,28,0.933,0.03,0.03,0.007,0.06699999999999995
79,0,79,4000,87,0.001,0.008648167909019767,0.019551224673236556,3723,112,130,35,0.93075,0.028,0.0325,0.00875,0.06925000000000003
80,0,80,4000,88,0.001,0.008457349151495071,0.019594957306494055,3716,122,130,32,0.929,0.0305,0.0325,0.008,0.07099999999999995
81,0,81,4000,89,0.001,0.008758803591406376,0.01945955487624594,3755,101,110,34,0.93875,0.02525,0.0275,0.0085,0.06125000000000003
82,0,82,4000,90,0.001,0.008737099221756124,0.01940634962085245,3728,111,122,39,0.932,0.02775,0.0305,0.00975,0.06799999999999995
83,0,83,4000,91,0.001,0.008404895326890642,0.019489842291778286,3740,108,123,29,0.935,0.027,0.03075,0.00725,0.06499999999999995
84,0,84,4000,92,0.001,0.008420206543179673,0.019506986476207546,3744,101,127,28,0.936,0.02525,0.03175,0.007,0.06399999999999995
85,0,85,4000,93,0.001,0.008289744248690556,0.019562464892507236,3730,108,127,35,0.9325,0.027,0.03175,0.00875,0.0675
86,0,86,4000,94,0.001,0.008201884778793092,0.019558174571657563,3743,109,120,28,0.93575,0.02725,0.03,0.007,0.06425000000000003
87,0,87,4000,95,0.001,0.008000232620356788,0.01944656429563674,3765,90,105,40,0.94125,0.0225,0.02625,0.01,0.05874999999999997
88,0,88,4000,96,0.001,0.00828733899141679,0.019405853825182895,3758,89,125,28,0.9395,0.02225,0.03125,0.007,0.0605
89,0,89,4000,97,0.001,0.008365675062687953,0.019412474781706157,3755,92,121,32,0.93875,0.023,0.03025,0.008,0.06125000000000003
90,0,90,4000,98,0.001,0.008297446022135516,0.019371678684672437,3765,98,108,29,0.94125,0.0245,0.027,0.00725,0.05874999999999997
91,0,91,4000,99,0.001,0.008443462540424634,0.019351491924219047,3744,97,136,23,0.936,0.02425,0.034,0.00575,0.06399999999999995
92,0,92,4000,100,0.001,0.008433173810790374,0.019363714079938494,3701,124,140,35,0.92525,0.031,0.035,0.00875,0.07474999999999998
93,0,93,4000,101,0.001,0.008688475474840775,0.019441765177401808,3733,105,126,36,0.93325,0.02625,0.0315,0.009,0.06674999999999998
94,0,94,4000,102,0.001,0.008784995528386373,0.019395408038066483,3736,95,121,48,0.934,0.02375,0.03025,0.012,0.06599999999999995
95,0,95,4000,103,0.001,0.008528601784385081,0.01950036103124001,3756,91,120,33,0.939,0.02275,0.03,0.00825,0.061000000000000054
96,0,96,4000,104,0.001,0.008741891211229256,0.01949629019132768,3721,110,135,34,0.93025,0.0275,0.03375,0.0085,0.06974999999999998
97,0,97,4000,105,0.001,0.00887026797954996,0.019584434496716218,3727,112,128,33,0.93175,0.028,0.032,0.00825,0.06825000000000003
98,0,98,4000,106,0.001,0.009056504870082957,0.019686572844040868,3724,95,147,34,0.931,0.02375,0.03675,0.0085,0.06899999999999995
99,0,99,4000,107,0.001,0.008985381339950731,0.01984807014230734,3730,100,136,34,0.9325,0.025,0.034,0.0085,0.0675
100,0,100,4000,108,0.001,0.008756062728293587,0.019944242450006703,3738,109,115,38,0.9345,0.02725,0.02875,0.0095,0.0655
101,0,101,4000,109,0.001,0.00887484914409974,0.020041604361359152,3708,118,131,43,0.927,0.0295,0.03275,0.01075,0.07299999999999995
102,0,102,4000,110,0.001,0.009270650805519087,0.02020004890869702,3729,106,135,30,0.93225,0.0265,0.03375,0.0075,0.06774999999999998
103,0,103,4000,111,0.001,0.009061615424081224,0.020041181750670232,3703,114,139,44,0.92575,0.0285,0.03475,0.011,0.07425000000000004
104,0,104,4000,112,0.001,0.009244993235891981,0.019949680509082638,3719,108,131,42,0.92975,0.027,0.03275,0.0105,0.07025000000000003
105,0,105,4000,113,0.001,0.009262512158162478,0.02004365325678316,3723,97,143,37,0.93075,0.02425,0.03575,0.00925,0.06925000000000003
106,0,106,4000,114,0.001,0.008953752687925361,0.019842655211352214,3700,104,154,42,0.925,0.026,0.0385,0.0105,0.07499999999999996
107,0,107,4000,115,0.001,0.009025612491992806,0.019857093800313544,3688,112,148,52,0.922,0.028,0.037,0.013,0.07799999999999996
108,0,108,4000,116,0.001,0.008996451877716423,0.019870947276690563,3720,100,135,45,0.93,0.025,0.03375,0.01125,0.06999999999999995
109,0,109,4000,117,0.001,0.008844348756242966,0.019729597835963352,3726,110,137,27,0.9315,0.0275,0.03425,0.00675,0.0685
110,0,110,4000,118,0.001,0.008831017786066903,0.019642426966858414,3714,114,135,37,0.9285,0.0285,0.03375,0.00925,0.07150000000000001
111,0,111,4000,119,0.001,0.008522321521584681,0.01970299507399774,3709,112,148,31,0.92725,0.028,0.037,0.00775,0.07274999999999998
112,0,112,4000,120,0.001,0.008530041795900247,0.01975364792766102,3738,92,131,39,0.9345,0.023,0.03275,0.00975,0.0655
113,0,113,4000,121,0.001,0.008352182807615058,0.019697842048477354,3738,109,122,31,0.9345,0.02725,0.0305,0.00775,0.0655
114,0,114,4000,122,0.001,0.008172374202171026,0.01961917786177155,3732,119,113,36,0.933,0.02975,0.02825,0.009,0.06699999999999995
115,0,115,4000,123,0.001,0.008231455785720905,0.019550880400138058,3744,112,110,34,0.936,0.028,0.0275,0.0085,0.06399999999999995
116,0,116,4000,124,0.001,0.00832266904348496,0.01959485599267988,3726,110,138,26,0.9315,0.0275,0.0345,0.0065,0.0685
117,0,117,4000,125,0.001,0.00874770124086098,0.019465577088093197,3729,115,130,26,0.93225,0.02875,0.0325,0.0065,0.06774999999999998
118,0,118,4000,126,0.001,0.00894528171642799,0.019466628291904355,3733,110,115,42,0.93325,0.0275,0.02875,0.0105,0.06674999999999998
119,0,119,4000,127,0.001,0.00896247577040179,0.019331641909713693,3716,120,129,35,0.929,0.03,0.03225,0.00875,0.07099999999999995
120,0,120,4000,128,0.001,0.00889043700785686,0.01941596163605809,3721,110,130,39,0.93025,0.0275,0.0325,0.00975,0.06974999999999998
121,0,121,4000,129,0.001,0.0088939413334534,0.019434067073099217,3741,92,123,44,0.93525,0.023,0.03075,0.011,0.06474999999999997
122,0,122,4000,130,0.001,0.00885579799733329,0.019559524047797844,3721,115,120,44,0.93025,0.02875,0.03,0.011,0.06974999999999998
123,0,123,4000,131,0.001,0.00887150348392459,0.019349482480549636,3716,115,128,41,0.929,0.02875,0.032,0.01025,0.07099999999999995
124,0,124,4000,132,0.001,0.008753088973829693,0.019162602819841616,3736,93,127,44,0.934,0.02325,0.03175,0.011,0.06599999999999995
125,0,125,4000,133,0.001,0.008122801290730387,0.019119591284864384,3747,111,118,24,0.93675,0.02775,0.0295,0.006,0.06325000000000003
126,0,126,4000,134,0.001,0.00840951326075093,0.019134303275477445,3749,103,117,31,0.93725,0.02575,0.02925,0.00775,0.06274999999999997
127,0,127,4000,135,0.001,0.008195004119269935,0.019050233288657202,3741,97,128,34,0.93525,0.02425,0.032,0.0085,0.06474999999999997
128,0,128,4000,136,0.001,0.008441126765319936,0.019075995950997047,3739,97,131,33,0.93475,0.02425,0.03275,0.00825,0.06525000000000003
129,0,129,4000,137,0.001,0.008470726613632348,0.01908064977211324,3728,115,120,37,0.932,0.02875,0.03,0.00925,0.06799999999999995
130,0,130,4000,138,0.001,0.008498406665943417,0.01917119033680762,3758,95,110,37,0.9395,0.02375,0.0275,0.00925,0.0605
131,0,131,4000,139,0.001,0.008628920125414632,0.01920276080681007,3725,111,123,41,0.93125,0.02775,0.03075,0.01025,0.06874999999999998
132,0,132,4000,140,0.001,0.00844034645389663,0.019263871683301046,3737,111,122,30,0.93425,0.02775,0.0305,0.0075,0.06574999999999998
133,0,133,4000,141,0.001,0.008323497038298131,0.019383256250891094,3752,101,124,23,0.938,0.02525,0.031,0.00575,0.062000000000000055
134,0,134,4000,142,0.001,0.008089286873953307,0.019379494153263534,3742,95,120,43,0.9355,0.02375,0.03,0.01075,0.0645
135,0,135,4000,143,0.001,0.008107815216695052,0.01925702959819912,3727,93,142,38,0.93175,0.02325,0.0355,0.0095,0.06825000000000003
136,0,136,4000,144,0.001,0.008472209545466347,0.019413070274925073,3721,102,145,32,0.93025,0.0255,0.03625,0.008,0.06974999999999998
137,0,137,4000,145,0.001,0.00839949279314453,0.019500242391481525,3712,115,144,29,0.928,0.02875,0.036,0.00725,0.07199999999999995
138,0,138,4000,146,0.001,0.008495228007078574,0.019248886445147,3730,101,128,41,0.9325,0.02525,0.032,0.01025,0.0675
139,0,139,4000,147,0.001,0.00856530761033409,0.019252752037163673,3756,98,117,29,0.939,0.0245,0.02925,0.00725,0.061000000000000054
140,0,140,4000,148,0.001,0.008601951081028998,0.01915506454518096,3736,107,117,40,0.934,0.02675,0.02925,0.01,0.06599999999999995
141,0,141,4000,149,0.001,0.008568081671784916,0.019147238668842728,3737,97,130,36,0.93425,0.02425,0.0325,0.009,0.06574999999999998
142,0,142,4000,150,0.001,0.00882570051522738,0.01919068137488183,3716,131,127,26,0.929,0.03275,0.03175,0.0065,0.07099999999999995
143,0,143,4000,151,0.001,0.008844589509186847,0.019353578374672924,3714,121,133,32,0.9285,0.03025,0.03325,0.008,0.07150000000000001
144,0,144,4000,152,0.001,0.008753539923234119,0.019324635344185385,3736,103,127,34,0.934,0.02575,0.03175,0.0085,0.06599999999999995
145,0,145,4000,153,0.001,0.008410188920966306,0.019491545928813747,3734,101,123,42,0.9335,0.02525,0.03075,0.0105,0.0665
146,0,146,4000,154,0.001,0.008623055394605193,0.019593230733264917,3710,118,120,52,0.9275,0.0295,0.03,0.013,0.07250000000000001
147,0,147,4000,155,0.001,0.008776835083894579,0.01961424559203128,3735,94,123,48,0.93375,0.0235,0.03075,0.012,0.06625000000000003
148,0,148,4000,156,0.001,0.008839932871731047,0.01959904493300455,3738,107,114,41,0.9345,0.02675,0.0285,0.01025,0.0655
149,0,149,4000,157,0.001,0.008819212786586456,0.019614475294175922,3737,115,120,28,0.93425,0.02875,0.03,0.007,0.06574999999999998
150,0,150,4000,158,0.001,0.009141578688899213,0.01968004408435673,3706,116,143,35,0.9265,0.029,0.03575,0.00875,0.07350000000000001
151,0,151,4000,159,0.001,0.009149886663747438,0.01963210487931239,3736,111,121,32,0.934,0.02775,0.03025,0.008,0.06599999999999995
152,0,152,4000,160,0.001,0.009042886966265106,0.01980237538042964,3735,105,132,28,0.93375,0.02625,0.033,0.007,0.06625000000000003
153,0,153,4000,161,0.001,0.009164224427110528,0.019819130436260705,3720,108,125,47,0.93,0.027,0.03125,0.01175,0.06999999999999995
154,0,154,4000,162,0.001,0.009114988058679985,0.01971822509509065,3727,116,108,49,0.93175,0.029,0.027,0.01225,0.06825000000000003
155,0,155,4000,163,0.001,0.009121615747186004,0.01981559089853767,3717,115,127,41,0.92925,0.02875,0.03175,0.01025,0.07074999999999998
156,0,156,4000,164,0.001,0.009063108297818506,0.019802866640237615,3732,113,125,30,0.933,0.02825,0.03125,0.0075,0.06699999999999995
157,0,157,4000,165,0.001,0.00903890142753071,0.01982382607703743,3746,93,120,41,0.9365,0.02325,0.03,0.01025,0.0635
158,0,158,4000,166,0.001,0.008740299251781589,0.019810286241840926,3750,95,115,40,0.9375,0.02375,0.02875,0.01,0.0625
159,0,159,4000,167,0.001,0.008589420148150773,0.019908744745097184,3739,107,113,41,0.93475,0.02675,0.02825,0.01025,0.06525000000000003
160,0,160,4000,168,0.001,0.008455300412837801,0.019976449419827253,3735,104,136,25,0.93375,0.026,0.034,0.00625,0.06625000000000003
161,0,161,4000,169,0.001,0.008780187903383155,0.01995508979369909,3710,119,134,37,0.9275,0.02975,0.0335,0.00925,0.07250000000000001
162,0,162,4000,170,0.001,0.00867987265295846,0.019984233019611698,3736,115,116,33,0.934,0.02875,0.029,0.00825,0.06599999999999995
163,0,163,4000,171,0.001,0.008699466847436655,0.01989487138487773,3731,115,118,36,0.93275,0.02875,0.0295,0.009,0.06725000000000003
164,0,164,4000,172,0.001,0.00881165073057933,0.02010642299022527,3718,122,125,35,0.9295,0.0305,0.03125,0.00875,0.07050000000000001
165,0,165,4000,173,0.001,0.008780028331526187,0.0200961353706188,3736,83,145,36,0.934,0.02075,0.03625,0.009,0.06599999999999995
166,0,166,4000,174,0.001,0.008591041926812367,0.020138044215787458,3727,107,133,33,0.93175,0.02675,0.03325,0.00825,0.06825000000000003
167,0,167,4000,175,0.001,0.008361646681870843,0.020037351113352312,3742,108,106,44,0.9355,0.027,0.0265,0.011,0.0645
168,0,168,4000,176,0.001,0.0086375801362396,0.019956805807412846,3719,103,143,35,0.92975,0.02575,0.03575,0.00875,0.07025000000000003
169,0,169,4000,177,0.001,0.008873851650105867,0.020119241607791126,3726,119,129,26,0.9315,0.02975,0.03225,0.0065,0.0685
170,0,170,4000,178,0.001,0.008945716941601217,0.02018458074807621,3736,106,121,37,0.934,0.0265,0.03025,0.00925,0.06599999999999995
171,0,171,4000,179,0.001,0.009356167130338574,0.020174907907869636,3721,104,135,40,0.93025,0.026,0.03375,0.01,0.06974999999999998
172,0,172,4000,180,0.001,0.00925756597095025,0.02004958480139134,3718,120,133,29,0.9295,0.03,0.03325,0.00725,0.07050000000000001
173,0,173,4000,181,0.001,0.009285907387019518,0.02020749922248317,3715,111,135,39,0.92875,0.02775,0.03375,0.00975,0.07125000000000004
174,0,174,4000,182,0.001,0.009497826463299691,0.02012329009834138,3728,104,126,42,0.932,0.026,0.0315,0.0105,0.06799999999999995
175,0,175,4000,183,0.001,0.009346751386533172,0.02008287297540728,3719,103,142,36,0.92975,0.02575,0.0355,0.009,0.07025000000000003
176,0,176,4000,184,0.001,0.00942520500303224,0.020072341832696912,3703,114,139,44,0.92575,0.0285,0.03475,0.011,0.07425000000000004
177,0,177,4000,185,0.001,0.009488095792120857,0.020112015770501458,3760,86,107,47,0.94,0.0215,0.02675,0.01175,0.06000000000000005
178,0,178,4000,186,0.001,0.009448341074785167,0.020117998376341165,3722,116,118,44,0.9305,0.029,0.0295,0.011,0.0695
179,0,179,4000,187,0.001,0.009509659550228373,0.020119601405987845,3744,100,124,32,0.936,0.025,0.031,0.008,0.06399999999999995
180,0,180,4000,188,0.001,0.009630363723227184,0.020316688983320647,3739,96,131,34,0.93475,0.024,0.03275,0.0085,0.06525000000000003
181,0,181,4000,189,0.001,0.00976875818018135,0.0203322700379615,3705,109,143,43,0.92625,0.02725,0.03575,0.01075,0.07374999999999998
182,0,182,4000,190,0.001,0.009451534455508968,0.02038106574656302,3719,110,139,32,0.92975,0.0275,0.03475,0.008,0.07025000000000003
183,0,183,4000,191,0.001,0.009082198773155525,0.020250162337947412,3725,113,123,39,0.93125,0.02825,0.03075,0.00975,0.06874999999999998
184,0,184,4000,192,0.001,0.00927312662364928,0.020330785843961075,3709,114,133,44,0.92725,0.0285,0.03325,0.011,0.07274999999999998
185,0,185,4000,193,0.001,0.009263138823979502,0.020169784733345856,3704,121,138,37,0.926,0.03025,0.0345,0.00925,0.07399999999999995
186,0,186,4000,194,0.001,0.00920886912060133,0.02011191090152425,3744,103,123,30,0.936,0.02575,0.03075,0.0075,0.06399999999999995
187,0,187,4000,195,0.001,0.009356237269827374,0.020347683954767003,3726,110,120,44,0.9315,0.0275,0.03,0.011,0.0685
188,0,188,4000,196,0.001,0.009419623367418306,0.020279752841963792,3715,127,126,32,0.92875,0.03175,0.0315,0.008,0.07125000000000004
189,0,189,4000,197,0.001,0.00920551306135766,0.020284143413886964,3736,103,110,51,0.934,0.02575,0.0275,0.01275,0.06599999999999995
190,0,190,4000,198,0.001,0.009190154422654943,0.02017899149793422,3694,140,129,37,0.9235,0.035,0.03225,0.00925,0.07650000000000001
191,0,191,4000,199,0.001,0.009233425469793381,0.020073900145803132,3740,95,135,30,0.935,0.02375,0.03375,0.0075,0.06499999999999995
192,0,192,4000,200,0.001,0.00947584692413924,0.02019016520638195,3711,119,121,49,0.92775,0.02975,0.03025,0.01225,0.07225000000000004
193,0,193,4000,201,0.001,0.009712797177198525,0.020152760159321097,3700,114,127,59,0.925,0.0285,0.03175,0.01475,0.07499999999999996
194,0,194,4000,202,0.001,0.009835701289862142,0.02014955320879916,3708,123,135,34,0.927,0.03075,0.03375,0.0085,0.07299999999999995
195,0,195,4000,203,0.001,0.009777938877581646,0.020125638643084955,3706,112,142,40,0.9265,0.028,0.0355,0.01,0.07350000000000001
196,0,196,4000,204,0.001,0.009537995822974817,0.01999125227349544,3730,117,112,41,0.9325,0.02925,0.028,0.01025,0.0675
197,0,197,4000,205,0.001,0.009716858781150025,0.01998212873310349,3718,110,132,40,0.9295,0.0275,0.033,0.01,0.07050000000000001
198,0,198,4000,206,0.001,0.00978014375137555,0.020092299771948898,3703,112,137,48,0.92575,0.028,0.03425,0.012,0.07425000000000004
199,0,199,4000,207,0.001,0.009453517252372333,0.02002388676456731,3720,118,122,40,0.93,0.0295,0.0305,0.01,0.06999999999999995
200,0,200,4000,208,0.001,0.009508584221065349,0.020073096243233866,3719,111,139,31,0.92975,0.02775,0.03475,0.00775,0.07025000000000003
201,0,201,4000,209,0.001,0.00945316933098513,0.020186014166503653,3704,123,129,44,0.926,0.03075,0.03225,0.011,0.07399999999999995
202,0,202,4000,210,0.001,0.009515248318751057,0.020074675952620868,3719,122,122,37,0.92975,0.0305,0.0305,0.00925,0.07025000000000003
203,0,203,4000,211,0.001,0.009349095563552928,0.02016522305867033,3703,112,145,40,0.92575,0.028,0.03625,0.01,0.07425000000000004
204,0,204,4000,212,0.001,0.00946186185484414,0.01998531693476967,3742,101,125,32,0.9355,0.02525,0.03125,0.008,0.0645
205,0,205,4000,213,0.001,0.009751404315616623,0.02005511963787906,3707,121,139,33,0.92675,0.03025,0.03475,0.00825,0.07325000000000004
206,0,206,4000,214,0.001,0.010040072913155923,0.020026749549771548,3698,119,144,39,0.9245,0.02975,0.036,0.00975,0.07550000000000001
207,0,207,4000,215,0.001,0.010000931668889455,0.019924103841296417,3708,134,113,45,0.927,0.0335,0.02825,0.01125,0.07299999999999995
208,0,208,4000,216,0.001,0.010528317582915834,0.019916558418755705,3719,112,127,42,0.92975,0.028,0.03175,0.0105,0.07025000000000003
209,0,209,4000,217,0.001,0.010865824221332225,0.019861829173616976,3713,116,134,37,0.92825,0.029,0.0335,0.00925,0.07174999999999998
210,0,210,4000,218,0.001,0.010918592459798844,0.01970469392495997,3697,128,141,34,0.92425,0.032,0.03525,0.0085,0.07574999999999998
211,0,211,4000,219,0.001,0.01086201903004549,0.01981306941579997,3674,126,150,50,0.9185,0.0315,0.0375,0.0125,0.08150000000000002
212,0,212,4000,220,0.001,0.010631670266930592,0.01993029217029343,3706,133,118,43,0.9265,0.03325,0.0295,0.01075,0.07350000000000001
213,0,213,4000,221,0.001,0.010719117830100284,0.019835897077795005,3712,119,128,41,0.928,0.02975,0.032,0.01025,0.07199999999999995
214,0,214,4000,222,0.001,0.010638798375815148,0.019799990510124463,3707,99,147,47,0.92675,0.02475,0.03675,0.01175,0.07325000000000004
215,0,215,4000,223,0.001,0.010648894508226647,0.019756376113530153,3668,141,154,37,0.917,0.03525,0.0385,0.00925,0.08299999999999996
216,0,216,4000,224,0.001,0.01050343692806574,0.01973591734327867,3696,126,128,50,0.924,0.0315,0.032,0.0125,0.07599999999999996
217,0,217,4000,225,0.001,0.01031805898034393,0.019616964686014367,3729,120,105,46,0.93225,0.03,0.02625,0.0115,0.06774999999999998
218,0,218,4000,226,0.001,0.01032842368384246,0.019715252108569822,3683,127,133,57,0.92075,0.03175,0.03325,0.01425,0.07925000000000004
219,0,219,4000,227,0.001,0.010042549342818986,0.01972560292371622,3705,111,133,51,0.92625,0.02775,0.03325,0.01275,0.07374999999999998
220,0,220,4000,228,0.001,0.009932558103858726,0.01963788838000275,3727,106,126,41,0.93175,0.0265,0.0315,0.01025,0.06825000000000003
221,0,221,4000,229,0.001,0.010123245634401652,0.019596071411093683,3696,119,128,57,0.924,0.02975,0.032,0.01425,0.07599999999999996
222,0,222,4000,230,0.001,0.010442905971014629,0.019528087474679046,3705,110,128,57,0.92625,0.0275,0.032,0.01425,0.07374999999999998
223,0,223,4000,231,0.001,0.010540206369739794,0.019515359174023323,3711,110,129,50,0.92775,0.0275,0.03225,0.0125,0.07225000000000004
224,0,224,4000,232,0.001,0.01040940200791452,0.0195841266782811,3664,137,151,48,0.916,0.03425,0.03775,0.012,0.08399999999999996
225,0,225,4000,233,0.001,0.01039840549329956,0.019654447736352464,3686,124,147,43,0.9215,0.031,0.03675,0.01075,0.07850000000000001
226,0,226,4000,234,0.001,0.010408947191856161,0.01955586611082232,3689,125,136,50,0.92225,0.03125,0.034,0.0125,0.07774999999999999
227,0,227,4000,235,0.001,0.010408533343218378,0.019571061627773934,3738,106,112,44,0.9345,0.0265,0.028,0.011,0.0655
228,0,228,4000,236,0.001,0.010620225933994618,0.01949043472704042,3695,116,137,52,0.92375,0.029,0.03425,0.013,0.07625000000000004
229,0,229,4000,237,0.001,0.010632359963341158,0.019328246854017413,3716,116,127,41,0.929,0.029,0.03175,0.01025,0.07099999999999995
230,0,230,4000,238,0.001,0.010782658575409821,0.019230098556553346,3707,117,127,49,0.92675,0.02925,0.03175,0.01225,0.07325000000000004
231,0,231,4000,239,0.001,0.0104413866711931,0.019234176873125872,3706,113,129,52,0.9265,0.02825,0.03225,0.013,0.07350000000000001
232,0,232,4000,240,0.001,0.010682523662925669,0.019091732178304687,3736,99,130,35,0.934,0.02475,0.0325,0.00875,0.06599999999999995
233,0,233,4000,241,0.001,0.010484916545847982,0.01902740468919936,3707,115,125,53,0.92675,0.02875,0.03125,0.01325,0.07325000000000004
234,0,234,4000,242,0.001,0.010279017216579582,0.019075347478032814,3707,119,138,36,0.92675,0.02975,0.0345,0.009,0.07325000000000004
235,0,235,4000,243,0.001,0.010137543727570687,0.0190131960043868,3734,111,117,38,0.9335,0.02775,0.02925,0.0095,0.0665
236,0,236,4000,244,0.001,0.010274204807307147,0.01894764454128993,3701,115,136,48,0.92525,0.02875,0.034,0.012,0.07474999999999998
237,0,237,4000,245,0.001,0.010380760826863292,0.018860506024101727,3718,109,124,49,0.9295,0.02725,0.031,0.01225,0.07050000000000001
238,0,238,4000,246,0.001,0.010158333124020234,0.01868696109518263,3717,108,128,47,0.92925,0.027,0.032,0.01175,0.07074999999999998
239,0,239,4000,247,0.001,0.01055057368140258,0.01866493519196953,3719,99,136,46,0.92975,0.02475,0.034,0.0115,0.07025000000000003
240,0,240,4000,248,0.001,0.010619360354992266,0.01867183024107145,3731,87,145,37,0.93275,0.02175,0.03625,0.00925,0.06725000000000003
241,0,241,4000,249,0.001,0.010671352706393718,0.01868679888900889,3747,99,115,39,0.93675,0.02475,0.02875,0.00975,0.06325000000000003
242,0,242,4000,250,0.001,0.011072996114234259,0.018592906229913178,3694,119,154,33,0.9235,0.02975,0.0385,0.00825,0.07650000000000001
243,0,243,4000,251,0.001,0.010781503693014624,0.01850171026306474,3710,105,136,49,0.9275,0.02625,0.034,0.01225,0.07250000000000001
244,0,244,4000,252,0.001,0.010534561891062914,0.018586406468312937,3695,129,138,38,0.92375,0.03225,0.0345,0.0095,0.07625000000000004
245,0,245,4000,253,0.001,0.010718637532970464,0.018500274913797903,3708,120,127,45,0.927,0.03,0.03175,0.01125,0.07299999999999995
246,0,246,4000,254,0.001,0.010460550377677867,0.01847479524848379,3727,122,116,35,0.93175,0.0305,0.029,0.00875,0.06825000000000003
247,0,247,4000,255,0.001,0.010758775153253148,0.01820283830670396,3728,113,118,41,0.932,0.02825,0.0295,0.01025,0.06799999999999995
248,0,248,4000,256,0.001,0.010884100507056321,0.018105262783959103,3706,111,146,37,0.9265,0.02775,0.0365,0.00925,0.07350000000000001
249,0,249,4000,257,0.001,0.011112173936364576,0.018007470389871424,3697,119,137,47,0.92425,0.02975,0.03425,0.01175,0.07574999999999998
250,0,250,4000,258,0.001,0.011075090770921406,0.01786684247980747,3712,111,129,48,0.928,0.02775,0.03225,0.012,0.07199999999999995
251,0,251,4000,259,0.001,0.010899639200821789,0.018015426396112085,3687,129,135,49,0.92175,0.03225,0.03375,0.01225,0.07825000000000004
252,0,252,4000,260,0.001,0.0110837549379998,0.017985259580897014,3734,109,119,38,0.9335,0.02725,0.02975,0.0095,0.0665
253,0,253,4000,261,0.001,0.010929720463958948,0.017805878867245835,3717,113,118,52,0.92925,0.02825,0.0295,0.013,0.07074999999999998
254,0,254,4000,262,0.001,0.010870989121578752,0.017812788541987205,3697,123,126,54,0.92425,0.03075,0.0315,0.0135,0.07574999999999998
255,0,255,4000,263,0.001,0.010874178250011857,0.017813409349189586,3724,109,120,47,0.931,0.02725,0.03,0.01175,0.06899999999999995
256,0,256,4000,264,0.001,0.010669816324566471,0.017816781960653026,3707,115,132,46,0.92675,0.02875,0.033,0.0115,0.07325000000000004
257,0,257,4000,265,0.001,0.010682081648659449,0.017955838164433344,3715,113,131,41,0.92875,0.02825,0.03275,0.01025,0.07125000000000004
258,0,258,4000,266,0.001,0.011075428339529922,0.01795213926174156,3700,121,132,47,0.925,0.03025,0.033,0.01175,0.07499999999999996
259,0,259,4000,267,0.001,0.010942167149294746,0.017955641048765365,3714,111,130,45,0.9285,0.02775,0.0325,0.01125,0.07150000000000001
260,0,260,4000,268,0.001,0.010840642894243859,0.017891397667190743,3726,116,126,32,0.9315,0.029,0.0315,0.008,0.0685
261,0,261,4000,269,0.001,0.01084891286385943,0.01779706722407551,3713,117,123,47,0.92825,0.02925,0.03075,0.01175,0.07174999999999998
262,0,262,4000,270,0.001,0.010990134214090432,0.017796675669157103,3721,106,138,35,0.93025,0.0265,0.0345,0.00875,0.06974999999999998
263,0,263,4000,271,0.001,0.011060135875462423,0.017788381665560037,3701,111,145,43,0.92525,0.02775,0.03625,0.01075,0.07474999999999998
264,0,264,4000,272,0.001,0.010934684986011942,0.01770358570958515,3735,111,112,42,0.93375,0.02775,0.028,0.0105,0.06625000000000003
265,0,265,4000,273,0.001,0.010907229785147033,0.01765870967584237,3719,107,130,44,0.92975,0.02675,0.0325,0.011,0.07025000000000003
266,0,266,4000,274,0.001,0.010974010051788947,0.017668266505522605,3710,109,134,47,0.9275,0.02725,0.0335,0.01175,0.07250000000000001
267,0,267,4000,275,0.001,0.0107215487022044,0.01768497863546544,3700,120,133,47,0.925,0.03,0.03325,0.01175,0.07499999999999996
268,0,268,4000,276,0.001,0.010472976618776251,0.01763333087291351,3716,109,130,45,0.929,0.02725,0.0325,0.01125,0.07099999999999995
269,0,269,4000,277,0.001,0.010434105896932682,0.017435803545122384,3725,109,120,46,0.93125,0.02725,0.03,0.0115,0.06874999999999998
270,0,270,4000,278,0.001,0.010472407386504677,0.017460901880093815,3733,95,133,39,0.93325,0.02375,0.03325,0.00975,0.06674999999999998
271,0,271,4000,279,0.001,0.010460802547819743,0.017428470152846657,3746,106,108,40,0.9365,0.0265,0.027,0.01,0.0635
272,0,272,4000,280,0.001,0.010406081815798114,0.01734081620598555,3687,113,145,55,0.92175,0.02825,0.03625,0.01375,0.07825000000000004
273,0,273,4000,281,0.001,0.010372141741852354,0.01729555502563406,3730,106,122,42,0.9325,0.0265,0.0305,0.0105,0.0675
274,0,274,4000,282,0.001,0.010410478820389833,0.017185141416679577,3727,104,114,55,0.93175,0.026,0.0285,0.01375,0.06825000000000003
275,0,275,4000,283,0.001,0.010477596802192062,0.017209463306027344,3770,86,101,43,0.9425,0.0215,0.02525,0.01075,0.057499999999999996
276,0,276,4000,284,0.001,0.010469284235756316,0.017175542823718717,3726,111,120,43,0.9315,0.02775,0.03,0.01075,0.0685
277,0,277,4000,285,0.001,0.01059975221425034,0.01701908265303933,3729,126,107,38,0.93225,0.0315,0.02675,0.0095,0.06774999999999998
278,0,278,4000,286,0.001,0.010711842881879364,0.017053386399658366,3727,115,119,39,0.93175,0.02875,0.02975,0.00975,0.06825000000000003
279,0,279,4000,287,0.001,0.010788518140386286,0.017101717658901634,3725,113,121,41,0.93125,0.02825,0.03025,0.01025,0.06874999999999998
280,0,280,4000,288,0.001,0.010677789259067715,0.017085771653071492,3701,107,142,50,0.92525,0.02675,0.0355,0.0125,0.07474999999999998
281,0,281,4000,289,0.001,0.010825200925310988,0.0171388355774798,3699,128,126,47,0.92475,0.032,0.0315,0.01175,0.07525000000000004
282,0,282,4000,290,0.001,0.010886543478399516,0.01699740355296784,3767,92,104,37,0.94175,0.023,0.026,0.00925,0.058250000000000024
283,0,283,4000,291,0.001,0.011014120901376157,0.017124350652167147,3702,112,145,41,0.9255,0.028,0.03625,0.01025,0.07450000000000001
284,0,284,4000,292,0.001,0.011236055199984728,0.017157738457044058,3724,100,133,43,0.931,0.025,0.03325,0.01075,0.06899999999999995
285,0,285,4000,293,0.001,0.010944519479263889,0.017261992938466864,3733,98,123,46,0.93325,0.0245,0.03075,0.0115,0.06674999999999998
286,0,286,4000,294,0.001,0.010935068551919936,0.017018740973660164,3714,109,124,53,0.9285,0.02725,0.031,0.01325,0.07150000000000001
287,0,287,4000,295,0.001,0.011030510032541376,0.01687952379535221,3677,123,140,60,0.91925,0.03075,0.035,0.015,0.08074999999999999
288,0,288,4000,296,0.001,0.010791221916502364,0.016826027906114826,3709,107,116,68,0.92725,0.02675,0.029,0.017,0.07274999999999998
289,0,289,4000,297,0.001,0.011065740152078944,0.016798943370696987,3744,92,121,43,0.936,0.023,0.03025,0.01075,0.06399999999999995
290,0,290,4000,298,0.001,0.011139938469626286,0.016983740167072207,3736,113,114,37,0.934,0.02825,0.0285,0.00925,0.06599999999999995
291,0,291,4000,299,0.001,0.011478744422157443,0.016983404825489472,3712,115,130,43,0.928,0.02875,0.0325,0.01075,0.07199999999999995
292,0,292,4000,300,0.001,0.01145044021774534,0.016867317762080516,3737,102,120,41,0.93425,0.0255,0.03,0.01025,0.06574999999999998
293,0,293,4000,301,0.001,0.011331548602909022,0.016919853596841793,3702,112,138,48,0.9255,0.028,0.0345,0.012,0.07450000000000001
294,0,294,4000,302,0.001,0.011430694755270952,0.016940877419959192,3728,112,112,48,0.932,0.028,0.028,0.012,0.06799999999999995
295,0,295,4000,303,0.001,0.011649655086783737,0.016873640618655875,3699,101,158,42,0.92475,0.02525,0.0395,0.0105,0.07525000000000004
296,0,296,4000,304,0.001,0.011658439782747044,0.016956764917505356,3741,95,114,50,0.93525,0.02375,0.0285,0.0125,0.06474999999999997
297,0,297,4000,305,0.001,0.01179526896399263,0.017073859495078596,3716,117,121,46,0.929,0.02925,0.03025,0.0115,0.07099999999999995
298,0,298,4000,306,0.001,0.01189467304534564,0.017052919239518915,3719,97,131,53,0.92975,0.02425,0.03275,0.01325,0.07025000000000003
299,0,299,4000,307,0.001,0.01198711149739812,0.016962659719880504,3710,105,132,53,0.9275,0.02625,0.033,0.01325,0.07250000000000001
300,0,300,4000,308,0.001,0.011679219631089494,0.017030726897970222,3704,119,131,46,0.926,0.02975,0.03275,0.0115,0.07399999999999995
301,0,301,4000,309,0.001,0.011688191564525292,0.01707156786061192,3711,112,123,54,0.92775,0.028,0.03075,0.0135,0.07225000000000004
302,0,302,4000,310,0.001,0.011368654691757006,0.017045056458139377,3699,127,128,46,0.92475,0.03175,0.032,0.0115,0.07525000000000004
303,0,303,4000,311,0.001,0.011268683269010704,0.01696863524666571,3735,97,123,45,0.93375,0.02425,0.03075,0.01125,0.06625000000000003
304,0,304,4000,312,0.001,0.010837680267718211,0.016945147898452008,3737,101,122,40,0.93425,0.02525,0.0305,0.01,0.06574999999999998
305,0,305,4000,313,0.001,0.011037141125351448,0.01699324767063838,3721,106,124,49,0.93025,0.0265,0.031,0.01225,0.06974999999999998
306,0,306,4000,314,0.001,0.010936951803418289,0.01700176007347335,3710,111,142,37,0.9275,0.02775,0.0355,0.00925,0.07250000000000001
307,0,307,4000,315,0.001,0.01110831181946589,0.01673571828720793,3718,105,128,49,0.9295,0.02625,0.032,0.01225,0.07050000000000001
308,0,308,4000,316,0.001,0.011103404510104562,0.016800038301926074,3738,100,119,43,0.9345,0.025,0.02975,0.01075,0.0655
309,0,309,4000,317,0.001,0.011259830235151397,0.016980111322627077,3707,109,134,50,0.92675,0.02725,0.0335,0.0125,0.07325000000000004
310,0,310,4000,318,0.001,0.011506839370970691,0.017021367606101706,3735,95,122,48,0.93375,0.02375,0.0305,0.012,0.06625000000000003
311,0,311,4000,319,0.001,0.01158723457219378,0.017110062140901165,3740,101,115,44,0.935,0.02525,0.02875,0.011,0.06499999999999995
312,0,312,4000,320,0.001,0.01149936917324531,0.017116043335406846,3693,129,139,39,0.92325,0.03225,0.03475,0.00975,0.07674999999999998
313,0,313,4000,321,0.001,0.011700616973861017,0.017321787856896354,3699,126,128,47,0.92475,0.0315,0.032,0.01175,0.07525000000000004
314,0,314,4000,322,0.001,0.01168876351271467,0.017326947787963367,3708,99,142,51,0.927,0.02475,0.0355,0.01275,0.07299999999999995
315,0,315,4000,323,0.001,0.011748459551472206,0.017471268157364172,3705,107,126,62,0.92625,0.02675,0.0315,0.0155,0.07374999999999998
316,0,316,4000,324,0.001,0.011762396890754374,0.017628204061011284,3715,119,119,47,0.92875,0.02975,0.02975,0.01175,0.07125000000000004
317,0,317,4000,325,0.001,0.011589065447268624,0.017619600431437586,3715,107,134,44,0.92875,0.02675,0.0335,0.011,0.07125000000000004
318,0,318,4000,326,0.001,0.011569432415931518,0.01770825100384721,3727,84,133,56,0.93175,0.021,0.03325,0.014,0.06825000000000003
319,0,319,4000,327,0.001,0.011798484491327171,0.017567306568035387,3706,116,132,46,0.9265,0.029,0.033,0.0115,0.07350000000000001
320,0,320,4000,328,0.001,0.01163546096616493,0.01761099181591303,3702,125,122,51,0.9255,0.03125,0.0305,0.01275,0.07450000000000001
321,0,321,4000,329,0.001,0.011523722236987766,0.017468749038348268,3688,111,144,57,0.922,0.02775,0.036,0.01425,0.07799999999999996
322,0,322,4000,330,0.001,0.01175141823139246,0.01752814604676363,3733,102,130,35,0.93325,0.0255,0.0325,0.00875,0.06674999999999998
323,0,323,4000,331,0.001,0.011870053730764612,0.017490601475119022,3714,126,115,45,0.9285,0.0315,0.02875,0.01125,0.07150000000000001
324,0,324,4000,332,0.001,0.012095841421198076,0.01747660547547631,3712,116,126,46,0.928,0.029,0.0315,0.0115,0.07199999999999995
325,0,325,4000,333,0.001,0.012335128476762665,0.017395438960382044,3681,119,152,48,0.92025,0.02975,0.038,0.012,0.07974999999999999
326,0,326,4000,334,0.001,0.012184301387225906,0.017425905281441813,3705,122,135,38,0.92625,0.0305,0.03375,0.0095,0.07374999999999998
327,0,327,4000,335,0.001,0.012063834958066493,0.017503450387978698,3715,97,143,45,0.92875,0.02425,0.03575,0.01125,0.07125000000000004
328,0,328,4000,336,0.001,0.012135852506892305,0.01742115326619239,3693,117,139,51,0.92325,0.02925,0.03475,0.01275,0.07674999999999998
329,0,329,4000,337,0.001,0.012170425627081325,0.01739602549737365,3687,109,146,58,0.92175,0.02725,0.0365,0.0145,0.07825000000000004
330,0,330,4000,338,0.001,0.012373592192916734,0.017342770199055835,3707,118,133,42,0.92675,0.0295,0.03325,0.0105,0.07325000000000004
331,0,331,4000,339,0.001,0.01230575757382216,0.017473893889593466,3724,86,138,52,0.931,0.0215,0.0345,0.013,0.06899999999999995
332,0,332,4000,340,0.001,0.012773476251670662,0.01768379475601626,3703,113,138,46,0.92575,0.02825,0.0345,0.0115,0.07425000000000004
333,0,333,4000,341,0.001,0.012806120854002782,0.017715680226723082,3678,115,151,56,0.9195,0.02875,0.03775,0.014,0.08050000000000002
334,0,334,4000,342,0.001,0.013132812586459314,0.017713236746098617,3680,129,131,60,0.92,0.03225,0.03275,0.015,0.07999999999999996
335,0,335,4000,343,0.001,0.01295754275903184,0.017734924305842246,3695,110,131,64,0.92375,0.0275,0.03275,0.016,0.07625000000000004
336,0,336,4000,344,0.001,0.013067846115138265,0.017662009344060422,3704,120,131,45,0.926,0.03,0.03275,0.01125,0.07399999999999995
337,0,337,4000,345,0.001,0.012758599886838438,0.017528336392605016,3700,94,158,48,0.925,0.0235,0.0395,0.012,0.07499999999999996
338,0,338,4000,346,0.001,0.012911685743672904,0.01746249874097383,3679,116,156,49,0.91975,0.029,0.039,0.01225,0.08025000000000004
339,0,339,4000,347,0.001,0.01290341632519868,0.017493754609407615,3696,129,128,47,0.924,0.03225,0.032,0.01175,0.07599999999999996
340,0,340,4000,348,0.001,0.013047244501017623,0.017470264329536266,3717,119,121,43,0.92925,0.02975,0.03025,0.01075,0.07074999999999998
341,0,341,4000,349,0.001,0.013166987641113743,0.017391258300324182,3656,139,142,63,0.914,0.03475,0.0355,0.01575,0.08599999999999997
342,0,342,4000,350,0.001,0.013114644835978139,0.017298816741545393,3658,146,139,57,0.9145,0.0365,0.03475,0.01425,0.08550000000000002
343,0,343,4000,351,0.001,0.013360998279250523,0.017306108418738694,3687,109,155,49,0.92175,0.02725,0.03875,0.01225,0.07825000000000004
344,0,344,4000,352,0.001,0.013233136781724462,0.017280871238932183,3692,117,138,53,0.923,0.02925,0.0345,0.01325,0.07699999999999996
345,0,345,4000,353,0.001,0.01320879108557981,0.01736092321806468,3668,134,146,52,0.917,0.0335,0.0365,0.013,0.08299999999999996
346,0,346,4000,354,0.001,0.012909663849942762,0.01726720263390214,3707,115,133,45,0.92675,0.02875,0.03325,0.01125,0.07325000000000004
347,0,347,4000,355,0.001,0.012854042399631262,0.01753043321717892,3675,139,129,57,0.91875,0.03475,0.03225,0.01425,0.08125000000000004
348,0,348,4000,356,0.001,0.013065178178137663,0.017529288049265825,3672,118,152,58,0.918,0.0295,0.038,0.0145,0.08199999999999996
349,0,349,4000,357,0.001,0.01322757809461983,0.017745031666228858,3703,93,144,60,0.92575,0.02325,0.036,0.015,0.07425000000000004
350,0,350,4000,358,0.001,0.013200829309264752,0.0177183903318191,3716,96,135,53,0.929,0.024,0.03375,0.01325,0.07099999999999995
351,0,351,4000,359,0.001,0.01346321801790913,0.017777807881632395,3697,112,131,60,0.92425,0.028,0.03275,0.015,0.07574999999999998
352,0,352,4000,360,0.001,0.013617484648973641,0.017736985641704336,3705,98,137,60,0.92625,0.0245,0.03425,0.015,0.07374999999999998
353,0,353,4000,361,0.001,0.014022325275442189,0.017917944721863706,3668,126,148,58,0.917,0.0315,0.037,0.0145,0.08299999999999996
354,0,354,4000,362,0.001,0.014155514833216741,0.01799637370567843,3679,113,149,59,0.91975,0.02825,0.03725,0.01475,0.08025000000000004
355,0,355,4000,363,0.001,0.013770062658768133,0.01807014468502815,3712,114,123,51,0.928,0.0285,0.03075,0.01275,0.07199999999999995
356,0,356,4000,364,0.001,0.013751240941323068,0.018123535255610973,3666,111,157,66,0.9165,0.02775,0.03925,0.0165,0.08350000000000002
357,0,357,4000,365,0.001,0.01390773282369229,0.018099406078800145,3662,132,141,65,0.9155,0.033,0.03525,0.01625,0.08450000000000002
358,0,358,4000,366,0.001,0.013589636463654872,0.018146193535307567,3693,127,129,51,0.92325,0.03175,0.03225,0.01275,0.07674999999999998
359,0,359,4000,367,0.001,0.013461359733166792,0.018123174126035133,3677,126,140,57,0.91925,0.0315,0.035,0.01425,0.08074999999999999
360,0,360,4000,368,0.001,0.013360457764347952,0.018099016700509615,3685,104,150,61,0.92125,0.026,0.0375,0.01525,0.07874999999999999
361,0,361,4000,369,0.001,0.012918553572894762,0.018230711413232764,3688,122,142,48,0.922,0.0305,0.0355,0.012,0.07799999999999996
362,0,362,4000,370,0.001,0.01298922279336006,0.018351851339524654,3689,116,150,45,0.92225,0.029,0.0375,0.01125,0.07774999999999999
363,0,363,4000,371,0.001,0.013405191159322047,0.01836411065178093,3696,114,140,50,0.924,0.0285,0.035,0.0125,0.07599999999999996
364,0,364,4000,372,0.001,0.013064703908153931,0.01828472196674297,3712,117,123,48,0.928,0.02925,0.03075,0.012,0.07199999999999995
365,0,365,4000,373,0.001,0.012843323011974592,0.01824453450242847,3702,107,135,56,0.9255,0.02675,0.03375,0.014,0.07450000000000001
366,0,366,4000,374,0.001,0.012879252607587786,0.018054315775726144,3699,116,130,55,0.92475,0.029,0.0325,0.01375,0.07525000000000004
367,0,367,4000,375,0.001,0.012967747706256097,0.017913280110397556,3670,124,147,59,0.9175,0.031,0.03675,0.01475,0.08250000000000002
368,0,368,4000,376,0.001,0.013047220758816098,0.01791233099587986,3681,125,141,53,0.92025,0.03125,0.03525,0.01325,0.07974999999999999
369,0,369,4000,377,0.001,0.013004494510977582,0.017915026690285725,3705,87,146,62,0.92625,0.02175,0.0365,0.0155,0.07374999999999998
370,0,370,4000,378,0.001,0.012916538907831242,0.01786377954594531,3679,96,163,62,0.91975,0.024,0.04075,0.0155,0.08025000000000004
371,0,371,4000,379,0.001,0.012599987629657469,0.01787081681446038,3654,137,149,60,0.9135,0.03425,0.03725,0.015,0.08650000000000002
372,0,372,4000,380,0.001,0.01298909437178213,0.01807886632074884,3677,128,140,55,0.91925,0.032,0.035,0.01375,0.08074999999999999
373,0,373,4000,381,0.001,0.013273457891091118,0.018159446480833993,3684,126,141,49,0.921,0.0315,0.03525,0.01225,0.07899999999999996
374,0,374,4000,382,0.001,0.013158161866275123,0.01831372155965562,3679,125,139,57,0.91975,0.03125,0.03475,0.01425,0.08025000000000004
375,0,375,4000,383,0.001,0.013166936355386929,0.01831683400867931,3702,114,125,59,0.9255,0.0285,0.03125,0.01475,0.07450000000000001
376,0,376,4000,384,0.001,0.013128690929019075,0.01833603019858114,3673,131,152,44,0.91825,0.03275,0.038,0.011,0.08174999999999999
377,0,377,4000,385,0.001,0.013061647948701464,0.018337651981643832,3685,114,147,54,0.92125,0.0285,0.03675,0.0135,0.07874999999999999
378,0,378,4000,386,0.001,0.01286472812695601,0.01831028561116978,3673,126,140,61,0.91825,0.0315,0.035,0.01525,0.08174999999999999
379,0,379,4000,387,0.001,0.013340839420945976,0.018313326208373587,3720,103,114,63,0.93,0.02575,0.0285,0.01575,0.06999999999999995
380,0,380,4000,388,0.001,0.013313107307991623,0.01837656363628409,3688,117,143,52,0.922,0.02925,0.03575,0.013,0.07799999999999996
381,0,381,4000,389,0.001,0.013474731672332315,0.018275186750366882,3668,122,151,59,0.917,0.0305,0.03775,0.01475,0.08299999999999996
382,0,382,4000,390,0.001,0.013453299915771669,0.01837701433446036,3688,102,144,66,0.922,0.0255,0.036,0.0165,0.07799999999999996
383,0,383,4000,391,0.001,0.01352726744158609,0.018399209738810537,3716,100,128,56,0.929,0.025,0.032,0.014,0.07099999999999995
384,0,384,4000,392,0.001,0.013858070975307835,0.01834143246284657,3685,115,134,66,0.92125,0.02875,0.0335,0.0165,0.07874999999999999
385,0,385,4000,393,0.001,0.01389462015432936,0.018299426596321063,3677,103,168,52,0.91925,0.02575,0.042,0.013,0.08074999999999999
386,0,386,4000,394,0.001,0.014212681800144608,0.01811424055639341,3623,153,149,75,0.90575,0.03825,0.03725,0.01875,0.09424999999999994
387,0,387,4000,395,0.001,0.014098653461047855,0.01807132485979062,3670,118,159,53,0.9175,0.0295,0.03975,0.01325,0.08250000000000002
388,0,388,4000,396,0.001,0.014251361385682176,0.018141952407401574,3664,124,143,69,0.916,0.031,0.03575,0.01725,0.08399999999999996
389,0,389,4000,397,0.001,0.01455040023772992,0.017994549123167843,3640,133,155,72,0.91,0.03325,0.03875,0.018,0.08999999999999997
390,0,390,4000,398,0.001,0.014720495239536016,0.01797522113673901,3688,118,143,51,0.922,0.0295,0.03575,0.01275,0.07799999999999996
391,0,391,4000,399,0.001,0.014607370192084385,0.01803917799007626,3662,140,137,61,0.9155,0.035,0.03425,0.01525,0.08450000000000002
392,0,392,4000,400,0.001,0.014443342275537254,0.01784148666054483,3677,126,134,63,0.91925,0.0315,0.0335,0.01575,0.08074999999999999
393,0,393,4000,401,0.001,0.014389298577752726,0.01770170957538064,3697,100,145,58,0.92425,0.025,0.03625,0.0145,0.07574999999999998
394,0,394,4000,402,0.001,0.014279515413538588,0.017748865051755748,3697,122,129,52,0.92425,0.0305,0.03225,0.013,0.07574999999999998
395,0,395,4000,403,0.001,0.01436191536266142,0.017917554996653606,3660,133,147,60,0.915,0.03325,0.03675,0.015,0.08499999999999996
396,0,396,4000,404,0.001,0.01434198441327272,0.017774221837598823,3671,112,145,72,0.91775,0.028,0.03625,0.018,0.08225000000000005
397,0,397,4000,405,0.001,0.014210765041945588,0.017692283415136196,3648,124,162,66,0.912,0.031,0.0405,0.0165,0.08799999999999997
398,0,398,4000,406,0.001,0.013987200010253938,0.017745820134637737,3656,124,156,64,0.914,0.031,0.039,0.016,0.08599999999999997
399,0,399,4000,407,0.001,0.013878153542660893,0.01755808285296904,3678,123,151,48,0.9195,0.03075,0.03775,0.012,0.08050000000000002
400,1,0,4000,409,0.001,0.009877736522973886,0.01975479069482438,3662,138,155,45,0.9155,0.0345,0.03875,0.01125,0.08450000000000002
401,1,1,4000,410,0.001,0.00942399756561284,0.01978009877062509,3721,114,134,31,0.93025,0.0285,0.0335,0.00775,0.06974999999999998
402,1,2,4000,411,0.001,0.009706166456197466,0.019710621403627462,3718,97,139,46,0.9295,0.02425,0.03475,0.0115,0.07050000000000001
403,1,3,4000,412,0.001,0.009537250570917637,0.01975328549310081,3718,97,141,44,0.9295,0.02425,0.03525,0.011,0.07050000000000001
404,1,4,4000,413,0.001,0.00930520247431277,0.019837447870338122,3723,102,135,40,0.93075,0.0255,0.03375,0.01,0.06925000000000003
405,1,5,4000,414,0.001,0.009604261773341952,0.01978042247929546,3694,126,139,41,0.9235,0.0315,0.03475,0.01025,0.07650000000000001
406,1,6,4000,415,0.001,0.009757604156232353,0.019671169889089356,3690,139,133,38,0.9225,0.03475,0.03325,0.0095,0.07750000000000001
407,1,7,4000,416,0.001,0.010020525192672405,0.019774467067650257,3698,135,129,38,0.9245,0.03375,0.03225,0.0095,0.07550000000000001
408,1,8,4000,417,0.001,0.010180452299902942,0.01997493324650355,3701,107,145,47,0.92525,0.02675,0.03625,0.01175,0.07474999999999998
409,1,9,4000,418,0.001,0.010571198068398678,0.020132824431867924,3705,120,136,39,0.92625,0.03,0.034,0.00975,0.07374999999999998
410,1,10,4000,419,0.001,0.010463310499087854,0.020081746587289017,3701,120,133,46,0.92525,0.03,0.03325,0.0115,0.07474999999999998
411,1,11,4000,420,0.001,0.010533716170424763,0.020158095468469327,3684,121,147,48,0.921,0.03025,0.03675,0.012,0.07899999999999996
412,1,12,4000,421,0.001,0.010682210953088436,0.020273409659392207,3698,123,134,45,0.9245,0.03075,0.0335,0.01125,0.07550000000000001
413,1,13,4000,422,0.001,0.010703376670950627,0.020367156851049607,3683,122,153,42,0.92075,0.0305,0.03825,0.0105,0.07925000000000004
414,1,14,4000,423,0.001,0.01059637050848976,0.02027122228735794,3681,136,131,52,0.92025,0.034,0.03275,0.013,0.07974999999999999
415,1,15,4000,424,0.001,0.010900783525418187,0.020410711298242134,3706,107,140,47,0.9265,0.02675,0.035,0.01175,0.07350000000000001
416,1,16,4000,425,0.001,0.010981584517169993,0.020211201577395622,3701,111,149,39,0.92525,0.02775,0.03725,0.00975,0.07474999999999998
417,1,17,4000,426,0.001,0.011008975480438173,0.020271954406941836,3712,124,117,47,0.928,0.031,0.02925,0.01175,0.07199999999999995
418,1,18,4000,427,0.001,0.010964841382206022,0.020208659069290136,3714,112,142,32,0.9285,0.028,0.0355,0.008,0.07150000000000001
419,1,19,4000,428,0.001,0.01070299734795869,0.02015440485655993,3718,124,125,33,0.9295,0.031,0.03125,0.00825,0.07050000000000001
420,1,20,4000,429,0.001,0.010618156091996811,0.020155497791630242,3701,120,138,41,0.92525,0.03,0.0345,0.01025,0.07474999999999998
421,1,21,4000,430,0.001,0.010494541711128916,0.020187663998156944,3712,114,129,45,0.928,0.0285,0.03225,0.01125,0.07199999999999995
422,1,22,4000,431,0.001,0.010435109482728546,0.020333849059169264,3708,115,132,45,0.927,0.02875,0.033,0.01125,0.07299999999999995
423,1,23,4000,432,0.001,0.010581510666897128,0.020488143843928365,3706,117,135,42,0.9265,0.02925,0.03375,0.0105,0.07350000000000001
424,1,24,4000,433,0.001,0.0107047630916947,0.020406421018796143,3728,98,132,42,0.932,0.0245,0.033,0.0105,0.06799999999999995
425,1,25,4000,434,0.001,0.010613971865277915,0.02039735647928069,3677,140,140,43,0.91925,0.035,0.035,0.01075,0.08074999999999999
426,1,26,4000,435,0.001,0.010533675944748112,0.020535693264850653,3685,132,145,38,0.92125,0.033,0.03625,0.0095,0.07874999999999999
427,1,27,4000,436,0.001,0.010414492082796298,0.020646515557902107,3703,123,126,48,0.92575,0.03075,0.0315,0.012,0.07425000000000004
428,1,28,4000,437,0.001,0.01055042571353272,0.020592892810153023,3675,120,159,46,0.91875,0.03,0.03975,0.0115,0.08125000000000004
429,1,29,4000,438,0.001,0.01039490909670484,0.020702101695209977,3710,120,144,26,0.9275,0.03,0.036,0.0065,0.07250000000000001
430,1,30,4000,439,0.001,0.01051132561368295,0.020605710713519697,3706,115,140,39,0.9265,0.02875,0.035,0.00975,0.07350000000000001
431,1,31,4000,440,0.001,0.010468548316695329,0.020628836538514078,3693,120,137,50,0.92325,0.03,0.03425,0.0125,0.07674999999999998
432,1,32,4000,441,0.001,0.01059655879185851,0.020647653355549966,3700,119,142,39,0.925,0.02975,0.0355,0.00975,0.07499999999999996
433,1,33,4000,442,0.001,0.010671249329233813,0.02053797397104723,3702,117,131,50,0.9255,0.02925,0.03275,0.0125,0.07450000000000001
434,1,34,4000,443,0.001,0.010966787481762537,0.020552945731109152,3682,113,164,41,0.9205,0.02825,0.041,0.01025,0.07950000000000002
435,1,35,4000,444,0.001,0.011326049264572445,0.02058237310877291,3694,100,158,48,0.9235,0.025,0.0395,0.012,0.07650000000000001
436,1,36,4000,445,0.001,0.011551351086587794,0.02050086743793699,3691,131,127,51,0.92275,0.03275,0.03175,0.01275,0.07725000000000004
437,1,37,4000,446,0.001,0.01184498655614433,0.02048778053037274,3674,133,145,48,0.9185,0.03325,0.03625,0.012,0.08150000000000002
438,1,38,4000,447,0.001,0.011708629097383263,0.02031793439389389,3685,127,149,39,0.92125,0.03175,0.03725,0.00975,0.07874999999999999
439,1,39,4000,448,0.001,0.011470450887289397,0.020246109153727817,3653,127,164,56,0.91325,0.03175,0.041,0.014,0.08675
440,1,40,4000,449,0.001,0.011654092994312706,0.020027612688930635,3704,121,132,43,0.926,0.03025,0.033,0.01075,0.07399999999999995
441,1,41,4000,450,0.001,0.01197265375770889,0.020181536666292858,3681,139,126,54,0.92025,0.03475,0.0315,0.0135,0.07974999999999999
442,1,42,4000,451,0.001,0.012156825296932513,0.020164215507824657,3685,128,145,42,0.92125,0.032,0.03625,0.0105,0.07874999999999999
443,1,43,4000,452,0.001,0.011888013425941436,0.020305088426852184,3683,123,142,52,0.92075,0.03075,0.0355,0.013,0.07925000000000004
444,1,44,4000,453,0.001,0.011677910621934259,0.020332235072523384,3682,121,148,49,0.9205,0.03025,0.037,0.01225,0.07950000000000002
445,1,45,4000,454,0.001,0.011699564236656107,0.020147612395193398,3711,101,152,36,0.92775,0.02525,0.038,0.009,0.07225000000000004
446,1,46,4000,455,0.001,0.011842601418693923,0.020155982421241274,3707,103,141,49,0.92675,0.02575,0.03525,0.01225,0.07325000000000004
447,1,47,4000,456,0.001,0.011972162059576234,0.020042060411800424,3678,134,142,46,0.9195,0.0335,0.0355,0.0115,0.08050000000000002
448,1,48,4000,457,0.001,0.012058770994476973,0.02019734257224569,3672,124,159,45,0.918,0.031,0.03975,0.01125,0.08199999999999996
449,1,49,4000,458,0.001,0.012038175428139463,0.020223324159107027,3696,133,133,38,0.924,0.03325,0.03325,0.0095,0.07599999999999996
450,1,50,4000,459,0.001,0.011703254012676816,0.020259299061717223,3685,118,140,57,0.92125,0.0295,0.035,0.01425,0.07874999999999999
451,1,51,4000,460,0.001,0.011642407990701048,0.02027466457899881,3682,139,139,40,0.9205,0.03475,0.03475,0.01,0.07950000000000002
452,1,52,4000,461,0.001,0.01147597123088014,0.02031074842759342,3716,121,118,45,0.929,0.03025,0.0295,0.01125,0.07099999999999995
453,1,53,4000,462,0.001,0.011613569151317484,0.020396834391546537,3709,114,129,48,0.92725,0.0285,0.03225,0.012,0.07274999999999998
454,1,54,4000,463,0.001,0.011628307283705726,0.020189972358198388,3701,125,132,42,0.92525,0.03125,0.033,0.0105,0.07474999999999998
455,1,55,4000,464,0.001,0.01156311250550557,0.020268797914328344,3688,108,150,54,0.922,0.027,0.0375,0.0135,0.07799999999999996
456,1,56,4000,465,0.001,0.011450394769909446,0.020286612613416178,3679,143,129,49,0.91975,0.03575,0.03225,0.01225,0.08025000000000004
457,1,57,4000,466,0.001,0.011296506024066585,0.020249108951213114,3678,126,140,56,0.9195,0.0315,0.035,0.014,0.08050000000000002
458,1,58,4000,467,0.001,0.010966379148041529,0.020301281220330408,3718,116,130,36,0.9295,0.029,0.0325,0.009,0.07050000000000001
459,1,59,4000,468,0.001,0.010742290688347193,0.020221007192980256,3698,122,134,46,0.9245,0.0305,0.0335,0.0115,0.07550000000000001
460,1,60,4000,469,0.001,0.010644202328100143,0.0203072839874308,3713,113,128,46,0.92825,0.02825,0.032,0.0115,0.07174999999999998
461,1,61,4000,470,0.001,0.010554087168843299,0.02036213081196497,3701,110,142,47,0.92525,0.0275,0.0355,0.01175,0.07474999999999998
462,1,62,4000,471,0.001,0.010668503595566462,0.020442917467209484,3710,116,133,41,0.9275,0.029,0.03325,0.01025,0.07250000000000001
463,1,63,4000,472,0.001,0.011013779238185186,0.020598346893011692,3697,124,146,33,0.92425,0.031,0.0365,0.00825,0.07574999999999998
464,1,64,4000,473,0.001,0.010947802133520475,0.020486875587885638,3725,111,130,34,0.93125,0.02775,0.0325,0.0085,0.06874999999999998
465,1,65,4000,474,0.001,0.01148928423581804,0.020597302159621512,3717,119,121,43,0.92925,0.02975,0.03025,0.01075,0.07074999999999998
466,1,66,4000,475,0.001,0.011598482103236524,0.02060977796927548,3653,133,168,46,0.91325,0.03325,0.042,0.0115,0.08675
467,1,67,4000,476,0.001,0.011543947271348597,0.020655243777186374,3681,128,136,55,0.92025,0.032,0.034,0.01375,0.07974999999999999
468,1,68,4000,477,0.001,0.011923139469158165,0.020581110171132348,3654,126,164,56,0.9135,0.0315,0.041,0.014,0.08650000000000002
469,1,69,4000,478,0.001,0.012030129933510556,0.02070163213629324,3649,122,165,64,0.91225,0.0305,0.04125,0.016,0.08775
470,1,70,4000,479,0.001,0.012315745693276594,0.0207506787151083,3680,126,147,47,0.92,0.0315,0.03675,0.01175,0.07999999999999996
471,1,71,4000,480,0.001,0.012385323513376728,0.02088066096599961,3669,121,162,48,0.91725,0.03025,0.0405,0.012,0.08274999999999999
472,1,72,4000,481,0.001,0.012382501779170618,0.02109957909354975,3670,124,161,45,0.9175,0.031,0.04025,0.01125,0.08250000000000002
473,1,73,4000,482,0.001,0.012482401883428406,0.02111943858048487,3696,111,147,46,0.924,0.02775,0.03675,0.0115,0.07599999999999996
474,1,74,4000,483,0.001,0.012311728867409772,0.02119422653979099,3691,96,154,59,0.92275,0.024,0.0385,0.01475,0.07725000000000004
475,1,75,4000,484,0.001,0.012066658843594754,0.021164792846463963,3654,124,173,49,0.9135,0.031,0.04325,0.01225,0.08650000000000002
476,1,76,4000,485,0.001,0.012213669663675597,0.02101785615515322,3668,122,162,48,0.917,0.0305,0.0405,0.012,0.08299999999999996
477,1,77,4000,486,0.001,0.012164961590534054,0.021205382217051556,3654,144,153,49,0.9135,0.036,0.03825,0.01225,0.08650000000000002
478,1,78,4000,487,0.001,0.012489216862694434,0.021112296243107224,3712,122,128,38,0.928,0.0305,0.032,0.0095,0.07199999999999995
479,1,79,4000,488,0.001,0.012201427019404175,0.021138770109769577,3646,121,178,55,0.9115,0.03025,0.0445,0.01375,0.08850000000000002
480,1,80,4000,489,0.001,0.012373644950747354,0.021045154631333225,3677,120,146,57,0.91925,0.03,0.0365,0.01425,0.08074999999999999
481,1,81,4000,490,0.001,0.01234131543668882,0.021082772661475763,3684,121,143,52,0.921,0.03025,0.03575,0.013,0.07899999999999996
482,1,82,4000,491,0.001,0.012139045212612783,0.021223262715547277,3693,122,139,46,0.92325,0.0305,0.03475,0.0115,0.07674999999999998
483,1,83,4000,492,0.001,0.01220247334744412,0.021435313370906234,3670,135,156,39,0.9175,0.03375,0.039,0.00975,0.08250000000000002
484,1,84,4000,493,0.001,0.012140777022744,0.021366177940160117,3684,121,142,53,0.921,0.03025,0.0355,0.01325,0.07899999999999996
485,1,85,4000,494,0.001,0.012038013474084498,0.021481046176266505,3651,143,153,53,0.91275,0.03575,0.03825,0.01325,0.08725000000000005
486,1,86,4000,495,0.001,0.011951854100550531,0.021456429964312428,3676,127,150,47,0.919,0.03175,0.0375,0.01175,0.08099999999999996
487,1,87,4000,496,0.001,0.011672373793329076,0.021443216833493706,3699,114,127,60,0.92475,0.0285,0.03175,0.015,0.07525000000000004
488,1,88,4000,497,0.001,0.01154558388806706,0.021182781057589924,3683,131,130,56,0.92075,0.03275,0.0325,0.014,0.07925000000000004
489,1,89,4000,498,0.001,0.01161993452445586,0.02115861606251663,3687,120,139,54,0.92175,0.03,0.03475,0.0135,0.07825000000000004
490,1,90,4000,499,0.001,0.011595106923009656,0.021025957318372226,3672,123,143,62,0.918,0.03075,0.03575,0.0155,0.08199999999999996
491,1,91,4000,500,0.001,0.010926975992047536,0.02098082041928208,3699,123,129,49,0.92475,0.03075,0.03225,0.01225,0.07525000000000004
492,1,92,4000,501,0.001,0.010965586019734973,0.020975596362637308,3701,116,145,38,0.92525,0.029,0.03625,0.0095,0.07474999999999998
493,1,93,4000,502,0.001,0.010969058955848272,0.020997017405139796,3679,124,140,57,0.91975,0.031,0.035,0.01425,0.08025000000000004
494,1,94,4000,503,0.001,0.01105276740778377,0.02105940890585224,3677,120,157,46,0.91925,0.03,0.03925,0.0115,0.08074999999999999
495,1,95,4000,504,0.001,0.010977138664657542,0.021194204767330506,3727,96,128,49,0.93175,0.024,0.032,0.01225,0.06825000000000003
496,1,96,4000,505,0.001,0.011063368105922964,0.021384571441123542,3676,114,147,63,0.919,0.0285,0.03675,0.01575,0.08099999999999996
497,1,97,4000,506,0.001,0.010665556327155,0.02138027036976696,3681,124,154,41,0.92025,0.031,0.0385,0.01025,0.07974999999999999
498,1,98,4000,507,0.001,0.010773604185476047,0.02146713328814164,3667,119,167,47,0.91675,0.02975,0.04175,0.01175,0.08325000000000005
499,1,99,4000,508,0.001,0.01103183531941413,0.021334953934173853,3679,131,147,43,0.91975,0.03275,0.03675,0.01075,0.08025000000000004
500,1,100,4000,509,0.001,0.010985013354897228,0.021562009345411977,3686,120,148,46,0.9215,0.03,0.037,0.0115,0.07850000000000001
501,1,101,4000,510,0.001,0.011060304030847484,0.021659787504631326,3688,121,151,40,0.922,0.03025,0.03775,0.01,0.07799999999999996
502,1,102,4000,511,0.001,0.0111097045324128,0.021597015256706674,3690,116,150,44,0.9225,0.029,0.0375,0.011,0.07750000000000001
503,1,103,4000,512,0.001,0.01131308146390698,0.02158459573634484,3699,109,152,40,0.92475,0.02725,0.038,0.01,0.07525000000000004
504,1,104,4000,513,0.001,0.01125482743158551,0.02153051907695483,3697,112,143,48,0.92425,0.028,0.03575,0.012,0.07574999999999998
505,1,105,4000,514,0.001,0.011398370193570059,0.0214898316015571,3674,132,142,52,0.9185,0.033,0.0355,0.013,0.08150000000000002
506,1,106,4000,515,0.001,0.011364355816002678,0.021459228625261256,3662,124,158,56,0.9155,0.031,0.0395,0.014,0.08450000000000002
507,1,107,4000,516,0.001,0.01142110435285122,0.02151434080707547,3678,140,147,35,0.9195,0.035,0.03675,0.00875,0.08050000000000002
508,1,108,4000,517,0.001,0.011280751248801705,0.021495617093309285,3695,130,134,41,0.92375,0.0325,0.0335,0.01025,0.07625000000000004
509,1,109,4000,518,0.001,0.011482096223770376,0.02132546955642545,3673,126,156,45,0.91825,0.0315,0.039,0.01125,0.08174999999999999
510,1,110,4000,519,0.001,0.011797403324506708,0.021587059796560962,3695,105,154,46,0.92375,0.02625,0.0385,0.0115,0.07625000000000004
511,1,111,4000,520,0.001,0.011616457911311157,0.021547115944015767,3653,119,172,56,0.91325,0.02975,0.043,0.014,0.08675
512,1,112,4000,521,0.001,0.011754998475757755,0.021572199753017485,3666,121,161,52,0.9165,0.03025,0.04025,0.013,0.08350000000000002
513,1,113,4000,522,0.001,0.011601997945713382,0.021532246303836218,3707,125,116,52,0.92675,0.03125,0.029,0.013,0.07325000000000004
514,1,114,4000,523,0.001,0.011560171398258367,0.021542919540458914,3669,122,148,61,0.91725,0.0305,0.037,0.01525,0.08274999999999999
515,1,115,4000,524,0.001,0.011468752152643685,0.021537888503445006,3639,152,151,58,0.90975,0.038,0.03775,0.0145,0.09025000000000005
516,1,116,4000,525,0.001,0.011700323043157372,0.021459200892694777,3669,131,161,39,0.91725,0.03275,0.04025,0.00975,0.08274999999999999
517,1,117,4000,526,0.001,0.011993551132015008,0.0214372970957048,3693,126,133,48,0.92325,0.0315,0.03325,0.012,0.07674999999999998
518,1,118,4000,527,0.001,0.011991616003157792,0.021526606809314622,3675,136,128,61,0.91875,0.034,0.032,0.01525,0.08125000000000004
519,1,119,4000,528,0.001,0.01235185792130015,0.02135218049857047,3669,124,159,48,0.91725,0.031,0.03975,0.012,0.08274999999999999
520,1,120,4000,529,0.001,0.012669577671130534,0.02159301484372645,3655,130,160,55,0.91375,0.0325,0.04,0.01375,0.08625000000000005
521,1,121,4000,530,0.001,0.012730717486452459,0.021799562917367295,3662,130,153,55,0.9155,0.0325,0.03825,0.01375,0.08450000000000002
522,1,122,4000,531,0.001,0.012688083504677119,0.021707482474804397,3668,118,164,50,0.917,0.0295,0.041,0.0125,0.08299999999999996
523,1,123,4000,532,0.001,0.01272085996158346,0.021750145487913226,3672,123,150,55,0.918,0.03075,0.0375,0.01375,0.08199999999999996
524,1,124,4000,533,0.001,0.01292666956599584,0.021649166425538095,3657,129,168,46,0.91425,0.03225,0.042,0.0115,0.08574999999999999
525,1,125,4000,534,0.001,0.01286779813253142,0.0216591659159327,3666,130,154,50,0.9165,0.0325,0.0385,0.0125,0.08350000000000002
526,1,126,4000,535,0.001,0.012857630884284849,0.02157036947968123,3644,130,172,54,0.911,0.0325,0.043,0.0135,0.08899999999999997
527,1,127,4000,536,0.001,0.012894990836127924,0.021490432562449393,3615,167,167,51,0.90375,0.04175,0.04175,0.01275,0.09624999999999995
528,1,128,4000,537,0.001,0.012785278256394727,0.021415390438274586,3637,136,169,58,0.90925,0.034,0.04225,0.0145,0.09075
529,1,129,4000,538,0.001,0.012763976269427912,0.021288239890654564,3682,140,133,45,0.9205,0.035,0.03325,0.01125,0.07950000000000002
530,1,130,4000,539,0.001,0.012578891977143243,0.021339849041426526,3671,120,156,53,0.91775,0.03,0.039,0.01325,0.08225000000000005
531,1,131,4000,540,0.001,0.012240738256881139,0.02114577452122182,3673,129,143,55,0.91825,0.03225,0.03575,0.01375,0.08174999999999999
532,1,132,4000,541,0.001,0.012373290997486634,0.020993777311261723,3714,118,127,41,0.9285,0.0295,0.03175,0.01025,0.07150000000000001
533,1,133,4000,542,0.001,0.012496798483288107,0.021083944855086294,3669,141,147,43,0.91725,0.03525,0.03675,0.01075,0.08274999999999999
534,1,134,4000,543,0.001,0.012415891180028976,0.020926422460571425,3701,119,132,48,0.92525,0.02975,0.033,0.012,0.07474999999999998
535,1,135,4000,544,0.001,0.012283205048428357,0.020991846088814207,3655,139,155,51,0.91375,0.03475,0.03875,0.01275,0.08625000000000005
536,1,136,4000,545,0.001,0.01210946095230062,0.021065502876287955,3684,118,142,56,0.921,0.0295,0.0355,0.014,0.07899999999999996
537,1,137,4000,546,0.001,0.011816632059370863,0.0210482608014023,3679,123,156,42,0.91975,0.03075,0.039,0.0105,0.08025000000000004
538,1,138,4000,547,0.001,0.01177528560895465,0.021011214249274202,3681,132,146,41,0.92025,0.033,0.0365,0.01025,0.07974999999999999
539,1,139,4000,548,0.001,0.011898824430393421,0.020993905696172734,3685,131,140,44,0.92125,0.03275,0.035,0.011,0.07874999999999999
540,1,140,4000,549,0.001,0.012090914721530913,0.02100430495573303,3683,104,166,47,0.92075,0.026,0.0415,0.01175,0.07925000000000004
541,1,141,4000,550,0.001,0.012631246354822939,0.02100860572203911,3673,122,147,58,0.91825,0.0305,0.03675,0.0145,0.08174999999999999
542,1,142,4000,551,0.001,0.012544695630530065,0.02106667059296332,3639,143,169,49,0.90975,0.03575,0.04225,0.01225,0.09025000000000005
543,1,143,4000,552,0.001,0.012416182363756375,0.021105419585509672,3691,101,155,53,0.92275,0.02525,0.03875,0.01325,0.07725000000000004
544,1,144,4000,553,0.001,0.012404232866527433,0.021040565844474623,3696,110,147,47,0.924,0.0275,0.03675,0.01175,0.07599999999999996
545,1,145,4000,554,0.001,0.012458117483167748,0.02098886384453922,3676,134,155,35,0.919,0.0335,0.03875,0.00875,0.08099999999999996
546,1,146,4000,555,0.001,0.012484579920081907,0.021090598972527283,3639,132,163,66,0.90975,0.033,0.04075,0.0165,0.09025000000000005
547,1,147,4000,556,0.001,0.012906585695900108,0.0211208649138064,3653,144,151,52,0.91325,0.036,0.03775,0.013,0.08675
548,1,148,4000,557,0.001,0.012740005462170637,0.021263616202291148,3679,123,140,58,0.91975,0.03075,0.035,0.0145,0.08025000000000004
549,1,149,4000,558,0.001,0.01268910730534404,0.02139618786040241,3665,135,140,60,0.91625,0.03375,0.035,0.015,0.08374999999999999
550,1,150,4000,559,0.001,0.01273298835921259,0.021375119869411985,3681,120,152,47,0.92025,0.03,0.038,0.01175,0.07974999999999999
551,1,151,4000,560,0.001,0.013228834826009218,0.02150311164998672,3656,148,150,46,0.914,0.037,0.0375,0.0115,0.08599999999999997
552,1,152,4000,561,0.001,0.01320413759999737,0.021606644970885238,3642,157,152,49,0.9105,0.03925,0.038,0.01225,0.08950000000000002
553,1,153,4000,562,0.001,0.013183553639680413,0.02164598797033207,3671,133,145,51,0.91775,0.03325,0.03625,0.01275,0.08225000000000005
554,1,154,4000,563,0.001,0.013250692921064622,0.021618541302428004,3648,137,157,58,0.912,0.03425,0.03925,0.0145,0.08799999999999997
555,1,155,4000,564,0.001,0.013372176527356719,0.021410515798377716,3693,125,141,41,0.92325,0.03125,0.03525,0.01025,0.07674999999999998
556,1,156,4000,565,0.001,0.013210715560743033,0.021307891381756282,3658,144,149,49,0.9145,0.036,0.03725,0.01225,0.08550000000000002
557,1,157,4000,566,0.001,0.013210338127794445,0.02125281399130593,3687,129,143,41,0.92175,0.03225,0.03575,0.01025,0.07825000000000004
558,1,158,4000,567,0.001,0.01304743747051138,0.021265773666493553,3640,145,153,62,0.91,0.03625,0.03825,0.0155,0.08999999999999997
559,1,159,4000,568,0.001,0.013273071085672418,0.02131918253431242,3660,153,138,49,0.915,0.03825,0.0345,0.01225,0.08499999999999996
560,1,160,4000,569,0.001,0.01355649123170586,0.02117871240315929,3646,138,149,67,0.9115,0.0345,0.03725,0.01675,0.08850000000000002
561,1,161,4000,570,0.001,0.013696143305527255,0.021232856148235384,3657,135,153,55,0.91425,0.03375,0.03825,0.01375,0.08574999999999999
562,1,162,4000,571,0.001,0.013682225423559478,0.021194927692947615,3668,103,172,57,0.917,0.02575,0.043,0.01425,0.08299999999999996
563,1,163,4000,572,0.001,0.013721469100290701,0.021053373845929466,3637,138,184,41,0.90925,0.0345,0.046,0.01025,0.09075
564,1,164,4000,573,0.001,0.01345883257343536,0.02114657307286825,3679,139,136,46,0.91975,0.03475,0.034,0.0115,0.08025000000000004
565,1,165,4000,574,0.001,0.013403201161555111,0.021274264585672473,3672,117,156,55,0.918,0.02925,0.039,0.01375,0.08199999999999996
566,1,166,4000,575,0.001,0.013295794682327377,0.021244665139301344,3683,140,135,42,0.92075,0.035,0.03375,0.0105,0.07925000000000004
567,1,167,4000,576,0.001,0.013530022616706695,0.021125884117378743,3659,119,160,62,0.91475,0.02975,0.04,0.0155,0.08525000000000005
568,1,168,4000,577,0.001,0.013532775693648769,0.02121937623248192,3678,120,142,60,0.9195,0.03,0.0355,0.015,0.08050000000000002
569,1,169,4000,578,0.001,0.013559744872153843,0.02125414060297582,3654,144,155,47,0.9135,0.036,0.03875,0.01175,0.08650000000000002
570,1,170,4000,579,0.001,0.013623318245416124,0.02120416205111736,3675,109,150,66,0.91875,0.02725,0.0375,0.0165,0.08125000000000004
571,1,171,4000,580,0.001,0.01350290582222877,0.021246572280334226,3669,124,148,59,0.91725,0.031,0.037,0.01475,0.08274999999999999
572,1,172,4000,581,0.001,0.013235563341480757,0.021142901733922106,3652,142,152,54,0.913,0.0355,0.038,0.0135,0.08699999999999997
573,1,173,4000,582,0.001,0.013101541542495728,0.02107550486603598,3663,127,156,54,0.91575,0.03175,0.039,0.0135,0.08425000000000005
574,1,174,4000,583,0.001,0.013439992846953597,0.021084488898155566,3646,142,157,55,0.9115,0.0355,0.03925,0.01375,0.08850000000000002
575,1,175,4000,584,0.001,0.013183694521302157,0.02091211982842005,3692,120,133,55,0.923,0.03,0.03325,0.01375,0.07699999999999996
576,1,176,4000,585,0.001,0.013130917361981975,0.020933841869418046,3639,136,161,64,0.90975,0.034,0.04025,0.016,0.09025000000000005
577,1,177,4000,586,0.001,0.013152181541703766,0.020789866254400418,3666,126,163,45,0.9165,0.0315,0.04075,0.01125,0.08350000000000002
578,1,178,4000,587,0.001,0.012608223882929929,0.02074609485028934,3711,120,126,43,0.92775,0.03,0.0315,0.01075,0.07225000000000004
579,1,179,4000,588,0.001,0.012462267614689887,0.020761568900556793,3663,133,156,48,0.91575,0.03325,0.039,0.012,0.08425000000000005
580,1,180,4000,589,0.001,0.01257311066544668,0.0208444373082326,3665,124,163,48,0.91625,0.031,0.04075,0.012,0.08374999999999999
581,1,181,4000,590,0.001,0.012605623445845758,0.020936404605896037,3659,136,158,47,0.91475,0.034,0.0395,0.01175,0.08525000000000005
582,1,182,4000,591,0.001,0.012499256919596817,0.02083958002269287,3669,120,154,57,0.91725,0.03,0.0385,0.01425,0.08274999999999999
583,1,183,4000,592,0.001,0.012634344165939296,0.02085889234138624,3638,152,153,57,0.9095,0.038,0.03825,0.01425,0.09050000000000002
584,1,184,4000,593,0.001,0.012858780304971371,0.020648753047737677,3660,137,153,50,0.915,0.03425,0.03825,0.0125,0.08499999999999996
585,1,185,4000,594,0.001,0.01312799246514348,0.020701297256944147,3671,122,141,66,0.91775,0.0305,0.03525,0.0165,0.08225000000000005
586,1,186,4000,595,0.001,0.012944074841132741,0.02070319871471369,3670,141,139,50,0.9175,0.03525,0.03475,0.0125,0.08250000000000002
587,1,187,4000,596,0.001,0.012947914037638172,0.02100173998591492,3638,128,168,66,0.9095,0.032,0.042,0.0165,0.09050000000000002
588,1,188,4000,597,0.001,0.013168521464597752,0.020925015000267912,3694,121,135,50,0.9235,0.03025,0.03375,0.0125,0.07650000000000001
589,1,189,4000,598,0.001,0.013232891613769622,0.020940323351485986,3648,144,153,55,0.912,0.036,0.03825,0.01375,0.08799999999999997
590,1,190,4000,599,0.001,0.013198499672959984,0.020859500154763514,3663,129,151,57,0.91575,0.03225,0.03775,0.01425,0.08425000000000005
591,1,191,4000,600,0.001,0.01328056757300734,0.020821729590750158,3676,137,137,50,0.919,0.03425,0.03425,0.0125,0.08099999999999996
592,1,192,4000,601,0.001,0.013315522632085207,0.02072162222626995,3637,139,165,59,0.90925,0.03475,0.04125,0.01475,0.09075
593,1,193,4000,602,0.001,0.013270216608775426,0.020756994148818292,3670,110,162,58,0.9175,0.0275,0.0405,0.0145,0.08250000000000002
594,1,194,4000,603,0.001,0.013027201756889002,0.020911904692971977,3683,118,143,56,0.92075,0.0295,0.03575,0.014,0.07925000000000004
595,1,195,4000,604,0.001,0.01336442325401833,0.0208204475009376,3645,124,176,55,0.91125,0.031,0.044,0.01375,0.08875
596,1,196,4000,605,0.001,0.013383268067360087,0.020879245740406244,3636,147,164,53,0.909,0.03675,0.041,0.01325,0.09099999999999997
597,1,197,4000,606,0.001,0.013543973250677856,0.020926345227060657,3671,138,141,50,0.91775,0.0345,0.03525,0.0125,0.08225000000000005
598,1,198,4000,607,0.001,0.013436798380642462,0.020878632977375862,3692,135,128,45,0.923,0.03375,0.032,0.01125,0.07699999999999996
599,1,199,4000,608,0.001,0.01363711119331942,0.02089986434378418,3644,131,171,54,0.911,0.03275,0.04275,0.0135,0.08899999999999997
600,1,200,4000,609,0.001,0.013676265062725306,0.020789735767484007,3646,125,166,63,0.9115,0.03125,0.0415,0.01575,0.08850000000000002
601,1,201,4000,610,0.001,0.013763160663300416,0.020703211826031492,3632,138,166,64,0.908,0.0345,0.0415,0.016,0.09199999999999997
602,1,202,4000,611,0.001,0.013446404035715013,0.020637660780734875,3639,143,157,61,0.90975,0.03575,0.03925,0.01525,0.09025000000000005
603,1,203,4000,612,0.001,0.013286378493418589,0.02065240031632731,3704,107,134,55,0.926,0.02675,0.0335,0.01375,0.07399999999999995
604,1,204,4000,613,0.001,0.013306218905113444,0.020707327640710333,3643,147,159,51,0.91075,0.03675,0.03975,0.01275,0.08925000000000005
605,1,205,4000,614,0.001,0.013049879900851519,0.0206504018425796,3638,147,164,51,0.9095,0.03675,0.041,0.01275,0.09050000000000002
606,1,206,4000,615,0.001,0.013025881374869572,0.0206988192474941,3647,132,165,56,0.91175,0.033,0.04125,0.014,0.08825000000000005
607,1,207,4000,616,0.001,0.013397514479364938,0.0206342598685085,3656,128,172,44,0.914,0.032,0.043,0.011,0.08599999999999997
608,1,208,4000,617,0.001,0.01363464652701394,0.02080667276121915,3662,138,157,43,0.9155,0.0345,0.03925,0.01075,0.08450000000000002
609,1,209,4000,618,0.001,0.013647699075313921,0.020743556575306674,3650,137,156,57,0.9125,0.03425,0.039,0.01425,0.08750000000000002
610,1,210,4000,619,0.001,0.013734672239460871,0.02056800343531618,3651,127,170,52,0.91275,0.03175,0.0425,0.013,0.08725000000000005
611,1,211,4000,620,0.001,0.013738854105911313,0.020618504706993872,3685,120,135,60,0.92125,0.03,0.03375,0.015,0.07874999999999999
612,1,212,4000,621,0.001,0.01396218802747584,0.020615472548594898,3646,123,175,56,0.9115,0.03075,0.04375,0.014,0.08850000000000002
613,1,213,4000,622,0.001,0.01433632873771909,0.020516039219208207,3657,113,167,63,0.91425,0.02825,0.04175,0.01575,0.08574999999999999
614,1,214,4000,623,0.001,0.014339960114551544,0.02046328873341837,3665,128,151,56,0.91625,0.032,0.03775,0.014,0.08374999999999999
615,1,215,4000,624,0.001,0.014248468668227293,0.020440890838713918,3616,164,164,56,0.904,0.041,0.041,0.014,0.09599999999999997
616,1,216,4000,625,0.001,0.014488472102491722,0.02046625670596296,3642,152,148,58,0.9105,0.038,0.037,0.0145,0.08950000000000002
617,1,217,4000,626,0.001,0.014568340300206581,0.020421192901378553,3631,143,157,69,0.90775,0.03575,0.03925,0.01725,0.09225000000000005
618,1,218,4000,627,0.001,0.014558756045543556,0.02057796626538776,3645,144,151,60,0.91125,0.036,0.03775,0.015,0.08875
619,1,219,4000,628,0.001,0.014859756425630534,0.020578156531396035,3664,120,153,63,0.916,0.03,0.03825,0.01575,0.08399999999999996
620,1,220,4000,629,0.001,0.015072654601114304,0.020530503657228333,3653,137,157,53,0.91325,0.03425,0.03925,0.01325,0.08675
621,1,221,4000,630,0.001,0.014880367695383758,0.02063062211241451,3638,164,146,52,0.9095,0.041,0.0365,0.013,0.09050000000000002
622,1,222,4000,631,0.001,0.014657621171795743,0.020497938202973773,3627,124,179,70,0.90675,0.031,0.04475,0.0175,0.09325000000000006
623,1,223,4000,632,0.001,0.014530515537950832,0.020437395471137793,3687,115,145,53,0.92175,0.02875,0.03625,0.01325,0.07825000000000004
624,1,224,4000,633,0.001,0.014255375160858322,0.020174944455860454,3669,133,135,63,0.91725,0.03325,0.03375,0.01575,0.08274999999999999
625,1,225,4000,634,0.001,0.014669956884105322,0.020093050897553956,3644,131,168,57,0.911,0.03275,0.042,0.01425,0.08899999999999997
626,1,226,4000,635,0.001,0.014586496262839825,0.0203923370373317,3672,112,164,52,0.918,0.028,0.041,0.013,0.08199999999999996
627,1,227,4000,636,0.001,0.014779762581241957,0.020373233453934537,3658,121,149,72,0.9145,0.03025,0.03725,0.018,0.08550000000000002
628,1,228,4000,637,0.001,0.015028899856175374,0.02020909234372611,3660,121,158,61,0.915,0.03025,0.0395,0.01525,0.08499999999999996
629,1,229,4000,638,0.001,0.014977802969955127,0.020338326715522395,3648,135,157,60,0.912,0.03375,0.03925,0.015,0.08799999999999997
630,1,230,4000,639,0.001,0.014883965524988484,0.020408952930961937,3647,126,168,59,0.91175,0.0315,0.042,0.01475,0.08825000000000005
631,1,231,4000,640,0.001,0.015041494949776262,0.020385181779058754,3629,138,174,59,0.90725,0.0345,0.0435,0.01475,0.09275
632,1,232,4000,641,0.001,0.014942945989478078,0.02033328074815941,3601,151,178,70,0.90025,0.03775,0.0445,0.0175,0.09975
633,1,233,4000,642,0.001,0.015191397837910273,0.020239208193338392,3652,133,155,60,0.913,0.03325,0.03875,0.015,0.08699999999999997
634,1,234,4000,643,0.001,0.014935017671671652,0.020146162116215446,3651,118,167,64,0.91275,0.0295,0.04175,0.016,0.08725000000000005
635,1,235,4000,644,0.001,0.014585364592437597,0.020083032141223593,3666,120,159,55,0.9165,0.03,0.03975,0.01375,0.08350000000000002
636,1,236,4000,645,0.001,0.014639443608783848,0.020069169150575536,3647,134,157,62,0.91175,0.0335,0.03925,0.0155,0.08825000000000005
637,1,237,4000,646,0.001,0.014847736693537731,0.019853827427421276,3643,133,157,67,0.91075,0.03325,0.03925,0.01675,0.08925000000000005
638,1,238,4000,647,0.001,0.014642391222797615,0.01996496209518152,3670,126,150,54,0.9175,0.0315,0.0375,0.0135,0.08250000000000002
639,1,239,4000,648,0.001,0.014690267786495874,0.020013777548591342,3664,136,143,57,0.916,0.034,0.03575,0.01425,0.08399999999999996
640,1,240,4000,649,0.001,0.01458273697983718,0.020054140485660392,3635,124,184,57,0.90875,0.031,0.046,0.01425,0.09125000000000005
641,1,241,4000,650,0.001,0.014582431462526657,0.01999907671551065,3685,140,131,44,0.92125,0.035,0.03275,0.011,0.07874999999999999
642,1,242,4000,651,0.001,0.014531897491318484,0.020048769859273285,3690,122,137,51,0.9225,0.0305,0.03425,0.01275,0.07750000000000001
643,1,243,4000,652,0.001,0.014574188620113962,0.020179536516385276,3654,134,148,64,0.9135,0.0335,0.037,0.016,0.08650000000000002
644,1,244,4000,653,0.001,0.014548478039664296,0.02013976745133027,3672,118,151,59,0.918,0.0295,0.03775,0.01475,0.08199999999999996
645,1,245,4000,654,0.001,0.01439754772826613,0.020118263011784012,3656,125,155,64,0.914,0.03125,0.03875,0.016,0.08599999999999997
646,1,246,4000,655,0.001,0.014333953420840945,0.020056163951554046,3646,126,151,77,0.9115,0.0315,0.03775,0.01925,0.08850000000000002
647,1,247,4000,656,0.001,0.014473123562552767,0.02003294730559715,3662,139,148,51,0.9155,0.03475,0.037,0.01275,0.08450000000000002
648,1,248,4000,657,0.001,0.014606908424111945,0.02027943850430898,3648,116,166,70,0.912,0.029,0.0415,0.0175,0.08799999999999997
649,1,249,4000,658,0.001,0.01430884584541308,0.020150928172815857,3618,120,197,65,0.9045,0.03,0.04925,0.01625,0.09550000000000003
650,1,250,4000,659,0.001,0.014389528143308971,0.020195454941807984,3635,136,165,64,0.90875,0.034,0.04125,0.016,0.09125000000000005
651,1,251,4000,660,0.001,0.014282031860488561,0.02006232168872732,3619,139,176,66,0.90475,0.03475,0.044,0.0165,0.09524999999999995
652,1,252,4000,661,0.001,0.014340915018293088,0.020064556124300637,3680,127,131,62,0.92,0.03175,0.03275,0.0155,0.07999999999999996
653,1,253,4000,662,0.001,0.01410962179726727,0.020026396167839154,3624,155,155,66,0.906,0.03875,0.03875,0.0165,0.09399999999999997
654,1,254,4000,663,0.001,0.014342498579508343,0.019952105519640093,3667,146,129,58,0.91675,0.0365,0.03225,0.0145,0.08325000000000005
655,1,255,4000,664,0.001,0.014689705501174592,0.019860627302778253,3630,156,157,57,0.9075,0.039,0.03925,0.01425,0.09250000000000003
656,1,256,4000,665,0.001,0.01463218255594127,0.019890883872416092,3649,124,171,56,0.91225,0.031,0.04275,0.014,0.08775
657,1,257,4000,666,0.001,0.01509059129250078,0.019933998492984873,3667,118,158,57,0.91675,0.0295,0.0395,0.01425,0.08325000000000005
658,1,258,4000,667,0.001,0.015251253474503793,0.02001680121254304,3675,115,157,53,0.91875,0.02875,0.03925,0.01325,0.08125000000000004
659,1,259,4000,668,0.001,0.015387865763466506,0.020134272535924903,3627,140,169,64,0.90675,0.035,0.04225,0.016,0.09325000000000006
660,1,260,4000,669,0.001,0.015049255009385231,0.020152542915337603,3659,119,153,69,0.91475,0.02975,0.03825,0.01725,0.08525000000000005
661,1,261,4000,670,0.001,0.015033701193386479,0.019953092348411243,3636,141,171,52,0.909,0.03525,0.04275,0.013,0.09099999999999997
662,1,262,4000,671,0.001,0.014995675795575113,0.019969458386600854,3638,126,163,73,0.9095,0.0315,0.04075,0.01825,0.09050000000000002
663,1,263,4000,672,0.001,0.015352558107708109,0.019904598812918377,3612,158,166,64,0.903,0.0395,0.0415,0.016,0.09699999999999998
664,1,264,4000,673,0.001,0.015176523823993808,0.019953530326950956,3651,137,149,63,0.91275,0.03425,0.03725,0.01575,0.08725000000000005
665,1,265,4000,674,0.001,0.015212302501516197,0.02004839883315353,3627,141,181,51,0.90675,0.03525,0.04525,0.01275,0.09325000000000006
666,1,266,4000,675,0.001,0.015361709067258684,0.01999807071970146,3615,143,158,84,0.90375,0.03575,0.0395,0.021,0.09624999999999995
667,1,267,4000,676,0.001,0.015379320134955531,0.019909392172716964,3606,157,163,74,0.9015,0.03925,0.04075,0.0185,0.09850000000000003
668,1,268,4000,677,0.001,0.015594235046844991,0.02003678636106937,3637,136,165,62,0.90925,0.034,0.04125,0.0155,0.09075
669,1,269,4000,678,0.001,0.01634505976988832,0.020078527297833333,3654,142,140,64,0.9135,0.0355,0.035,0.016,0.08650000000000002
670,1,270,4000,679,0.001,0.016483180646727068,0.020018863235203847,3610,142,166,82,0.9025,0.0355,0.0415,0.0205,0.09750000000000003
671,1,271,4000,680,0.001,0.01652480427570624,0.01992895909053666,3631,124,180,65,0.90775,0.031,0.045,0.01625,0.09225000000000005
672,1,272,4000,681,0.001,0.01661144698050635,0.019789920960834723,3610,147,190,53,0.9025,0.03675,0.0475,0.01325,0.09750000000000003
673,1,273,4000,682,0.001,0.016801450593281086,0.01961848062539,3654,133,144,69,0.9135,0.03325,0.036,0.01725,0.08650000000000002
674,1,274,4000,683,0.001,0.01676072796024298,0.019484355867762683,3610,129,194,67,0.9025,0.03225,0.0485,0.01675,0.09750000000000003
675,1,275,4000,684,0.001,0.01676013921623952,0.019468847250084517,3649,121,165,65,0.91225,0.03025,0.04125,0.01625,0.08775
676,1,276,4000,685,0.001,0.016725097328645563,0.019431407760580086,3635,131,175,59,0.90875,0.03275,0.04375,0.01475,0.09125000000000005
677,1,277,4000,686,0.001,0.016960268293091413,0.019324595472710322,3636,147,158,59,0.909,0.03675,0.0395,0.01475,0.09099999999999997
678,1,278,4000,687,0.001,0.01702704204966847,0.019360681604072245,3637,135,161,67,0.90925,0.03375,0.04025,0.01675,0.09075
679,1,279,4000,688,0.001,0.016552816322627565,0.019180120025556198,3642,126,170,62,0.9105,0.0315,0.0425,0.0155,0.08950000000000002
680,1,280,4000,689,0.001,0.016576151478039695,0.019231215235449815,3645,117,172,66,0.91125,0.02925,0.043,0.0165,0.08875
681,1,281,4000,690,0.001,0.016447307024701308,0.019314423667335663,3630,150,162,58,0.9075,0.0375,0.0405,0.0145,0.09250000000000003
682,1,282,4000,691,0.001,0.016593021008089504,0.019454104392364564,3607,153,165,75,0.90175,0.03825,0.04125,0.01875,0.09824999999999995
683,1,283,4000,692,0.001,0.016797390857849967,0.019344821899307984,3620,142,170,68,0.905,0.0355,0.0425,0.017,0.09499999999999997
684,1,284,4000,693,0.001,0.016931586657306593,0.01922859955184114,3640,123,169,68,0.91,0.03075,0.04225,0.017,0.08999999999999997
685,1,285,4000,694,0.001,0.01681850891664452,0.019009072942675783,3642,143,146,69,0.9105,0.03575,0.0365,0.01725,0.08950000000000002
686,1,286,4000,695,0.001,0.016704191384570268,0.01913051033410519,3606,141,168,85,0.9015,0.03525,0.042,0.02125,0.09850000000000003
687,1,287,4000,696,0.001,0.016960893875346265,0.019120581865025,3627,126,174,73,0.90675,0.0315,0.0435,0.01825,0.09325000000000006
688,1,288,4000,697,0.001,0.01680087201991955,0.019360549231863762,3629,129,175,67,0.90725,0.03225,0.04375,0.01675,0.09275
689,1,289,4000,698,0.001,0.016983122922507567,0.01931964070015613,3638,141,155,66,0.9095,0.03525,0.03875,0.0165,0.09050000000000002
690,1,290,4000,699,0.001,0.01688710066865724,0.019320135409787137,3616,119,194,71,0.904,0.02975,0.0485,0.01775,0.09599999999999997
691,1,291,4000,700,0.001,0.016955538404038083,0.019320068290433992,3655,135,150,60,0.91375,0.03375,0.0375,0.015,0.08625000000000005
692,1,292,4000,701,0.001,0.017308205527654576,0.019274837163244293,3576,147,202,75,0.894,0.03675,0.0505,0.01875,0.10599999999999998
693,1,293,4000,702,0.001,0.017385340656647277,0.01927665122814214,3590,152,177,81,0.8975,0.038,0.04425,0.02025,0.10250000000000004
694,1,294,4000,703,0.001,0.01742892161513868,0.019321755105860153,3632,134,159,75,0.908,0.0335,0.03975,0.01875,0.09199999999999997
695,1,295,4000,704,0.001,0.017655446357361968,0.019204080660462232,3629,147,152,72,0.90725,0.03675,0.038,0.018,0.09275
696,1,296,4000,705,0.001,0.01723276164409066,0.018937508023889108,3642,137,164,57,0.9105,0.03425,0.041,0.01425,0.08950000000000002
697,1,297,4000,706,0.001,0.017057620706858987,0.01884100571166161,3636,142,154,68,0.909,0.0355,0.0385,0.017,0.09099999999999997
698,1,298,4000,707,0.001,0.016775214721822366,0.0188033552775991,3628,148,153,71,0.907,0.037,0.03825,0.01775,0.09299999999999997
699,1,299,4000,708,0.001,0.016860033882487704,0.018750743527246212,3649,131,162,58,0.91225,0.03275,0.0405,0.0145,0.08775
700,1,300,4000,709,0.001,0.0169842698281639,0.018699539683909666,3644,113,170,73,0.911,0.02825,0.0425,0.01825,0.08899999999999997
701,1,301,4000,710,0.001,0.016878178593951902,0.018808706310493587,3624,141,163,72,0.906,0.03525,0.04075,0.018,0.09399999999999997
702,1,302,4000,711,0.001,0.016899024481186412,0.018630962630730285,3632,138,159,71,0.908,0.0345,0.03975,0.01775,0.09199999999999997
703,1,303,4000,712,0.001,0.01672489540557448,0.01885997676946213,3624,136,173,67,0.906,0.034,0.04325,0.01675,0.09399999999999997
704,1,304,4000,713,0.001,0.01663742695512812,0.018963923189521725,3655,122,147,76,0.91375,0.0305,0.03675,0.019,0.08625000000000005
705,1,305,4000,714,0.001,0.01687212112915525,0.018877129585822494,3628,124,174,74,0.907,0.031,0.0435,0.0185,0.09299999999999997
706,1,306,4000,715,0.001,0.016650618824357574,0.018985158490538185,3653,120,166,61,0.91325,0.03,0.0415,0.01525,0.08675
707,1,307,4000,716,0.001,0.016998202677279917,0.018877585380280143,3620,136,180,64,0.905,0.034,0.045,0.016,0.09499999999999997
708,1,308,4000,717,0.001,0.017142217989573837,0.018881628460724602,3630,128,171,71,0.9075,0.032,0.04275,0.01775,0.09250000000000003
709,1,309,4000,718,0.001,0.017115618639853197,0.018912896566214213,3620,122,175,83,0.905,0.0305,0.04375,0.02075,0.09499999999999997
710,1,310,4000,719,0.001,0.017005045645470302,0.019027883264626413,3616,121,188,75,0.904,0.03025,0.047,0.01875,0.09599999999999997
711,1,311,4000,720,0.001,0.016933123462681204,0.01916801077174253,3608,159,163,70,0.902,0.03975,0.04075,0.0175,0.09799999999999998
712,1,312,4000,721,0.001,0.017107957852402687,0.019174336548523196,3653,150,127,70,0.91325,0.0375,0.03175,0.0175,0.08675
713,1,313,4000,722,0.001,0.017210155204125777,0.019226548082926554,3607,144,170,79,0.90175,0.036,0.0425,0.01975,0.09824999999999995
714,1,314,4000,723,0.001,0.017336961270287304,0.019389813732144837,3609,145,164,82,0.90225,0.03625,0.041,0.0205,0.09775
715,1,315,4000,724,0.001,0.01706380330508539,0.01933643339566159,3645,132,162,61,0.91125,0.033,0.0405,0.01525,0.08875
716,1,316,4000,725,0.001,0.017018199392900748,0.019299683896630435,3659,109,162,70,0.91475,0.02725,0.0405,0.0175,0.08525000000000005
717,1,317,4000,726,0.001,0.01733234406504836,0.019264587772076805,3603,140,177,80,0.90075,0.035,0.04425,0.02,0.09924999999999995
718,1,318,4000,727,0.001,0.017920938961706278,0.019108369985781484,3623,146,171,60,0.90575,0.0365,0.04275,0.015,0.09424999999999994
719,1,319,4000,728,0.001,0.017984901352809973,0.018975567960637943,3605,134,174,87,0.90125,0.0335,0.0435,0.02175,0.09875
720,1,320,4000,729,0.001,0.017867027742417545,0.018961791228664468,3619,136,171,74,0.90475,0.034,0.04275,0.0185,0.09524999999999995
721,1,321,4000,730,0.001,0.017427849955153882,0.018825636817745427,3580,154,198,68,0.895,0.0385,0.0495,0.017,0.10499999999999998
722,1,322,4000,731,0.001,0.01704051309216093,0.01867417872755816,3629,123,170,78,0.90725,0.03075,0.0425,0.0195,0.09275
723,1,323,4000,732,0.001,0.016725210314789123,0.018646476452676197,3642,150,145,63,0.9105,0.0375,0.03625,0.01575,0.08950000000000002
724,1,324,4000,733,0.001,0.0165429745097927,0.018704801038691373,3667,114,151,68,0.91675,0.0285,0.03775,0.017,0.08325000000000005
725,1,325,4000,734,0.001,0.016777922795999607,0.01876176391024694,3643,130,158,69,0.91075,0.0325,0.0395,0.01725,0.08925000000000005
726,1,326,4000,735,0.001,0.016423890585405602,0.018984763307233796,3617,150,155,78,0.90425,0.0375,0.03875,0.0195,0.09575
727,1,327,4000,736,0.001,0.01642515543013322,0.019161926063502067,3641,131,171,57,0.91025,0.03275,0.04275,0.01425,0.08975
728,1,328,4000,737,0.001,0.01658160314667421,0.018976019670948807,3624,146,163,67,0.906,0.0365,0.04075,0.01675,0.09399999999999997
729,1,329,4000,738,0.001,0.016550642870051386,0.01913329562776272,3644,124,172,60,0.911,0.031,0.043,0.015,0.08899999999999997
730,1,330,4000,739,0.001,0.01652938016872594,0.019149158241894212,3658,122,160,60,0.9145,0.0305,0.04,0.015,0.08550000000000002
731,1,331,4000,740,0.001,0.016755949954829003,0.019193929620656205,3622,143,161,74,0.9055,0.03575,0.04025,0.0185,0.09450000000000003
732,1,332,4000,741,0.001,0.01665889930914354,0.019322877874205287,3663,118,162,57,0.91575,0.0295,0.0405,0.01425,0.08425000000000005
733,1,333,4000,742,0.001,0.016884271521096134,0.01919915710982379,3638,142,151,69,0.9095,0.0355,0.03775,0.01725,0.09050000000000002
734,1,334,4000,743,0.001,0.01650822415450349,0.019126197700377365,3641,126,163,70,0.91025,0.0315,0.04075,0.0175,0.08975
735,1,335,4000,744,0.001,0.01652118573399821,0.019261238699030684,3611,151,185,53,0.90275,0.03775,0.04625,0.01325,0.09724999999999995
736,1,336,4000,745,0.001,0.016464133843722608,0.01935537315790332,3612,135,184,69,0.903,0.03375,0.046,0.01725,0.09699999999999998
737,1,337,4000,746,0.001,0.016140792029478372,0.019447721021040698,3651,150,138,61,0.91275,0.0375,0.0345,0.01525,0.08725000000000005
738,1,338,4000,747,0.001,0.015887485903087518,0.019590901988636267,3653,128,158,61,0.91325,0.032,0.0395,0.01525,0.08675
739,1,339,4000,748,0.001,0.015716337191049118,0.019507158756264756,3672,123,152,53,0.918,0.03075,0.038,0.01325,0.08199999999999996
740,1,340,4000,749,0.001,0.015727624789800002,0.019768054667140388,3622,166,148,64,0.9055,0.0415,0.037,0.016,0.09450000000000003
741,1,341,4000,750,0.001,0.016097922713089394,0.019717301692203495,3637,129,170,64,0.90925,0.03225,0.0425,0.016,0.09075
742,1,342,4000,751,0.001,0.016126893062613855,0.019577043950790154,3632,134,173,61,0.908,0.0335,0.04325,0.01525,0.09199999999999997
743,1,343,4000,752,0.001,0.01601502014358205,0.019543807344164277,3639,138,164,59,0.90975,0.0345,0.041,0.01475,0.09025000000000005
744,1,344,4000,753,0.001,0.016326613642404147,0.019671157308138457,3637,124,170,69,0.90925,0.031,0.0425,0.01725,0.09075
745,1,345,4000,754,0.001,0.016440227063062748,0.019576571184754723,3638,131,158,73,0.9095,0.03275,0.0395,0.01825,0.09050000000000002
746,1,346,4000,755,0.001,0.016699394012605697,0.019666361925833573,3653,144,148,55,0.91325,0.036,0.037,0.01375,0.08675
747,1,347,4000,756,0.001,0.016787507936937486,0.019678170158957564,3654,126,136,84,0.9135,0.0315,0.034,0.021,0.08650000000000002
748,1,348,4000,757,0.001,0.016600486424308343,0.01968588283506252,3663,139,139,59,0.91575,0.03475,0.03475,0.01475,0.08425000000000005
749,1,349,4000,758,0.001,0.016451532727475383,0.019730042257491698,3685,134,143,38,0.92125,0.0335,0.03575,0.0095,0.07874999999999999
750,1,350,4000,759,0.001,0.01653820631589834,0.019697277274113655,3650,132,158,60,0.9125,0.033,0.0395,0.015,0.08750000000000002
751,1,351,4000,760,0.001,0.016683031633072266,0.01971902595958006,3662,125,148,65,0.9155,0.03125,0.037,0.01625,0.08450000000000002
752,1,352,4000,761,0.001,0.016630055341851743,0.019845639255677335,3606,129,188,77,0.9015,0.03225,0.047,0.01925,0.09850000000000003
753,1,353,4000,762,0.001,0.01663207510893546,0.019967902479248845,3643,142,147,68,0.91075,0.0355,0.03675,0.017,0.08925000000000005
754,1,354,4000,763,0.001,0.01666461878394017,0.01967734628228372,3632,126,163,79,0.908,0.0315,0.04075,0.01975,0.09199999999999997
755,1,355,4000,764,0.001,0.01653657482858635,0.01970711811915481,3664,140,144,52,0.916,0.035,0.036,0.013,0.08399999999999996
756,1,356,4000,765,0.001,0.016402181623708583,0.01982035811773128,3630,137,183,50,0.9075,0.03425,0.04575,0.0125,0.09250000000000003
757,1,357,4000,766,0.001,0.016292198433200317,0.01980388071421696,3675,126,148,51,0.91875,0.0315,0.037,0.01275,0.08125000000000004
758,1,358,4000,767,0.001,0.01642400014817386,0.019580952428244792,3651,121,161,67,0.91275,0.03025,0.04025,0.01675,0.08725000000000005
759,1,359,4000,768,0.001,0.01689787864589578,0.01969079070760221,3606,139,187,68,0.9015,0.03475,0.04675,0.017,0.09850000000000003
760,1,360,4000,769,0.001,0.017119380896408607,0.01958590450736439,3648,127,157,68,0.912,0.03175,0.03925,0.017,0.08799999999999997
761,1,361,4000,770,0.001,0.017047454712415887,0.019496806101809087,3632,142,158,68,0.908,0.0355,0.0395,0.017,0.09199999999999997
762,1,362,4000,771,0.001,0.017034765035821024,0.01936870876962347,3646,123,153,78,0.9115,0.03075,0.03825,0.0195,0.08850000000000002
763,1,363,4000,772,0.001,0.017096769044642912,0.019285237646431044,3651,123,172,54,0.91275,0.03075,0.043,0.0135,0.08725000000000005
764,1,364,4000,773,0.001,0.01706300675718383,0.019381538842293,3624,137,170,69,0.906,0.03425,0.0425,0.01725,0.09399999999999997
765,1,365,4000,774,0.001,0.017179966351023437,0.019536838023322324,3614,131,182,73,0.9035,0.03275,0.0455,0.01825,0.09650000000000003
766,1,366,4000,775,0.001,0.017012582065336245,0.019412337957480638,3648,119,171,62,0.912,0.02975,0.04275,0.0155,0.08799999999999997
767,1,367,4000,776,0.001,0.01717530756289477,0.019431443790705213,3650,136,155,59,0.9125,0.034,0.03875,0.01475,0.08750000000000002
768,1,368,4000,777,0.001,0.01746572283225199,0.019508594155814744,3607,133,179,81,0.90175,0.03325,0.04475,0.02025,0.09824999999999995
769,1,369,4000,778,0.001,0.017501524471277573,0.019508421010403555,3619,125,174,82,0.90475,0.03125,0.0435,0.0205,0.09524999999999995
770,1,370,4000,779,0.001,0.017666815796115364,0.01950422674505936,3606,137,180,77,0.9015,0.03425,0.045,0.01925,0.09850000000000003
771,1,371,4000,780,0.001,0.017881539693964325,0.01952691522118008,3599,151,170,80,0.89975,0.03775,0.0425,0.02,0.10024999999999995
772,1,372,4000,781,0.001,0.017899944525394045,0.01947360634485488,3630,129,165,76,0.9075,0.03225,0.04125,0.019,0.09250000000000003
773,1,373,4000,782,0.001,0.01770064794187447,0.019439923653536566,3621,124,179,76,0.90525,0.031,0.04475,0.019,0.09475
774,1,374,4000,783,0.001,0.01776147743835704,0.01943767114130829,3609,144,171,76,0.90225,0.036,0.04275,0.019,0.09775
775,1,375,4000,784,0.001,0.0176588232221022,0.01934340576025622,3618,150,177,55,0.9045,0.0375,0.04425,0.01375,0.09550000000000003
776,1,376,4000,785,0.001,0.017930904301986392,0.01947075365128626,3627,156,152,65,0.90675,0.039,0.038,0.01625,0.09325000000000006
777,1,377,4000,786,0.001,0.017746313970738167,0.019549227488333924,3607,145,186,62,0.90175,0.03625,0.0465,0.0155,0.09824999999999995
778,1,378,4000,787,0.001,0.018084312502348984,0.019551293695799086,3597,158,178,67,0.89925,0.0395,0.0445,0.01675,0.10075
779,1,379,4000,788,0.001,0.017919172231292937,0.019751042461591095,3626,131,173,70,0.9065,0.03275,0.04325,0.0175,0.09350000000000003
780,1,380,4000,789,0.001,0.01811763864879093,0.019862441029931944,3589,157,176,78,0.89725,0.03925,0.044,0.0195,0.10275000000000001
781,1,381,4000,790,0.001,0.018504698299393708,0.019787788132617556,3633,130,173,64,0.90825,0.0325,0.04325,0.016,0.09175
782,1,382,4000,791,0.001,0.01852660549261746,0.019790745351525554,3618,142,173,67,0.9045,0.0355,0.04325,0.01675,0.09550000000000003
783,1,383,4000,792,0.001,0.018351744612482082,0.019825209485928127,3630,148,153,69,0.9075,0.037,0.03825,0.01725,0.09250000000000003
784,1,384,4000,793,0.001,0.01849718597258502,0.019901679250097594,3608,141,184,67,0.902,0.03525,0.046,0.01675,0.09799999999999998
785,1,385,4000,794,0.001,0.018782642770262654,0.019859689051965928,3600,135,181,84,0.9,0.03375,0.04525,0.021,0.09999999999999998
786,1,386,4000,795,0.001,0.01867150670731276,0.020093931687737893,3617,149,169,65,0.90425,0.03725,0.04225,0.01625,0.09575
787,1,387,4000,796,0.001,0.01859669078975756,0.020071707073386555,3606,136,169,89,0.9015,0.034,0.04225,0.02225,0.09850000000000003
788,1,388,4000,797,0.001,0.018242804757579497,0.019931441326804956,3599,158,169,74,0.89975,0.0395,0.04225,0.0185,0.10024999999999995
789,1,389,4000,798,0.001,0.018532439759840338,0.01983995524332762,3614,145,169,72,0.9035,0.03625,0.04225,0.018,0.09650000000000003
790,1,390,4000,799,0.001,0.01838068577015812,0.019793694031110916,3601,139,179,81,0.90025,0.03475,0.04475,0.02025,0.09975
791,1,391,4000,800,0.001,0.018776094081273977,0.01978256148446951,3617,123,183,77,0.90425,0.03075,0.04575,0.01925,0.09575
792,1,392,4000,801,0.001,0.01874104724886624,0.01988883375601115,3630,145,161,64,0.9075,0.03625,0.04025,0.016,0.09250000000000003
793,1,393,4000,802,0.001,0.018657710144925125,0.019828089210395927,3598,129,181,92,0.8995,0.03225,0.04525,0.023,0.10050000000000003
794,1,394,4000,803,0.001,0.018210887516140462,0.019702204869393614,3591,154,176,79,0.89775,0.0385,0.044,0.01975,0.10224999999999995
795,1,395,4000,804,0.001,0.01834369709320102,0.019828562906135938,3637,129,171,63,0.90925,0.03225,0.04275,0.01575,0.09075
796,1,396,4000,805,0.001,0.01808749709862064,0.019890980635702635,3626,142,171,61,0.9065,0.0355,0.04275,0.01525,0.09350000000000003
797,1,397,4000,806,0.001,0.018367116128410146,0.019811289775231965,3621,133,172,74,0.90525,0.03325,0.043,0.0185,0.09475
798,1,398,4000,807,0.001,0.01841839486034691,0.019938860205112617,3606,156,174,64,0.9015,0.039,0.0435,0.016,0.09850000000000003
799,1,399,4000,808,0.001,0.018701903722663737,0.019958656450323096,3608,148,169,75,0.902,0.037,0.04225,0.01875,0.09799999999999998
800,2,0,4000,810,0.001,0.010165572374953758,0.0200830933770496,3668,146,136,50,0.917,0.0365,0.034,0.0125,0.08299999999999996
801,2,1,4000,811,0.001,0.010318392571492871,0.020094775829782724,3710,122,135,33,0.9275,0.0305,0.03375,0.00825,0.07250000000000001
802,2,2,4000,812,0.001,0.010193731710513593,0.020011027091563556,3717,118,132,33,0.92925,0.0295,0.033,0.00825,0.07074999999999998
803,2,3,4000,813,0.001,0.010118860927557555,0.02002202208104281,3729,104,125,42,0.93225,0.026,0.03125,0.0105,0.06774999999999998
804,2,4,4000,814,0.001,0.00984571506522575,0.020012150046832964,3704,117,137,42,0.926,0.02925,0.03425,0.0105,0.07399999999999995
805,2,5,4000,815,0.001,0.009789595021422343,0.020027300756294726,3731,101,122,46,0.93275,0.02525,0.0305,0.0115,0.06725000000000003
806,2,6,4000,816,0.001,0.009680148059977401,0.019843008903448377,3708,110,132,50,0.927,0.0275,0.033,0.0125,0.07299999999999995
807,2,7,4000,817,0.001,0.00987845238116944,0.019906880778618036,3725,117,127,31,0.93125,0.02925,0.03175,0.00775,0.06874999999999998
808,2,8,4000,818,0.001,0.00985153936575799,0.020000285662118214,3706,120,132,42,0.9265,0.03,0.033,0.0105,0.07350000000000001
809,2,9,4000,819,0.001,0.009808845369573107,0.020086872275018874,3723,128,114,35,0.93075,0.032,0.0285,0.00875,0.06925000000000003
810,2,10,4000,820,0.001,0.009905453492500424,0.019980970557175796,3722,109,129,40,0.9305,0.02725,0.03225,0.01,0.0695
811,2,11,4000,821,0.001,0.009905928291534513,0.019923021849407762,3732,101,127,40,0.933,0.02525,0.03175,0.01,0.06699999999999995
812,2,12,4000,822,0.001,0.010178492364804581,0.020059077190469916,3695,116,143,46,0.92375,0.029,0.03575,0.0115,0.07625000000000004
813,2,13,4000,823,0.001,0.010285033654144723,0.020020859422516704,3728,107,116,49,0.932,0.02675,0.029,0.01225,0.06799999999999995
814,2,14,4000,824,0.001,0.010424893558737767,0.01992519831857394,3698,119,147,36,0.9245,0.02975,0.03675,0.009,0.07550000000000001
815,2,15,4000,825,0.001,0.010526740151264573,0.019914858791467073,3683,132,139,46,0.92075,0.033,0.03475,0.0115,0.07925000000000004
816,2,16,4000,826,0.001,0.010566930419035307,0.019941366452713192,3662,139,154,45,0.9155,0.03475,0.0385,0.01125,0.08450000000000002
817,2,17,4000,827,0.001,0.010441217804339528,0.020097363702371744,3698,108,141,53,0.9245,0.027,0.03525,0.01325,0.07550000000000001
818,2,18,4000,828,0.001,0.010471605704526644,0.020158876323661232,3711,117,129,43,0.92775,0.02925,0.03225,0.01075,0.07225000000000004
819,2,19,4000,829,0.001,0.010173164507894294,0.02020769097413345,3686,121,147,46,0.9215,0.03025,0.03675,0.0115,0.07850000000000001
820,2,20,4000,830,0.001,0.010012066213620335,0.020219831335502477,3718,127,123,32,0.9295,0.03175,0.03075,0.008,0.07050000000000001
821,2,21,4000,831,0.001,0.010124363518119578,0.020160308523261988,3723,96,138,43,0.93075,0.024,0.0345,0.01075,0.06925000000000003
822,2,22,4000,832,0.001,0.010267203789117389,0.020249440087831257,3697,108,140,55,0.92425,0.027,0.035,0.01375,0.07574999999999998
823,2,23,4000,833,0.001,0.00986254753136626,0.020189036721268462,3711,124,119,46,0.92775,0.031,0.02975,0.0115,0.07225000000000004
824,2,24,4000,834,0.001,0.010068320082107292,0.02018649029547543,3698,121,136,45,0.9245,0.03025,0.034,0.01125,0.07550000000000001
825,2,25,4000,835,0.001,0.010573873105065853,0.020328560493457538,3701,121,138,40,0.92525,0.03025,0.0345,0.01,0.07474999999999998
826,2,26,4000,836,0.001,0.010872168157715852,0.020329293627171254,3711,116,137,36,0.92775,0.029,0.03425,0.009,0.07225000000000004
827,2,27,4000,837,0.001,0.010986607274573753,0.02034624712274601,3664,131,154,51,0.916,0.03275,0.0385,0.01275,0.08399999999999996
828,2,28,4000,838,0.001,0.011311454917496955,0.02029502896097708,3721,116,121,42,0.93025,0.029,0.03025,0.0105,0.06974999999999998
829,2,29,4000,839,0.001,0.011068735867847552,0.02042010096978214,3682,130,146,42,0.9205,0.0325,0.0365,0.0105,0.07950000000000002
830,2,30,4000,840,0.001,0.011114624979481198,0.020464632477146222,3710,110,133,47,0.9275,0.0275,0.03325,0.01175,0.07250000000000001
831,2,31,4000,841,0.001,0.01103569560039676,0.02055119265052305,3725,116,121,38,0.93125,0.029,0.03025,0.0095,0.06874999999999998
832,2,32,4000,842,0.001,0.011147646874118209,0.0206219868165257,3697,120,135,48,0.92425,0.03,0.03375,0.012,0.07574999999999998
833,2,33,4000,843,0.001,0.011096820639407501,0.020572134342463414,3685,112,159,44,0.92125,0.028,0.03975,0.011,0.07874999999999999
834,2,34,4000,844,0.001,0.010976346999096736,0.020717157008272525,3661,144,146,49,0.91525,0.036,0.0365,0.01225,0.08474999999999999
835,2,35,4000,845,0.001,0.01076953562296537,0.020790803186049533,3671,128,162,39,0.91775,0.032,0.0405,0.00975,0.08225000000000005
836,2,36,4000,846,0.001,0.010894911043063695,0.020901993893472737,3665,145,138,52,0.91625,0.03625,0.0345,0.013,0.08374999999999999
837,2,37,4000,847,0.001,0.01110242791872742,0.020849494574710498,3688,106,164,42,0.922,0.0265,0.041,0.0105,0.07799999999999996
838,2,38,4000,848,0.001,0.010945766112226175,0.0208380977065834,3699,115,141,45,0.92475,0.02875,0.03525,0.01125,0.07525000000000004
839,2,39,4000,849,0.001,0.01106633332501341,0.02080568198769267,3715,120,123,42,0.92875,0.03,0.03075,0.0105,0.07125000000000004
840,2,40,4000,850,0.001,0.011279671487612433,0.020793400296135064,3708,117,126,49,0.927,0.02925,0.0315,0.01225,0.07299999999999995
841,2,41,4000,851,0.001,0.011217048325550911,0.02088472555217317,3687,121,152,40,0.92175,0.03025,0.038,0.01,0.07825000000000004
842,2,42,4000,852,0.001,0.011341163737250595,0.02092800642089217,3677,133,138,52,0.91925,0.03325,0.0345,0.013,0.08074999999999999
843,2,43,4000,853,0.001,0.011317345404057395,0.021039505598432942,3677,137,147,39,0.91925,0.03425,0.03675,0.00975,0.08074999999999999
844,2,44,4000,854,0.001,0.011099721515734478,0.020898001402189753,3679,139,142,40,0.91975,0.03475,0.0355,0.01,0.08025000000000004
845,2,45,4000,855,0.001,0.011200835780168627,0.02087430550968319,3679,119,163,39,0.91975,0.02975,0.04075,0.00975,0.08025000000000004
846,2,46,4000,856,0.001,0.011586416299910012,0.02094087619608372,3733,115,112,40,0.93325,0.02875,0.028,0.01,0.06674999999999998
847,2,47,4000,857,0.001,0.011246571434404787,0.02091267962130633,3670,146,147,37,0.9175,0.0365,0.03675,0.00925,0.08250000000000002
848,2,48,4000,858,0.001,0.011217296455893729,0.02098196718027993,3697,112,148,43,0.92425,0.028,0.037,0.01075,0.07574999999999998
849,2,49,4000,859,0.001,0.01128137080376148,0.020899820320691674,3700,127,126,47,0.925,0.03175,0.0315,0.01175,0.07499999999999996
850,2,50,4000,860,0.001,0.011067886272191102,0.020748140264395226,3701,112,150,37,0.92525,0.028,0.0375,0.00925,0.07474999999999998
851,2,51,4000,861,0.001,0.011296419973027378,0.020637229545901584,3716,115,122,47,0.929,0.02875,0.0305,0.01175,0.07099999999999995
852,2,52,4000,862,0.001,0.011537424369756449,0.020625817970622223,3710,118,135,37,0.9275,0.0295,0.03375,0.00925,0.07250000000000001
853,2,53,4000,863,0.001,0.011543804718207767,0.02071504997424849,3685,117,148,50,0.92125,0.02925,0.037,0.0125,0.07874999999999999
854,2,54,4000,864,0.001,0.011452706981599663,0.02055788064606468,3699,126,135,40,0.92475,0.0315,0.03375,0.01,0.07525000000000004
855,2,55,4000,865,0.001,0.01129945161365959,0.020386319120252978,3693,133,131,43,0.92325,0.03325,0.03275,0.01075,0.07674999999999998
856,2,56,4000,866,0.001,0.01122107155437814,0.020513088519571246,3664,127,156,53,0.916,0.03175,0.039,0.01325,0.08399999999999996
857,2,57,4000,867,0.001,0.011280873364884965,0.020463495101523167,3703,113,136,48,0.92575,0.02825,0.034,0.012,0.07425000000000004
858,2,58,4000,868,0.001,0.011528904642787313,0.020363221369840846,3693,120,146,41,0.92325,0.03,0.0365,0.01025,0.07674999999999998
859,2,59,4000,869,0.001,0.011542411095003023,0.020466102037173455,3691,124,148,37,0.92275,0.031,0.037,0.00925,0.07725000000000004
860,2,60,4000,870,0.001,0.011560021219815274,0.020611134055771762,3682,116,155,47,0.9205,0.029,0.03875,0.01175,0.07950000000000002
861,2,61,4000,871,0.001,0.011724773721464006,0.02076909610009023,3688,125,147,40,0.922,0.03125,0.03675,0.01,0.07799999999999996
862,2,62,4000,872,0.001,0.011766326961083581,0.020741391570498955,3687,115,154,44,0.92175,0.02875,0.0385,0.011,0.07825000000000004
863,2,63,4000,873,0.001,0.011451423459478355,0.02077343602400504,3686,109,157,48,0.9215,0.02725,0.03925,0.012,0.07850000000000001
864,2,64,4000,874,0.001,0.011119066960556484,0.02060603439621605,3688,119,152,41,0.922,0.02975,0.038,0.01025,0.07799999999999996
865,2,65,4000,875,0.001,0.010891165334056664,0.020622769446903125,3727,105,130,38,0.93175,0.02625,0.0325,0.0095,0.06825000000000003
866,2,66,4000,876,0.001,0.010919785793614164,0.02060279775045077,3713,97,148,42,0.92825,0.02425,0.037,0.0105,0.07174999999999998
867,2,67,4000,877,0.001,0.010696067800487843,0.020583914954984028,3706,115,131,48,0.9265,0.02875,0.03275,0.012,0.07350000000000001
868,2,68,4000,878,0.001,0.010498749036290372,0.020731419081235946,3704,102,148,46,0.926,0.0255,0.037,0.0115,0.07399999999999995
869,2,69,4000,879,0.001,0.010757117278164717,0.020910296468635837,3707,91,149,53,0.92675,0.02275,0.03725,0.01325,0.07325000000000004
870,2,70,4000,880,0.001,0.01114250259219565,0.02089064732707679,3680,115,157,48,0.92,0.02875,0.03925,0.012,0.07999999999999996
871,2,71,4000,881,0.001,0.011211092710180852,0.021081838229666194,3725,106,126,43,0.93125,0.0265,0.0315,0.01075,0.06874999999999998
872,2,72,4000,882,0.001,0.011416038997351746,0.02098916851560281,3718,123,114,45,0.9295,0.03075,0.0285,0.01125,0.07050000000000001
873,2,73,4000,883,0.001,0.011589138323548045,0.02100749795592255,3687,122,136,55,0.92175,0.0305,0.034,0.01375,0.07825000000000004
874,2,74,4000,884,0.001,0.01155846113351745,0.021050123117068772,3697,115,147,41,0.92425,0.02875,0.03675,0.01025,0.07574999999999998
875,2,75,4000,885,0.001,0.011698347223606763,0.021016258061235034,3689,111,153,47,0.92225,0.02775,0.03825,0.01175,0.07774999999999999
876,2,76,4000,886,0.001,0.011681283633358321,0.02094191293467789,3691,119,149,41,0.92275,0.02975,0.03725,0.01025,0.07725000000000004
877,2,77,4000,887,0.001,0.012005449134972783,0.020784702916838992,3657,111,173,59,0.91425,0.02775,0.04325,0.01475,0.08574999999999999
878,2,78,4000,888,0.001,0.012027761624504741,0.020928539975555976,3671,129,151,49,0.91775,0.03225,0.03775,0.01225,0.08225000000000005
879,2,79,4000,889,0.001,0.01236746198271603,0.021010493885350676,3655,109,174,62,0.91375,0.02725,0.0435,0.0155,0.08625000000000005
880,2,80,4000,890,0.001,0.01246161572224177,0.02112290693692984,3684,124,137,55,0.921,0.031,0.03425,0.01375,0.07899999999999996
881,2,81,4000,891,0.001,0.012505705703557985,0.021006199738849034,3677,117,143,63,0.91925,0.02925,0.03575,0.01575,0.08074999999999999
882,2,82,4000,892,0.001,0.01290832041911759,0.020984894098270333,3689,114,140,57,0.92225,0.0285,0.035,0.01425,0.07774999999999999
883,2,83,4000,893,0.001,0.012822346530831918,0.02105118719365424,3691,112,151,46,0.92275,0.028,0.03775,0.0115,0.07725000000000004
884,2,84,4000,894,0.001,0.012779298297514051,0.020989392208417532,3646,134,168,52,0.9115,0.0335,0.042,0.013,0.08850000000000002
885,2,85,4000,895,0.001,0.012745514998342549,0.02112025815273678,3682,130,134,54,0.9205,0.0325,0.0335,0.0135,0.07950000000000002
886,2,86,4000,896,0.001,0.0127675730741879,0.021060522709691765,3675,114,159,52,0.91875,0.0285,0.03975,0.013,0.08125000000000004
887,2,87,4000,897,0.001,0.012838457058831732,0.021041635119643947,3690,124,135,51,0.9225,0.031,0.03375,0.01275,0.07750000000000001
888,2,88,4000,898,0.001,0.012795331966998726,0.02121592961151993,3648,133,168,51,0.912,0.03325,0.042,0.01275,0.08799999999999997
889,2,89,4000,899,0.001,0.012636320615797676,0.02128081156046497,3690,138,133,39,0.9225,0.0345,0.03325,0.00975,0.07750000000000001
890,2,90,4000,900,0.001,0.01254905089926019,0.02126156746685734,3689,116,142,53,0.92225,0.029,0.0355,0.01325,0.07774999999999999
891,2,91,4000,901,0.001,0.012406581985276454,0.021404790910509248,3695,126,140,39,0.92375,0.0315,0.035,0.00975,0.07625000000000004
892,2,92,4000,902,0.001,0.012613094005616826,0.021388204532294442,3675,140,144,41,0.91875,0.035,0.036,0.01025,0.08125000000000004
893,2,93,4000,903,0.001,0.012564293883338774,0.021509032964572152,3676,137,144,43,0.919,0.03425,0.036,0.01075,0.08099999999999996
894,2,94,4000,904,0.001,0.012496546131249045,0.02148335627398432,3658,134,145,63,0.9145,0.0335,0.03625,0.01575,0.08550000000000002
895,2,95,4000,905,0.001,0.01272728735809583,0.021612954956374664,3659,143,145,53,0.91475,0.03575,0.03625,0.01325,0.08525000000000005
896,2,96,4000,906,0.001,0.012664404229987408,0.021640989865522663,3657,127,151,65,0.91425,0.03175,0.03775,0.01625,0.08574999999999999
897,2,97,4000,907,0.001,0.012280891453378502,0.021692758375106636,3670,120,149,61,0.9175,0.03,0.03725,0.01525,0.08250000000000002
898,2,98,4000,908,0.001,0.012396739306826898,0.021759888754938218,3698,126,135,41,0.9245,0.0315,0.03375,0.01025,0.07550000000000001
899,2,99,4000,909,0.001,0.011716904926097197,0.02190093864968783,3692,119,143,46,0.923,0.02975,0.03575,0.0115,0.07699999999999996
900,2,100,4000,910,0.001,0.011833090006554178,0.02171883567039582,3660,130,160,50,0.915,0.0325,0.04,0.0125,0.08499999999999996
901,2,101,4000,911,0.001,0.011680006975517708,0.02154151055617583,3683,110,151,56,0.92075,0.0275,0.03775,0.014,0.07925000000000004
902,2,102,4000,912,0.001,0.011431464278615477,0.021536566138970824,3655,126,179,40,0.91375,0.0315,0.04475,0.01,0.08625000000000005
903,2,103,4000,913,0.001,0.011435453244375218,0.02149834090390331,3655,141,157,47,0.91375,0.03525,0.03925,0.01175,0.08625000000000005
904,2,104,4000,914,0.001,0.011203900525459958,0.021508989797796377,3660,148,149,43,0.915,0.037,0.03725,0.01075,0.08499999999999996
905,2,105,4000,915,0.001,0.010955322452938475,0.021648872094465667,3711,119,136,34,0.92775,0.02975,0.034,0.0085,0.07225000000000004
906,2,106,4000,916,0.001,0.011064307729296488,0.021611523206519965,3693,115,154,38,0.92325,0.02875,0.0385,0.0095,0.07674999999999998
907,2,107,4000,917,0.001,0.011129608884833078,0.02144008622187573,3677,119,153,51,0.91925,0.02975,0.03825,0.01275,0.08074999999999999
908,2,108,4000,918,0.001,0.011524297796173361,0.021544318809637416,3696,121,133,50,0.924,0.03025,0.03325,0.0125,0.07599999999999996
909,2,109,4000,919,0.001,0.011506513324097392,0.02159312194972533,3688,120,141,51,0.922,0.03,0.03525,0.01275,0.07799999999999996
910,2,110,4000,920,0.001,0.011735000907481825,0.021775260435094503,3646,138,162,54,0.9115,0.0345,0.0405,0.0135,0.08850000000000002
911,2,111,4000,921,0.001,0.011685312118545607,0.021756944861719404,3687,129,138,46,0.92175,0.03225,0.0345,0.0115,0.07825000000000004
912,2,112,4000,922,0.001,0.012072686655398152,0.02166825416303414,3693,120,146,41,0.92325,0.03,0.0365,0.01025,0.07674999999999998
913,2,113,4000,923,0.001,0.012014600156403528,0.021704331481320175,3676,136,148,40,0.919,0.034,0.037,0.01,0.08099999999999996
914,2,114,4000,924,0.001,0.011835445947236291,0.021622915863502883,3659,132,157,52,0.91475,0.033,0.03925,0.013,0.08525000000000005
915,2,115,4000,925,0.001,0.012034122303880164,0.021699931033458447,3657,145,152,46,0.91425,0.03625,0.038,0.0115,0.08574999999999999
916,2,116,4000,926,0.001,0.012228367131046278,0.02178594413100727,3674,128,151,47,0.9185,0.032,0.03775,0.01175,0.08150000000000002
917,2,117,4000,927,0.001,0.01202985728708275,0.0219852790716003,3655,133,155,57,0.91375,0.03325,0.03875,0.01425,0.08625000000000005
918,2,118,4000,928,0.001,0.012381338443033161,0.021906724404965817,3671,117,157,55,0.91775,0.02925,0.03925,0.01375,0.08225000000000005
919,2,119,4000,929,0.001,0.012495906799052617,0.02191697421323925,3663,141,143,53,0.91575,0.03525,0.03575,0.01325,0.08425000000000005
920,2,120,4000,930,0.001,0.012477288915556833,0.022064239847179406,3674,129,143,54,0.9185,0.03225,0.03575,0.0135,0.08150000000000002
921,2,121,4000,931,0.001,0.012652654208330403,0.022114715849443474,3676,135,132,57,0.919,0.03375,0.033,0.01425,0.08099999999999996
922,2,122,4000,932,0.001,0.012703126778277667,0.02217271180903556,3665,139,146,50,0.91625,0.03475,0.0365,0.0125,0.08374999999999999
923,2,123,4000,933,0.001,0.01254061329913722,0.022040527622691142,3657,158,137,48,0.91425,0.0395,0.03425,0.012,0.08574999999999999
924,2,124,4000,934,0.001,0.012439568431292104,0.021992700097362896,3681,122,148,49,0.92025,0.0305,0.037,0.01225,0.07974999999999999
925,2,125,4000,935,0.001,0.01253887193277669,0.02205625037304564,3657,133,148,62,0.91425,0.03325,0.037,0.0155,0.08574999999999999
926,2,126,4000,936,0.001,0.012702215124485872,0.022122890664130663,3672,107,172,49,0.918,0.02675,0.043,0.01225,0.08199999999999996
927,2,127,4000,937,0.001,0.012764641240668825,0.02189455721269701,3684,121,141,54,0.921,0.03025,0.03525,0.0135,0.07899999999999996
928,2,128,4000,938,0.001,0.012471539820782508,0.021869837221272052,3658,138,151,53,0.9145,0.0345,0.03775,0.01325,0.08550000000000002
929,2,129,4000,939,0.001,0.012212999882985501,0.021907059287880004,3686,124,143,47,0.9215,0.031,0.03575,0.01175,0.07850000000000001
930,2,130,4000,940,0.001,0.012363339571400612,0.021851497418432644,3677,129,141,53,0.91925,0.03225,0.03525,0.01325,0.08074999999999999
931,2,131,4000,941,0.001,0.01221816569452953,0.021842582083309324,3667,135,154,44,0.91675,0.03375,0.0385,0.011,0.08325000000000005
932,2,132,4000,942,0.001,0.011669816447262523,0.02179196888529553,3643,142,161,54,0.91075,0.0355,0.04025,0.0135,0.08925000000000005
933,2,133,4000,943,0.001,0.011703890781984989,0.02176578427025746,3673,125,153,49,0.91825,0.03125,0.03825,0.01225,0.08174999999999999
934,2,134,4000,944,0.001,0.0121812723683186,0.0217878112824874,3636,136,183,45,0.909,0.034,0.04575,0.01125,0.09099999999999997
935,2,135,4000,945,0.001,0.012088108773278134,0.021922991351149966,3655,150,151,44,0.91375,0.0375,0.03775,0.011,0.08625000000000005
936,2,136,4000,946,0.001,0.012396911856493826,0.021987484874541958,3654,147,147,52,0.9135,0.03675,0.03675,0.013,0.08650000000000002
937,2,137,4000,947,0.001,0.012399528894686726,0.021826186967007007,3683,123,146,48,0.92075,0.03075,0.0365,0.012,0.07925000000000004
938,2,138,4000,948,0.001,0.012201402429536715,0.021844225990111536,3661,130,158,51,0.91525,0.0325,0.0395,0.01275,0.08474999999999999
939,2,139,4000,949,0.001,0.012045897222114778,0.02169204163730285,3686,116,147,51,0.9215,0.029,0.03675,0.01275,0.07850000000000001
940,2,140,4000,950,0.001,0.011881155791412235,0.02154216093978388,3683,128,141,48,0.92075,0.032,0.03525,0.012,0.07925000000000004
941,2,141,4000,951,0.001,0.011869120652507472,0.021539873414221852,3655,123,174,48,0.91375,0.03075,0.0435,0.012,0.08625000000000005
942,2,142,4000,952,0.001,0.012051535283853321,0.021438191003341534,3694,111,145,50,0.9235,0.02775,0.03625,0.0125,0.07650000000000001
943,2,143,4000,953,0.001,0.012108949977351263,0.021357798557522456,3670,121,151,58,0.9175,0.03025,0.03775,0.0145,0.08250000000000002
944,2,144,4000,954,0.001,0.012400318242663124,0.02137842617889887,3675,143,141,41,0.91875,0.03575,0.03525,0.01025,0.08125000000000004
945,2,145,4000,955,0.001,0.012243462845208917,0.021268730601442506,3680,109,167,44,0.92,0.02725,0.04175,0.011,0.07999999999999996
946,2,146,4000,956,0.001,0.012320573561023045,0.02135928422668578,3646,134,167,53,0.9115,0.0335,0.04175,0.01325,0.08850000000000002
947,2,147,4000,957,0.001,0.01254886870737977,0.02129907360850149,3649,124,167,60,0.91225,0.031,0.04175,0.015,0.08775
948,2,148,4000,958,0.001,0.012757585281969793,0.021227605923020903,3676,109,157,58,0.919,0.02725,0.03925,0.0145,0.08099999999999996
949,2,149,4000,959,0.001,0.012566920390372171,0.021059760649481795,3711,110,138,41,0.92775,0.0275,0.0345,0.01025,0.07225000000000004
950,2,150,4000,960,0.001,0.01260480511533132,0.02110039037476801,3662,136,136,66,0.9155,0.034,0.034,0.0165,0.08450000000000002
951,2,151,4000,961,0.001,0.012579196721989521,0.02078722035798519,3664,124,166,46,0.916,0.031,0.0415,0.0115,0.08399999999999996
952,2,152,4000,962,0.001,0.01243979680565814,0.020744233010307835,3667,129,152,52,0.91675,0.03225,0.038,0.013,0.08325000000000005
953,2,153,4000,963,0.001,0.0124342722087031,0.020642818001397154,3682,116,151,51,0.9205,0.029,0.03775,0.01275,0.07950000000000002
954,2,154,4000,964,0.001,0.012118234153922852,0.02067445639473324,3674,120,148,58,0.9185,0.03,0.037,0.0145,0.08150000000000002
955,2,155,4000,965,0.001,0.012604047967821663,0.020596026885785393,3670,140,131,59,0.9175,0.035,0.03275,0.01475,0.08250000000000002
956,2,156,4000,966,0.001,0.012481722785639658,0.02060007155761205,3656,133,155,56,0.914,0.03325,0.03875,0.014,0.08599999999999997
957,2,157,4000,967,0.001,0.01263306140702853,0.020577318307050615,3677,132,150,41,0.91925,0.033,0.0375,0.01025,0.08074999999999999
958,2,158,4000,968,0.001,0.012484121307801294,0.020590696963529054,3693,119,137,51,0.92325,0.02975,0.03425,0.01275,0.07674999999999998
959,2,159,4000,969,0.001,0.012761847082611709,0.02053128708125128,3639,140,169,52,0.90975,0.035,0.04225,0.013,0.09025000000000005
960,2,160,4000,970,0.001,0.012789628720217112,0.02037955730646332,3697,113,146,44,0.92425,0.02825,0.0365,0.011,0.07574999999999998
961,2,161,4000,971,0.001,0.012711711048734397,0.020461707240424776,3694,108,153,45,0.9235,0.027,0.03825,0.01125,0.07650000000000001
962,2,162,4000,972,0.001,0.012887351532824668,0.020576969634530505,3694,120,146,40,0.9235,0.03,0.0365,0.01,0.07650000000000001
963,2,163,4000,973,0.001,0.013342145120990731,0.020746344827238528,3690,114,150,46,0.9225,0.0285,0.0375,0.0115,0.07750000000000001
964,2,164,4000,974,0.001,0.013471497205345302,0.02073416476054296,3664,141,139,56,0.916,0.03525,0.03475,0.014,0.08399999999999996
965,2,165,4000,975,0.001,0.01363492477877757,0.02084164383036256,3638,145,161,56,0.9095,0.03625,0.04025,0.014,0.09050000000000002
966,2,166,4000,976,0.001,0.013298424700790384,0.020899529557071753,3695,123,127,55,0.92375,0.03075,0.03175,0.01375,0.07625000000000004
967,2,167,4000,977,0.001,0.01369070908572966,0.020864236308991174,3662,130,149,59,0.9155,0.0325,0.03725,0.01475,0.08450000000000002
968,2,168,4000,978,0.001,0.013540825464910278,0.02070658980811151,3660,119,173,48,0.915,0.02975,0.04325,0.012,0.08499999999999996
969,2,169,4000,979,0.001,0.014072770308388114,0.020497083144942727,3648,150,146,56,0.912,0.0375,0.0365,0.014,0.08799999999999997
970,2,170,4000,980,0.001,0.014071085187451727,0.020580811981018434,3668,124,144,64,0.917,0.031,0.036,0.016,0.08299999999999996
971,2,171,4000,981,0.001,0.014316200097981931,0.020542599367727815,3649,137,158,56,0.91225,0.03425,0.0395,0.014,0.08775
972,2,172,4000,982,0.001,0.014473397590308978,0.020533924154121582,3642,117,180,61,0.9105,0.02925,0.045,0.01525,0.08950000000000002
973,2,173,4000,983,0.001,0.014393404320610934,0.02041945349895824,3657,138,149,56,0.91425,0.0345,0.03725,0.014,0.08574999999999999
974,2,174,4000,984,0.001,0.014642652264310312,0.020296771539610525,3696,115,134,55,0.924,0.02875,0.0335,0.01375,0.07599999999999996
975,2,175,4000,985,0.001,0.014690722805469675,0.020424266140885775,3684,118,139,59,0.921,0.0295,0.03475,0.01475,0.07899999999999996
976,2,176,4000,986,0.001,0.014673878197355227,0.02061496524851876,3632,154,145,69,0.908,0.0385,0.03625,0.01725,0.09199999999999997
977,2,177,4000,987,0.001,0.014320924132864213,0.020576877395454565,3647,135,158,60,0.91175,0.03375,0.0395,0.015,0.08825000000000005
978,2,178,4000,988,0.001,0.014155310765049384,0.020473229123615218,3652,133,159,56,0.913,0.03325,0.03975,0.014,0.08699999999999997
979,2,179,4000,989,0.001,0.014356812762647947,0.0205930220137274,3659,123,161,57,0.91475,0.03075,0.04025,0.01425,0.08525000000000005
980,2,180,4000,990,0.001,0.014183525860050877,0.020607481850235396,3652,123,156,69,0.913,0.03075,0.039,0.01725,0.08699999999999997
981,2,181,4000,991,0.001,0.01415418968878601,0.020462812106098845,3631,141,166,62,0.90775,0.03525,0.0415,0.0155,0.09225000000000005
982,2,182,4000,992,0.001,0.01402089989269322,0.020586543167988823,3656,128,158,58,0.914,0.032,0.0395,0.0145,0.08599999999999997
983,2,183,4000,993,0.001,0.013992158072607798,0.020685083164691215,3663,123,158,56,0.91575,0.03075,0.0395,0.014,0.08425000000000005
984,2,184,4000,994,0.001,0.013998132128904633,0.020828739418518826,3667,133,152,48,0.91675,0.03325,0.038,0.012,0.08325000000000005
985,2,185,4000,995,0.001,0.014048509328121088,0.020938641935265838,3669,133,142,56,0.91725,0.03325,0.0355,0.014,0.08274999999999999
986,2,186,4000,996,0.001,0.014156013344750362,0.02077283397304936,3668,118,151,63,0.917,0.0295,0.03775,0.01575,0.08299999999999996
987,2,187,4000,997,0.001,0.014037419954117152,0.02076694606602004,3706,99,138,57,0.9265,0.02475,0.0345,0.01425,0.07350000000000001
988,2,188,4000,998,0.001,0.013800015163415889,0.020775627871702364,3658,158,141,43,0.9145,0.0395,0.03525,0.01075,0.08550000000000002
989,2,189,4000,999,0.001,0.01381753941083285,0.02073037321672838,3662,126,154,58,0.9155,0.0315,0.0385,0.0145,0.08450000000000002
990,2,190,4000,1000,0.001,0.01390089422257937,0.020831660506366843,3625,136,174,65,0.90625,0.034,0.0435,0.01625,0.09375
991,2,191,4000,1001,0.001,0.014215440960674916,0.02083526054608991,3677,126,145,52,0.91925,0.0315,0.03625,0.013,0.08074999999999999
992,2,192,4000,1002,0.001,0.014330868392665487,0.0209979353880124,3666,117,160,57,0.9165,0.02925,0.04,0.01425,0.08350000000000002
993,2,193,4000,1003,0.001,0.014198255395431453,0.020794075199608825,3662,136,149,53,0.9155,0.034,0.03725,0.01325,0.08450000000000002
994,2,194,4000,1004,0.001,0.014134757875482157,0.020785355123361153,3655,130,155,60,0.91375,0.0325,0.03875,0.015,0.08625000000000005
995,2,195,4000,1005,0.001,0.014121325725426816,0.02067363927123651,3636,119,176,69,0.909,0.02975,0.044,0.01725,0.09099999999999997
996,2,196,4000,1006,0.001,0.014230312225367896,0.020471666842241713,3661,120,158,61,0.91525,0.03,0.0395,0.01525,0.08474999999999999
997,2,197,4000,1007,0.001,0.014693993940832522,0.020477171702016114,3663,131,148,58,0.91575,0.03275,0.037,0.0145,0.08425000000000005
998,2,198,4000,1008,0.001,0.014730328359749814,0.020599216688958408,3634,144,162,60,0.9085,0.036,0.0405,0.015,0.09150000000000003
999,2,199,4000,1009,0.001,0.014991670199447117,0.020519731756762506,3645,140,155,60,0.91125,0.035,0.03875,0.015,0.08875
1000,2,200,4000,1010,0.001,0.014850719211418464,0.02049494696529872,3683,133,125,59,0.92075,0.03325,0.03125,0.01475,0.07925000000000004
1001,2,201,4000,1011,0.001,0.01486385769655696,0.02056217086228799,3662,117,150,71,0.9155,0.02925,0.0375,0.01775,0.08450000000000002
1002,2,202,4000,1012,0.001,0.0148661017114591,0.020549210330187966,3653,129,163,55,0.91325,0.03225,0.04075,0.01375,0.08675
1003,2,203,4000,1013,0.001,0.015012978032147914,0.02054217614408946,3638,134,168,60,0.9095,0.0335,0.042,0.015,0.09050000000000002
1004,2,204,4000,1014,0.001,0.01518894652463699,0.020544177059084578,3613,150,161,76,0.90325,0.0375,0.04025,0.019,0.09675
1005,2,205,4000,1015,0.001,0.015288338364870108,0.02063515373674556,3629,139,165,67,0.90725,0.03475,0.04125,0.01675,0.09275
1006,2,206,4000,1016,0.001,0.014763217493340931,0.02070066702388411,3654,128,158,60,0.9135,0.032,0.0395,0.015,0.08650000000000002
1007,2,207,4000,1017,0.001,0.014983615649330668,0.020791930044636784,3627,128,180,65,0.90675,0.032,0.045,0.01625,0.09325000000000006
1008,2,208,4000,1018,0.001,0.015062282944712924,0.02075988905458484,3661,130,136,73,0.91525,0.0325,0.034,0.01825,0.08474999999999999
1009,2,209,4000,1019,0.001,0.014896916116790294,0.020717489642530312,3651,124,168,57,0.91275,0.031,0.042,0.01425,0.08725000000000005
1010,2,210,4000,1020,0.001,0.014971870125116618,0.020748553712800665,3653,148,148,51,0.91325,0.037,0.037,0.01275,0.08675
1011,2,211,4000,1021,0.001,0.01471507566787513,0.02070613787170541,3644,145,151,60,0.911,0.03625,0.03775,0.015,0.08899999999999997
1012,2,212,4000,1022,0.001,0.014941249549163435,0.020839522632171828,3653,136,147,64,0.91325,0.034,0.03675,0.016,0.08675
1013,2,213,4000,1023,0.001,0.01505649828220182,0.02067031191443585,3653,135,157,55,0.91325,0.03375,0.03925,0.01375,0.08675
1014,2,214,4000,1024,0.001,0.014849356822129355,0.020768309516711752,3636,138,169,57,0.909,0.0345,0.04225,0.01425,0.09099999999999997
1015,2,215,4000,1025,0.001,0.014682957964817597,0.020877616944646907,3628,153,154,65,0.907,0.03825,0.0385,0.01625,0.09299999999999997
1016,2,216,4000,1026,0.001,0.01483677853045243,0.020757496983546748,3663,133,150,54,0.91575,0.03325,0.0375,0.0135,0.08425000000000005
1017,2,217,4000,1027,0.001,0.014836411667995536,0.020925926236636874,3616,147,172,65,0.904,0.03675,0.043,0.01625,0.09599999999999997
1018,2,218,4000,1028,0.001,0.014582075689036742,0.02083149233148559,3643,133,169,55,0.91075,0.03325,0.04225,0.01375,0.08925000000000005
1019,2,219,4000,1029,0.001,0.014604446833578127,0.021011464463981694,3658,143,143,56,0.9145,0.03575,0.03575,0.014,0.08550000000000002
1020,2,220,4000,1030,0.001,0.014551052203206254,0.021032824328799323,3641,140,163,56,0.91025,0.035,0.04075,0.014,0.08975
1021,2,221,4000,1031,0.001,0.014963728256313622,0.021091086737780852,3611,148,177,64,0.90275,0.037,0.04425,0.016,0.09724999999999995
1022,2,222,4000,1032,0.001,0.014665168150672505,0.021248599627179104,3636,141,163,60,0.909,0.03525,0.04075,0.015,0.09099999999999997
1023,2,223,4000,1033,0.001,0.014854142472757636,0.021405362066457802,3636,128,176,60,0.909,0.032,0.044,0.015,0.09099999999999997
1024,2,224,4000,1034,0.001,0.01497595430772405,0.021402912785243,3664,114,154,68,0.916,0.0285,0.0385,0.017,0.08399999999999996
1025,2,225,4000,1035,0.001,0.0148841529973697,0.02131471133598359,3621,144,173,62,0.90525,0.036,0.04325,0.0155,0.09475
1026,2,226,4000,1036,0.001,0.014953694715652208,0.02126601230701385,3662,128,144,66,0.9155,0.032,0.036,0.0165,0.08450000000000002
1027,2,227,4000,1037,0.001,0.014737381102005757,0.021217602297986558,3652,138,158,52,0.913,0.0345,0.0395,0.013,0.08699999999999997
1028,2,228,4000,1038,0.001,0.014610547452172199,0.02103680048851488,3615,138,183,64,0.90375,0.0345,0.04575,0.016,0.09624999999999995
1029,2,229,4000,1039,0.001,0.014468537133406872,0.02102830713333632,3626,135,156,83,0.9065,0.03375,0.039,0.02075,0.09350000000000003
1030,2,230,4000,1040,0.001,0.014624012250819836,0.02095158820187589,3657,130,165,48,0.91425,0.0325,0.04125,0.012,0.08574999999999999
1031,2,231,4000,1041,0.001,0.014733238638431363,0.02090997447879,3628,138,174,60,0.907,0.0345,0.0435,0.015,0.09299999999999997
1032,2,232,4000,1042,0.001,0.014760001168359724,0.021104357494226306,3613,148,183,56,0.90325,0.037,0.04575,0.014,0.09675
1033,2,233,4000,1043,0.001,0.014712315257934469,0.021156925956972404,3639,149,156,56,0.90975,0.03725,0.039,0.014,0.09025000000000005
1034,2,234,4000,1044,0.001,0.014967882558939688,0.021113406888170247,3642,126,172,60,0.9105,0.0315,0.043,0.015,0.08950000000000002
1035,2,235,4000,1045,0.001,0.015038370848964751,0.02104748422103147,3637,131,172,60,0.90925,0.03275,0.043,0.015,0.09075
1036,2,236,4000,1046,0.001,0.015058024191847968,0.021168983690031028,3677,124,141,58,0.91925,0.031,0.03525,0.0145,0.08074999999999999
1037,2,237,4000,1047,0.001,0.01520313011573864,0.021222006014599833,3620,146,172,62,0.905,0.0365,0.043,0.0155,0.09499999999999997
1038,2,238,4000,1048,0.001,0.015086756889772807,0.021197497328471388,3660,112,161,67,0.915,0.028,0.04025,0.01675,0.08499999999999996
1039,2,239,4000,1049,0.001,0.014957591311043227,0.021342198533398506,3643,131,174,52,0.91075,0.03275,0.0435,0.013,0.08925000000000005
1040,2,240,4000,1050,0.001,0.015103090522027716,0.02126857106815301,3634,137,162,67,0.9085,0.03425,0.0405,0.01675,0.09150000000000003
1041,2,241,4000,1051,0.001,0.015178036470680936,0.021420681502917753,3663,128,152,57,0.91575,0.032,0.038,0.01425,0.08425000000000005
1042,2,242,4000,1052,0.001,0.015681416770965264,0.021344603043301345,3634,135,172,59,0.9085,0.03375,0.043,0.01475,0.09150000000000003
1043,2,243,4000,1053,0.001,0.01573703750596878,0.021190399799126066,3602,148,179,71,0.9005,0.037,0.04475,0.01775,0.09950000000000003
1044,2,244,4000,1054,0.001,0.015629606166694853,0.021445124063235493,3621,157,167,55,0.90525,0.03925,0.04175,0.01375,0.09475
1045,2,245,4000,1055,0.001,0.015386974994152704,0.021433281597180616,3618,153,170,59,0.9045,0.03825,0.0425,0.01475,0.09550000000000003
1046,2,246,4000,1056,0.001,0.015100669527896394,0.02161536170860404,3633,133,171,63,0.90825,0.03325,0.04275,0.01575,0.09175
1047,2,247,4000,1057,0.001,0.015189459478945493,0.021530994136818565,3639,125,167,69,0.90975,0.03125,0.04175,0.01725,0.09025000000000005
1048,2,248,4000,1058,0.001,0.015426142751836729,0.021665875261202356,3644,139,155,62,0.911,0.03475,0.03875,0.0155,0.08899999999999997
1049,2,249,4000,1059,0.001,0.015693438228765136,0.021684285134914938,3626,133,175,66,0.9065,0.03325,0.04375,0.0165,0.09350000000000003
1050,2,250,4000,1060,0.001,0.015591211991067565,0.021711738799520104,3647,125,170,58,0.91175,0.03125,0.0425,0.0145,0.08825000000000005
1051,2,251,4000,1061,0.001,0.015641689198707245,0.021586853453281582,3640,146,147,67,0.91,0.0365,0.03675,0.01675,0.08999999999999997
1052,2,252,4000,1062,0.001,0.0158907965372593,0.021505444331566686,3643,135,161,61,0.91075,0.03375,0.04025,0.01525,0.08925000000000005
1053,2,253,4000,1063,0.001,0.01579068873291977,0.021617974535968726,3609,134,208,49,0.90225,0.0335,0.052,0.01225,0.09775
1054,2,254,4000,1064,0.001,0.015987004701327537,0.021535283041096125,3645,161,131,63,0.91125,0.04025,0.03275,0.01575,0.08875
1055,2,255,4000,1065,0.001,0.01596941655894144,0.021553952990369777,3654,117,162,67,0.9135,0.02925,0.0405,0.01675,0.08650000000000002
1056,2,256,4000,1066,0.001,0.015965919190512552,0.02154952334024975,3615,141,184,60,0.90375,0.03525,0.046,0.015,0.09624999999999995
1057,2,257,4000,1067,0.001,0.016258892661214296,0.021530438621722128,3615,138,170,77,0.90375,0.0345,0.0425,0.01925,0.09624999999999995
1058,2,258,4000,1068,0.001,0.01638578301306312,0.021516935525594166,3663,124,154,59,0.91575,0.031,0.0385,0.01475,0.08425000000000005
1059,2,259,4000,1069,0.001,0.016855063301905587,0.021593358641820347,3614,133,193,60,0.9035,0.03325,0.04825,0.015,0.09650000000000003
1060,2,260,4000,1070,0.001,0.017050679156274045,0.021570664105598443,3646,135,162,57,0.9115,0.03375,0.0405,0.01425,0.08850000000000002
1061,2,261,4000,1071,0.001,0.017232706601391378,0.021575059766375308,3638,132,170,60,0.9095,0.033,0.0425,0.015,0.09050000000000002
1062,2,262,4000,1072,0.001,0.017232680512281058,0.02154285184862116,3599,164,167,70,0.89975,0.041,0.04175,0.0175,0.10024999999999995
1063,2,263,4000,1073,0.001,0.017276147353520503,0.021530752247931672,3608,146,185,61,0.902,0.0365,0.04625,0.01525,0.09799999999999998
1064,2,264,4000,1074,0.001,0.017347062767396698,0.021525210644683455,3599,134,190,77,0.89975,0.0335,0.0475,0.01925,0.10024999999999995
1065,2,265,4000,1075,0.001,0.017574014737826327,0.02137464932250267,3575,164,189,72,0.89375,0.041,0.04725,0.018,0.10624999999999996
1066,2,266,4000,1076,0.001,0.017614962997074258,0.02154426831068511,3596,142,179,83,0.899,0.0355,0.04475,0.02075,0.10099999999999998
1067,2,267,4000,1077,0.001,0.017734653070449333,0.0215445030965582,3613,139,167,81,0.90325,0.03475,0.04175,0.02025,0.09675
1068,2,268,4000,1078,0.001,0.018123169473111544,0.021493912096286844,3612,144,179,65,0.903,0.036,0.04475,0.01625,0.09699999999999998
1069,2,269,4000,1079,0.001,0.018653407174621828,0.021538210543499692,3587,175,164,74,0.89675,0.04375,0.041,0.0185,0.10324999999999995
1070,2,270,4000,1080,0.001,0.018661001023337,0.021434998787676983,3606,149,171,74,0.9015,0.03725,0.04275,0.0185,0.09850000000000003
1071,2,271,4000,1081,0.001,0.018537867463022505,0.02152082011901718,3590,146,189,75,0.8975,0.0365,0.04725,0.01875,0.10250000000000004
1072,2,272,4000,1082,0.001,0.018437743833831993,0.02160717988992825,3606,145,167,82,0.9015,0.03625,0.04175,0.0205,0.09850000000000003
1073,2,273,4000,1083,0.001,0.018480790888548614,0.02152162755429307,3607,146,177,70,0.90175,0.0365,0.04425,0.0175,0.09824999999999995
1074,2,274,4000,1084,0.001,0.018341096445908193,0.021396518703586158,3601,146,182,71,0.90025,0.0365,0.0455,0.01775,0.09975
1075,2,275,4000,1085,0.001,0.01851878873897736,0.021481551772967483,3600,150,178,72,0.9,0.0375,0.0445,0.018,0.09999999999999998
1076,2,276,4000,1086,0.001,0.018730185814997545,0.021475178029645943,3609,146,167,78,0.90225,0.0365,0.04175,0.0195,0.09775
1077,2,277,4000,1087,0.001,0.018886694060306245,0.02145758039906233,3567,162,192,79,0.89175,0.0405,0.048,0.01975,0.10824999999999996
1078,2,278,4000,1088,0.001,0.01894078603868478,0.02129879350243654,3583,150,190,77,0.89575,0.0375,0.0475,0.01925,0.10424999999999995
1079,2,279,4000,1089,0.001,0.0188594894831658,0.021350033908298545,3590,135,193,82,0.8975,0.03375,0.04825,0.0205,0.10250000000000004
1080,2,280,4000,1090,0.001,0.0186222701341621,0.021257038225087496,3556,185,192,67,0.889,0.04625,0.048,0.01675,0.11099999999999999
1081,2,281,4000,1091,0.001,0.018654416313135927,0.02109646284170107,3614,142,170,74,0.9035,0.0355,0.0425,0.0185,0.09650000000000003
1082,2,282,4000,1092,0.001,0.01878687846615164,0.021143930343731618,3605,136,184,75,0.90125,0.034,0.046,0.01875,0.09875
1083,2,283,4000,1093,0.001,0.018851340465825612,0.021235936318884808,3592,153,176,79,0.898,0.03825,0.044,0.01975,0.10199999999999998
1084,2,284,4000,1094,0.001,0.018985992272922296,0.02141161651866848,3601,146,175,78,0.90025,0.0365,0.04375,0.0195,0.09975
1085,2,285,4000,1095,0.001,0.01907574921900988,0.02130193394867953,3606,154,167,73,0.9015,0.0385,0.04175,0.01825,0.09850000000000003
1086,2,286,4000,1096,0.001,0.019110969675066567,0.021222582885371225,3584,151,194,71,0.896,0.03775,0.0485,0.01775,0.10399999999999998
1087,2,287,4000,1097,0.001,0.019001934911538093,0.021142613172083973,3535,169,210,86,0.88375,0.04225,0.0525,0.0215,0.11624999999999996
1088,2,288,4000,1098,0.001,0.018963762241520854,0.020963105535041625,3614,139,176,71,0.9035,0.03475,0.044,0.01775,0.09650000000000003
1089,2,289,4000,1099,0.001,0.019042203937119265,0.020940858515252053,3581,156,197,66,0.89525,0.039,0.04925,0.0165,0.10475000000000001
1090,2,290,4000,1100,0.001,0.018836037049012284,0.020884491046585796,3582,152,187,79,0.8955,0.038,0.04675,0.01975,0.10450000000000004
1091,2,291,4000,1101,0.001,0.018567257432125703,0.020855124308236866,3586,143,192,79,0.8965,0.03575,0.048,0.01975,0.10350000000000004
1092,2,292,4000,1102,0.001,0.019085293125344606,0.02077411948982525,3605,141,184,70,0.90125,0.03525,0.046,0.0175,0.09875
1093,2,293,4000,1103,0.001,0.019320351173988844,0.02063753820337273,3588,146,192,74,0.897,0.0365,0.048,0.0185,0.10299999999999998
1094,2,294,4000,1104,0.001,0.0190273023622135,0.020667483752690646,3574,156,193,77,0.8935,0.039,0.04825,0.01925,0.10650000000000004
1095,2,295,4000,1105,0.001,0.01895207732902454,0.0206686971987792,3609,157,168,66,0.90225,0.03925,0.042,0.0165,0.09775
1096,2,296,4000,1106,0.001,0.01900612836757219,0.02065221374656165,3582,151,180,87,0.8955,0.03775,0.045,0.02175,0.10450000000000004
1097,2,297,4000,1107,0.001,0.019029928863756415,0.020774123809656396,3585,165,186,64,0.89625,0.04125,0.0465,0.016,0.10375000000000001
1098,2,298,4000,1108,0.001,0.018884571347616275,0.020761659375334012,3579,145,199,77,0.89475,0.03625,0.04975,0.01925,0.10524999999999995
1099,2,299,4000,1109,0.001,0.018877426236588515,0.020910813867752967,3595,148,191,66,0.89875,0.037,0.04775,0.0165,0.10124999999999995
1100,2,300,4000,1110,0.001,0.018786177105207243,0.020849778004509704,3579,155,184,82,0.89475,0.03875,0.046,0.0205,0.10524999999999995
1101,2,301,4000,1111,0.001,0.01881770413308144,0.020899688212401037,3611,136,174,79,0.90275,0.034,0.0435,0.01975,0.09724999999999995
1102,2,302,4000,1112,0.001,0.018846214151942237,0.020893275064674192,3596,151,173,80,0.899,0.03775,0.04325,0.02,0.10099999999999998
1103,2,303,4000,1113,0.001,0.01884850878987897,0.021032076447323713,3605,137,169,89,0.90125,0.03425,0.04225,0.02225,0.09875
1104,2,304,4000,1114,0.001,0.01889124300189838,0.02128546751960031,3578,151,194,77,0.8945,0.03775,0.0485,0.01925,0.10550000000000004
1105,2,305,4000,1115,0.001,0.01901720889370234,0.021338633047790705,3628,132,170,70,0.907,0.033,0.0425,0.0175,0.09299999999999997
1106,2,306,4000,1116,0.001,0.01902347486700654,0.02128788015125874,3547,168,207,78,0.88675,0.042,0.05175,0.0195,0.11324999999999996
1107,2,307,4000,1117,0.001,0.01903036064775433,0.021337971896486813,3617,147,167,69,0.90425,0.03675,0.04175,0.01725,0.09575
1108,2,308,4000,1118,0.001,0.019378645729460398,0.02128245790962576,3563,153,201,83,0.89075,0.03825,0.05025,0.02075,0.10924999999999996
1109,2,309,4000,1119,0.001,0.01941581332566572,0.021327397809766963,3575,173,170,82,0.89375,0.04325,0.0425,0.0205,0.10624999999999996
1110,2,310,4000,1120,0.001,0.019169941087042536,0.021305266769556467,3575,160,190,75,0.89375,0.04,0.0475,0.01875,0.10624999999999996
1111,2,311,4000,1121,0.001,0.019135023577918756,0.021287032751892424,3577,153,183,87,0.89425,0.03825,0.04575,0.02175,0.10575000000000001
1112,2,312,4000,1122,0.001,0.01919689305415398,0.021363630049864635,3588,151,185,76,0.897,0.03775,0.04625,0.019,0.10299999999999998
1113,2,313,4000,1123,0.001,0.018984875978637836,0.021397742348787795,3590,142,184,84,0.8975,0.0355,0.046,0.021,0.10250000000000004
1114,2,314,4000,1124,0.001,0.019431677190470207,0.021633575448702164,3603,137,188,72,0.90075,0.03425,0.047,0.018,0.09924999999999995
1115,2,315,4000,1125,0.001,0.019416896454153648,0.021802311036176705,3570,163,183,84,0.8925,0.04075,0.04575,0.021,0.10750000000000004
1116,2,316,4000,1126,0.001,0.01979166338107664,0.021733062485216625,3585,154,194,67,0.89625,0.0385,0.0485,0.01675,0.10375000000000001
1117,2,317,4000,1127,0.001,0.019880064509371048,0.02164054615472348,3556,163,192,89,0.889,0.04075,0.048,0.02225,0.11099999999999999
1118,2,318,4000,1128,0.001,0.019738062397179606,0.021483625710953917,3591,155,181,73,0.89775,0.03875,0.04525,0.01825,0.10224999999999995
1119,2,319,4000,1129,0.001,0.019556390630222843,0.021542933676953754,3592,163,171,74,0.898,0.04075,0.04275,0.0185,0.10199999999999998
1120,2,320,4000,1130,0.001,0.019641795652801875,0.021438120164113998,3580,146,202,72,0.895,0.0365,0.0505,0.018,0.10499999999999998
1121,2,321,4000,1131,0.001,0.019950441393970734,0.021537697804937438,3593,126,198,83,0.89825,0.0315,0.0495,0.02075,0.10175000000000001
1122,2,322,4000,1132,0.001,0.020172030735120312,0.021674309764510652,3573,154,186,87,0.89325,0.0385,0.0465,0.02175,0.10675000000000001
1123,2,323,4000,1133,0.001,0.02001268270364448,0.02159095768172305,3597,152,169,82,0.89925,0.038,0.04225,0.0205,0.10075
1124,2,324,4000,1134,0.001,0.020061441666364678,0.021528584485736635,3596,150,183,71,0.899,0.0375,0.04575,0.01775,0.10099999999999998
1125,2,325,4000,1135,0.001,0.02000601986642358,0.021673164253693502,3574,154,205,67,0.8935,0.0385,0.05125,0.01675,0.10650000000000004
1126,2,326,4000,1136,0.001,0.019812116900381097,0.021694249375151044,3596,156,176,72,0.899,0.039,0.044,0.018,0.10099999999999998
1127,2,327,4000,1137,0.001,0.019800951964089732,0.02164036477772064,3609,133,190,68,0.90225,0.03325,0.0475,0.017,0.09775
1128,2,328,4000,1138,0.001,0.019792282941166167,0.021669470869065323,3591,137,191,81,0.89775,0.03425,0.04775,0.02025,0.10224999999999995
1129,2,329,4000,1139,0.001,0.019788947137691935,0.02160784212554179,3573,162,188,77,0.89325,0.0405,0.047,0.01925,0.10675000000000001
1130,2,330,4000,1140,0.001,0.019708264966224985,0.021566737916371394,3592,154,174,80,0.898,0.0385,0.0435,0.02,0.10199999999999998
1131,2,331,4000,1141,0.001,0.019842047975114154,0.021597347767971304,3550,160,198,92,0.8875,0.04,0.0495,0.023,0.11250000000000004
1132,2,332,4000,1142,0.001,0.019768278259171542,0.021800404619891026,3559,175,175,91,0.88975,0.04375,0.04375,0.02275,0.11024999999999996
1133,2,333,4000,1143,0.001,0.019953535009245016,0.021885827537663858,3564,163,200,73,0.891,0.04075,0.05,0.01825,0.10899999999999999
1134,2,334,4000,1144,0.001,0.020074717275376228,0.021854241788772343,3563,151,198,88,0.89075,0.03775,0.0495,0.022,0.10924999999999996
1135,2,335,4000,1145,0.001,0.020112681472667947,0.021832513677144446,3554,174,181,91,0.8885,0.0435,0.04525,0.02275,0.11150000000000004
1136,2,336,4000,1146,0.001,0.020469307554407307,0.02165771046958448,3572,160,178,90,0.893,0.04,0.0445,0.0225,0.10699999999999998
1137,2,337,4000,1147,0.001,0.02108502521464601,0.021598578097922382,3567,150,205,78,0.89175,0.0375,0.05125,0.0195,0.10824999999999996
1138,2,338,4000,1148,0.001,0.02102616771390953,0.021593412317194517,3565,142,187,106,0.89125,0.0355,0.04675,0.0265,0.10875000000000001
1139,2,339,4000,1149,0.001,0.02101500548348283,0.021531249678257862,3550,166,204,80,0.8875,0.0415,0.051,0.02,0.11250000000000004
1140,2,340,4000,1150,0.001,0.021073347494561447,0.02134978192515951,3553,154,201,92,0.88825,0.0385,0.05025,0.023,0.11175000000000002
1141,2,341,4000,1151,0.001,0.021013703817387257,0.021409344775182693,3572,138,206,84,0.893,0.0345,0.0515,0.021,0.10699999999999998
1142,2,342,4000,1152,0.001,0.020792150327978706,0.021378062299627708,3535,168,215,82,0.88375,0.042,0.05375,0.0205,0.11624999999999996
1143,2,343,4000,1153,0.001,0.021030187469212612,0.02167333843869365,3588,143,192,77,0.897,0.03575,0.048,0.01925,0.10299999999999998
1144,2,344,4000,1154,0.001,0.020905779407129055,0.02183694047798921,3519,173,213,95,0.87975,0.04325,0.05325,0.02375,0.12024999999999997
1145,2,345,4000,1155,0.001,0.021304459251545733,0.022052806411748498,3542,143,233,82,0.8855,0.03575,0.05825,0.0205,0.11450000000000005
1146,2,346,4000,1156,0.001,0.02150565504001459,0.022078227068492582,3571,150,192,87,0.89275,0.0375,0.048,0.02175,0.10724999999999996
1147,2,347,4000,1157,0.001,0.021533424388112343,0.022084339471417427,3543,183,186,88,0.88575,0.04575,0.0465,0.022,0.11424999999999996
1148,2,348,4000,1158,0.001,0.02157869935510447,0.02209170850486836,3580,153,176,91,0.895,0.03825,0.044,0.02275,0.10499999999999998
1149,2,349,4000,1159,0.001,0.021391677515518064,0.022190021885054832,3560,160,197,83,0.89,0.04,0.04925,0.02075,0.10999999999999999
1150,2,350,4000,1160,0.001,0.021176188229427365,0.02228234781037236,3563,146,198,93,0.89075,0.0365,0.0495,0.02325,0.10924999999999996
1151,2,351,4000,1161,0.001,0.02125848551500514,0.02226066687914807,3566,148,215,71,0.8915,0.037,0.05375,0.01775,0.10850000000000004
1152,2,352,4000,1162,0.001,0.02108021540047448,0.02222367977323417,3579,151,194,76,0.89475,0.03775,0.0485,0.019,0.10524999999999995
1153,2,353,4000,1163,0.001,0.020859286156768977,0.02226838954987275,3551,173,188,88,0.88775,0.04325,0.047,0.022,0.11224999999999996
1154,2,354,4000,1164,0.001,0.020959333211671878,0.022348804708697333,3533,189,180,98,0.88325,0.04725,0.045,0.0245,0.11675000000000002
1155,2,355,4000,1165,0.001,0.021096635677619394,0.02220646685082947,3589,142,173,96,0.89725,0.0355,0.04325,0.024,0.10275000000000001
1156,2,356,4000,1166,0.001,0.021104817441896143,0.022134860406234094,3581,139,203,77,0.89525,0.03475,0.05075,0.01925,0.10475000000000001
1157,2,357,4000,1167,0.001,0.020891862229998122,0.02211297041359222,3564,172,182,82,0.891,0.043,0.0455,0.0205,0.10899999999999999
1158,2,358,4000,1168,0.001,0.020931757383166067,0.022125127380066164,3568,155,191,86,0.892,0.03875,0.04775,0.0215,0.10799999999999998
1159,2,359,4000,1169,0.001,0.020911004189283034,0.02208269802377705,3557,180,178,85,0.88925,0.045,0.0445,0.02125,0.11075000000000002
1160,2,360,4000,1170,0.001,0.020492880037651227,0.022098462894764873,3571,147,203,79,0.89275,0.03675,0.05075,0.01975,0.10724999999999996
1161,2,361,4000,1171,0.001,0.020459858505772335,0.02215833872319306,3563,162,199,76,0.89075,0.0405,0.04975,0.019,0.10924999999999996
1162,2,362,4000,1172,0.001,0.02069522587726353,0.02219362957022876,3552,175,186,87,0.888,0.04375,0.0465,0.02175,0.11199999999999999
1163,2,363,4000,1173,0.001,0.02084928391013474,0.022140384283679197,3585,154,178,83,0.89625,0.0385,0.0445,0.02075,0.10375000000000001
1164,2,364,4000,1174,0.001,0.020860250979992494,0.022038461476389402,3565,182,188,65,0.89125,0.0455,0.047,0.01625,0.10875000000000001
1165,2,365,4000,1175,0.001,0.020884966157016013,0.02209941211456968,3557,160,190,93,0.88925,0.04,0.0475,0.02325,0.11075000000000002
1166,2,366,4000,1176,0.001,0.020687895793799163,0.022069208438720605,3534,150,211,105,0.8835,0.0375,0.05275,0.02625,0.11650000000000005
1167,2,367,4000,1177,0.001,0.020584717839024765,0.022010503823540223,3558,153,197,92,0.8895,0.03825,0.04925,0.023,0.11050000000000004
1168,2,368,4000,1178,0.001,0.020535234210318658,0.022032007478100264,3565,172,187,76,0.89125,0.043,0.04675,0.019,0.10875000000000001
1169,2,369,4000,1179,0.001,0.020912023908517034,0.022140092653136108,3580,165,180,75,0.895,0.04125,0.045,0.01875,0.10499999999999998
1170,2,370,4000,1180,0.001,0.020756006826956143,0.022013542704251033,3569,165,188,78,0.89225,0.04125,0.047,0.0195,0.10775000000000001
1171,2,371,4000,1181,0.001,0.021088144005494167,0.02210495441359465,3547,163,212,78,0.88675,0.04075,0.053,0.0195,0.11324999999999996
1172,2,372,4000,1182,0.001,0.021384699240704366,0.022170680106600598,3526,171,199,104,0.8815,0.04275,0.04975,0.026,0.11850000000000005
1173,2,373,4000,1183,0.001,0.02113881190233574,0.022025789707290994,3552,144,218,86,0.888,0.036,0.0545,0.0215,0.11199999999999999
1174,2,374,4000,1184,0.001,0.020837932160264278,0.02202369390016434,3587,137,177,99,0.89675,0.03425,0.04425,0.02475,0.10324999999999995
1175,2,375,4000,1185,0.001,0.020857181197371757,0.0221791450614081,3547,172,207,74,0.88675,0.043,0.05175,0.0185,0.11324999999999996
1176,2,376,4000,1186,0.001,0.02077198735938051,0.022180390205651532,3595,167,151,87,0.89875,0.04175,0.03775,0.02175,0.10124999999999995
1177,2,377,4000,1187,0.001,0.021013650191288976,0.022273564752826273,3561,169,196,74,0.89025,0.04225,0.049,0.0185,0.10975000000000001
1178,2,378,4000,1188,0.001,0.02125275903813566,0.02225260305019792,3537,177,186,100,0.88425,0.04425,0.0465,0.025,0.11575000000000002
1179,2,379,4000,1189,0.001,0.021032916785954908,0.022168791223431662,3526,179,200,95,0.8815,0.04475,0.05,0.02375,0.11850000000000005
1180,2,380,4000,1190,0.001,0.020973006472500253,0.022184867397912457,3560,169,202,69,0.89,0.04225,0.0505,0.01725,0.10999999999999999
1181,2,381,4000,1191,0.001,0.02069557631148562,0.022251916563626652,3546,175,192,87,0.8865,0.04375,0.048,0.02175,0.11350000000000005
1182,2,382,4000,1192,0.001,0.02084615043960764,0.022128393210721898,3541,177,190,92,0.88525,0.04425,0.0475,0.023,0.11475000000000002
1183,2,383,4000,1193,0.001,0.020739132083362026,0.02228095690955178,3532,176,213,79,0.883,0.044,0.05325,0.01975,0.11699999999999999
1184,2,384,4000,1194,0.001,0.020862733685449535,0.02235271006713777,3555,154,191,100,0.88875,0.0385,0.04775,0.025,0.11124999999999996
1185,2,385,4000,1195,0.001,0.020815621615916102,0.022518276337259252,3533,175,202,90,0.88325,0.04375,0.0505,0.0225,0.11675000000000002
1186,2,386,4000,1196,0.001,0.02063675153947113,0.022369214442836575,3588,163,164,85,0.897,0.04075,0.041,0.02125,0.10299999999999998
1187,2,387,4000,1197,0.001,0.020512282670930294,0.02250883888405036,3548,179,202,71,0.887,0.04475,0.0505,0.01775,0.11299999999999999
1188,2,388,4000,1198,0.001,0.020514917112965356,0.02248425854972173,3560,163,204,73,0.89,0.04075,0.051,0.01825,0.10999999999999999
1189,2,389,4000,1199,0.001,0.02055626999505126,0.02261291291197746,3533,178,187,102,0.88325,0.0445,0.04675,0.0255,0.11675000000000002
1190,2,390,4000,1200,0.001,0.02003955901292327,0.022479067780690563,3564,160,200,76,0.891,0.04,0.05,0.019,0.10899999999999999
1191,2,391,4000,1201,0.001,0.020044089660323963,0.022447482218428887,3565,156,212,67,0.89125,0.039,0.053,0.01675,0.10875000000000001
1192,2,392,4000,1202,0.001,0.020002436165812088,0.02252744013285219,3588,149,186,77,0.897,0.03725,0.0465,0.01925,0.10299999999999998
1193,2,393,4000,1203,0.001,0.019878105997247722,0.022429571139612064,3586,134,190,90,0.8965,0.0335,0.0475,0.0225,0.10350000000000004
1194,2,394,4000,1204,0.001,0.020140544341739612,0.022262251643539913,3587,146,175,92,0.89675,0.0365,0.04375,0.023,0.10324999999999995
1195,2,395,4000,1205,0.001,0.019914181239149613,0.02211885927365673,3587,136,184,93,0.89675,0.034,0.046,0.02325,0.10324999999999995
1196,2,396,4000,1206,0.001,0.01966404650720467,0.022185276162790056,3576,143,206,75,0.894,0.03575,0.0515,0.01875,0.10599999999999998
1197,2,397,4000,1207,0.001,0.019595796790573897,0.021915425254462325,3604,154,170,72,0.901,0.0385,0.0425,0.018,0.09899999999999998
1198,2,398,4000,1208,0.001,0.01952891655960998,0.02201290830618037,3587,147,181,85,0.89675,0.03675,0.04525,0.02125,0.10324999999999995
1199,2,399,4000,1209,0.001,0.01983341671051873,0.021823850915797322,3586,148,195,71,0.8965,0.037,0.04875,0.01775,0.10350000000000004
1200,3,0,4000,1211,0.001,0.010272541244673403,0.019884565736889317,3724,106,128,42,0.931,0.0265,0.032,0.0105,0.06899999999999995
1201,3,1,4000,1212,0.001,0.010137564699683542,0.01984747010914467,3705,108,141,46,0.92625,0.027,0.03525,0.0115,0.07374999999999998
1202,3,2,4000,1213,0.001,0.010134603404933185,0.01992332693986522,3746,97,114,43,0.9365,0.02425,0.0285,0.01075,0.0635
1203,3,3,4000,1214,0.001,0.009866233876187298,0.020097523784530492,3717,115,133,35,0.92925,0.02875,0.03325,0.00875,0.07074999999999998
1204,3,4,4000,1215,0.001,0.009912876963635379,0.020220015854636262,3702,104,147,47,0.9255,0.026,0.03675,0.01175,0.07450000000000001
1205,3,5,4000,1216,0.001,0.010054310429750378,0.020209945120004045,3680,129,146,45,0.92,0.03225,0.0365,0.01125,0.07999999999999996
1206,3,6,4000,1217,0.001,0.0101232227467377,0.020004911449629893,3728,107,126,39,0.932,0.02675,0.0315,0.00975,0.06799999999999995
1207,3,7,4000,1218,0.001,0.010073317980844,0.01999751904129634,3714,113,127,46,0.9285,0.02825,0.03175,0.0115,0.07150000000000001
1208,3,8,4000,1219,0.001,0.010216110594700956,0.019937747394992916,3724,99,127,50,0.931,0.02475,0.03175,0.0125,0.06899999999999995
1209,3,9,4000,1220,0.001,0.01040200071307993,0.019825869568972858,3703,126,126,45,0.92575,0.0315,0.0315,0.01125,0.07425000000000004
1210,3,10,4000,1221,0.001,0.010374267393678884,0.019846683808066833,3703,104,159,34,0.92575,0.026,0.03975,0.0085,0.07425000000000004
1211,3,11,4000,1222,0.001,0.01056386064371604,0.019877647814350363,3688,125,134,53,0.922,0.03125,0.0335,0.01325,0.07799999999999996
1212,3,12,4000,1223,0.001,0.010622242692540045,0.020097155120204536,3686,124,140,50,0.9215,0.031,0.035,0.0125,0.07850000000000001
1213,3,13,4000,1224,0.001,0.01013141175791071,0.019998406725942976,3736,105,124,35,0.934,0.02625,0.031,0.00875,0.06599999999999995
1214,3,14,4000,1225,0.001,0.010417761958688458,0.020019952849754406,3686,124,143,47,0.9215,0.031,0.03575,0.01175,0.07850000000000001
1215,3,15,4000,1226,0.001,0.010430702331463919,0.020219016461089343,3674,132,142,52,0.9185,0.033,0.0355,0.013,0.08150000000000002
1216,3,16,4000,1227,0.001,0.010462707213179047,0.02020918646831207,3675,136,151,38,0.91875,0.034,0.03775,0.0095,0.08125000000000004
1217,3,17,4000,1228,0.001,0.010523609356221821,0.020353862175589387,3701,117,134,48,0.92525,0.02925,0.0335,0.012,0.07474999999999998
1218,3,18,4000,1229,0.001,0.010431048553038978,0.020356589023532032,3713,103,141,43,0.92825,0.02575,0.03525,0.01075,0.07174999999999998
1219,3,19,4000,1230,0.001,0.010537781347878833,0.020289376660852513,3703,119,135,43,0.92575,0.02975,0.03375,0.01075,0.07425000000000004
1220,3,20,4000,1231,0.001,0.010724228803994576,0.020251936283045537,3706,125,118,51,0.9265,0.03125,0.0295,0.01275,0.07350000000000001
1221,3,21,4000,1232,0.001,0.010671237078359732,0.02044514453944492,3670,125,170,35,0.9175,0.03125,0.0425,0.00875,0.08250000000000002
1222,3,22,4000,1233,0.001,0.010944557044097082,0.020391821089673644,3717,107,141,35,0.92925,0.02675,0.03525,0.00875,0.07074999999999998
1223,3,23,4000,1234,0.001,0.010898865685670969,0.02040781818183063,3677,124,160,39,0.91925,0.031,0.04,0.00975,0.08074999999999999
1224,3,24,4000,1235,0.001,0.010833468576895702,0.020391644685642193,3730,114,117,39,0.9325,0.0285,0.02925,0.00975,0.0675
1225,3,25,4000,1236,0.001,0.01106664426977335,0.020566822730779637,3669,138,151,42,0.91725,0.0345,0.03775,0.0105,0.08274999999999999
1226,3,26,4000,1237,0.001,0.010894121276583147,0.020439527195951036,3693,121,145,41,0.92325,0.03025,0.03625,0.01025,0.07674999999999998
1227,3,27,4000,1238,0.001,0.01124881573446716,0.02028588646532313,3683,131,144,42,0.92075,0.03275,0.036,0.0105,0.07925000000000004
1228,3,28,4000,1239,0.001,0.011560119285608845,0.020326435960661426,3698,132,136,34,0.9245,0.033,0.034,0.0085,0.07550000000000001
1229,3,29,4000,1240,0.001,0.011524831846816262,0.020319533565041136,3735,108,114,43,0.93375,0.027,0.0285,0.01075,0.06625000000000003
1230,3,30,4000,1241,0.001,0.011768264191165624,0.020181710930835792,3678,137,134,51,0.9195,0.03425,0.0335,0.01275,0.08050000000000002
1231,3,31,4000,1242,0.001,0.011877174457728151,0.020297389593271497,3683,122,149,46,0.92075,0.0305,0.03725,0.0115,0.07925000000000004
1232,3,32,4000,1243,0.001,0.01194517691596361,0.020211805413898058,3666,132,150,52,0.9165,0.033,0.0375,0.013,0.08350000000000002
1233,3,33,4000,1244,0.001,0.012080145026907782,0.02017456255855265,3694,108,156,42,0.9235,0.027,0.039,0.0105,0.07650000000000001
1234,3,34,4000,1245,0.001,0.011907089855730336,0.020163802563870264,3678,127,139,56,0.9195,0.03175,0.03475,0.014,0.08050000000000002
1235,3,35,4000,1246,0.001,0.0121206471073073,0.020222231145811533,3689,122,152,37,0.92225,0.0305,0.038,0.00925,0.07774999999999999
1236,3,36,4000,1247,0.001,0.01191089467787061,0.020288919807232738,3691,117,144,48,0.92275,0.02925,0.036,0.012,0.07725000000000004
1237,3,37,4000,1248,0.001,0.011808561549836291,0.020416459234613094,3686,105,157,52,0.9215,0.02625,0.03925,0.013,0.07850000000000001
1238,3,38,4000,1249,0.001,0.012097130061287532,0.020342788793443402,3697,129,135,39,0.92425,0.03225,0.03375,0.00975,0.07574999999999998
1239,3,39,4000,1250,0.001,0.012277403097465651,0.02035401772769562,3687,121,136,56,0.92175,0.03025,0.034,0.014,0.07825000000000004
1240,3,40,4000,1251,0.001,0.012215900056292618,0.020501380282401567,3646,131,167,56,0.9115,0.03275,0.04175,0.014,0.08850000000000002
1241,3,41,4000,1252,0.001,0.01255293427627533,0.02060490384311284,3664,121,157,58,0.916,0.03025,0.03925,0.0145,0.08399999999999996
1242,3,42,4000,1253,0.001,0.01263601974184288,0.020552258578991917,3683,126,135,56,0.92075,0.0315,0.03375,0.014,0.07925000000000004
1243,3,43,4000,1254,0.001,0.012445351201524183,0.020673391801605,3678,133,149,40,0.9195,0.03325,0.03725,0.01,0.08050000000000002
1244,3,44,4000,1255,0.001,0.012335935973305037,0.020667802541238397,3708,114,141,37,0.927,0.0285,0.03525,0.00925,0.07299999999999995
1245,3,45,4000,1256,0.001,0.01259008703166717,0.020633210843045615,3668,120,155,57,0.917,0.03,0.03875,0.01425,0.08299999999999996
1246,3,46,4000,1257,0.001,0.012539270483309021,0.020565557412123646,3663,126,155,56,0.91575,0.0315,0.03875,0.014,0.08425000000000005
1247,3,47,4000,1258,0.001,0.012592657820182025,0.020771651319709022,3695,116,133,56,0.92375,0.029,0.03325,0.014,0.07625000000000004
1248,3,48,4000,1259,0.001,0.012831601148106012,0.020508910075421216,3679,124,146,51,0.91975,0.031,0.0365,0.01275,0.08025000000000004
1249,3,49,4000,1260,0.001,0.012902398268953896,0.020576679230593097,3670,132,146,52,0.9175,0.033,0.0365,0.013,0.08250000000000002
1250,3,50,4000,1261,0.001,0.01292182368042712,0.020759776202985695,3665,131,142,62,0.91625,0.03275,0.0355,0.0155,0.08374999999999999
1251,3,51,4000,1262,0.001,0.013051229529104438,0.02094108150851728,3672,120,161,47,0.918,0.03,0.04025,0.01175,0.08199999999999996
1252,3,52,4000,1263,0.001,0.013382730568073839,0.0210090660287494,3672,124,148,56,0.918,0.031,0.037,0.014,0.08199999999999996
1253,3,53,4000,1264,0.001,0.013468526744032183,0.021137840964607097,3646,137,158,59,0.9115,0.03425,0.0395,0.01475,0.08850000000000002
1254,3,54,4000,1265,0.001,0.013655467845595185,0.02122670349049172,3673,130,146,51,0.91825,0.0325,0.0365,0.01275,0.08174999999999999
1255,3,55,4000,1266,0.001,0.013677084503700278,0.02126795986839863,3673,128,147,52,0.91825,0.032,0.03675,0.013,0.08174999999999999
1256,3,56,4000,1267,0.001,0.013751685295892907,0.021398487727048818,3678,116,150,56,0.9195,0.029,0.0375,0.014,0.08050000000000002
1257,3,57,4000,1268,0.001,0.013974877896194556,0.02147935181467351,3632,125,182,61,0.908,0.03125,0.0455,0.01525,0.09199999999999997
1258,3,58,4000,1269,0.001,0.013891870133054233,0.021443709260577662,3646,140,155,59,0.9115,0.035,0.03875,0.01475,0.08850000000000002
1259,3,59,4000,1270,0.001,0.014268778527349642,0.02136620706491874,3630,145,159,66,0.9075,0.03625,0.03975,0.0165,0.09250000000000003
1260,3,60,4000,1271,0.001,0.01417215280672545,0.02140227389613538,3623,127,184,66,0.90575,0.03175,0.046,0.0165,0.09424999999999994
1261,3,61,4000,1272,0.001,0.014447581957022032,0.021296447024038087,3658,116,156,70,0.9145,0.029,0.039,0.0175,0.08550000000000002
1262,3,62,4000,1273,0.001,0.014389188699206322,0.021308579270246483,3638,143,166,53,0.9095,0.03575,0.0415,0.01325,0.09050000000000002
1263,3,63,4000,1274,0.001,0.014738155939028327,0.0213250012291857,3627,133,176,64,0.90675,0.03325,0.044,0.016,0.09325000000000006
1264,3,64,4000,1275,0.001,0.01491180450161525,0.021338391655436974,3657,131,159,53,0.91425,0.03275,0.03975,0.01325,0.08574999999999999
1265,3,65,4000,1276,0.001,0.01457760943905544,0.021388536933892685,3633,143,165,59,0.90825,0.03575,0.04125,0.01475,0.09175
1266,3,66,4000,1277,0.001,0.01468773100738183,0.021328429109900522,3659,136,145,60,0.91475,0.034,0.03625,0.015,0.08525000000000005
1267,3,67,4000,1278,0.001,0.014624558467372907,0.021407628853608487,3649,134,154,63,0.91225,0.0335,0.0385,0.01575,0.08775
1268,3,68,4000,1279,0.001,0.01446317494323025,0.02127468707671125,3627,161,167,45,0.90675,0.04025,0.04175,0.01125,0.09325000000000006
1269,3,69,4000,1280,0.001,0.01416202217274494,0.02131989516049692,3663,121,165,51,0.91575,0.03025,0.04125,0.01275,0.08425000000000005
1270,3,70,4000,1281,0.001,0.014655944898987737,0.02143389135180246,3642,134,169,55,0.9105,0.0335,0.04225,0.01375,0.08950000000000002
1271,3,71,4000,1282,0.001,0.014900416496769984,0.02145253920199751,3647,117,168,68,0.91175,0.02925,0.042,0.017,0.08825000000000005
1272,3,72,4000,1283,0.001,0.014784182756784765,0.021376679197819513,3618,126,181,75,0.9045,0.0315,0.04525,0.01875,0.09550000000000003
1273,3,73,4000,1284,0.001,0.015203806555679602,0.021374165764802555,3637,134,166,63,0.90925,0.0335,0.0415,0.01575,0.09075
1274,3,74,4000,1285,0.001,0.015079420058929984,0.02125426759096275,3624,142,166,68,0.906,0.0355,0.0415,0.017,0.09399999999999997
1275,3,75,4000,1286,0.001,0.01533219709846202,0.021327332558656816,3652,134,159,55,0.913,0.0335,0.03975,0.01375,0.08699999999999997
1276,3,76,4000,1287,0.001,0.015454834337787169,0.021502530070844395,3613,142,169,76,0.90325,0.0355,0.04225,0.019,0.09675
1277,3,77,4000,1288,0.001,0.015556868099342053,0.02173408652284256,3618,150,180,52,0.9045,0.0375,0.045,0.013,0.09550000000000003
1278,3,78,4000,1289,0.001,0.015500801643619659,0.021749283609769535,3640,135,163,62,0.91,0.03375,0.04075,0.0155,0.08999999999999997
1279,3,79,4000,1290,0.001,0.015377662390317248,0.021814500414439213,3652,130,163,55,0.913,0.0325,0.04075,0.01375,0.08699999999999997
1280,3,80,4000,1291,0.001,0.015580913998033831,0.02203360246893675,3617,143,174,66,0.90425,0.03575,0.0435,0.0165,0.09575
1281,3,81,4000,1292,0.001,0.01528719083722376,0.021784295828372588,3641,134,170,55,0.91025,0.0335,0.0425,0.01375,0.08975
1282,3,82,4000,1293,0.001,0.015536069030432838,0.021542171588737537,3652,135,158,55,0.913,0.03375,0.0395,0.01375,0.08699999999999997
1283,3,83,4000,1294,0.001,0.015543161168293233,0.021617226183159928,3634,126,179,61,0.9085,0.0315,0.04475,0.01525,0.09150000000000003
1284,3,84,4000,1295,0.001,0.015734274496737085,0.0217319692262156,3659,122,161,58,0.91475,0.0305,0.04025,0.0145,0.08525000000000005
1285,3,85,4000,1296,0.001,0.01591776549126716,0.021916450895480357,3618,133,176,73,0.9045,0.03325,0.044,0.01825,0.09550000000000003
1286,3,86,4000,1297,0.001,0.015965280369298222,0.02191760954511778,3664,114,157,65,0.916,0.0285,0.03925,0.01625,0.08399999999999996
1287,3,87,4000,1298,0.001,0.015959815258154167,0.02194156137878358,3653,124,162,61,0.91325,0.031,0.0405,0.01525,0.08675
1288,3,88,4000,1299,0.001,0.016163336272442954,0.02198979000439181,3636,141,160,63,0.909,0.03525,0.04,0.01575,0.09099999999999997
1289,3,89,4000,1300,0.001,0.01626272131846901,0.021972622385856996,3639,144,158,59,0.90975,0.036,0.0395,0.01475,0.09025000000000005
1290,3,90,4000,1301,0.001,0.016284106686737902,0.02185824839450393,3627,128,176,69,0.90675,0.032,0.044,0.01725,0.09325000000000006
1291,3,91,4000,1302,0.001,0.016398422881442942,0.02189058118173129,3606,153,169,72,0.9015,0.03825,0.04225,0.018,0.09850000000000003
1292,3,92,4000,1303,0.001,0.016098547579518573,0.021936122589420372,3613,143,171,73,0.90325,0.03575,0.04275,0.01825,0.09675
1293,3,93,4000,1304,0.001,0.016150349287400764,0.022060863328463565,3621,152,158,69,0.90525,0.038,0.0395,0.01725,0.09475
1294,3,94,4000,1305,0.001,0.01621821230920124,0.02208770492993937,3634,150,161,55,0.9085,0.0375,0.04025,0.01375,0.09150000000000003
1295,3,95,4000,1306,0.001,0.016496630933152727,0.022040371699278576,3616,144,177,63,0.904,0.036,0.04425,0.01575,0.09599999999999997
1296,3,96,4000,1307,0.001,0.016851965872133504,0.022056177379084337,3619,130,190,61,0.90475,0.0325,0.0475,0.01525,0.09524999999999995
1297,3,97,4000,1308,0.001,0.01653095180394072,0.0219818115908327,3646,139,155,60,0.9115,0.03475,0.03875,0.015,0.08850000000000002
1298,3,98,4000,1309,0.001,0.01674301070751504,0.021982538551047474,3626,143,168,63,0.9065,0.03575,0.042,0.01575,0.09350000000000003
1299,3,99,4000,1310,0.001,0.01673483390717101,0.022042541961113528,3630,137,170,63,0.9075,0.03425,0.0425,0.01575,0.09250000000000003
1300,3,100,4000,1311,0.001,0.016710819013951772,0.021984514566606557,3622,138,169,71,0.9055,0.0345,0.04225,0.01775,0.09450000000000003
1301,3,101,4000,1312,0.001,0.016459741729147482,0.02211257908155136,3622,136,171,71,0.9055,0.034,0.04275,0.01775,0.09450000000000003
1302,3,102,4000,1313,0.001,0.016894077028260845,0.022142378108616433,3615,154,175,56,0.90375,0.0385,0.04375,0.014,0.09624999999999995
1303,3,103,4000,1314,0.001,0.01673809108117444,0.022363106961254264,3661,148,143,48,0.91525,0.037,0.03575,0.012,0.08474999999999999
1304,3,104,4000,1315,0.001,0.01692916650078468,0.022240531980429495,3611,144,173,72,0.90275,0.036,0.04325,0.018,0.09724999999999995
1305,3,105,4000,1316,0.001,0.017051597586017313,0.02217678037761158,3625,141,160,74,0.90625,0.03525,0.04,0.0185,0.09375
1306,3,106,4000,1317,0.001,0.01709166048815225,0.02213938716618205,3656,116,168,60,0.914,0.029,0.042,0.015,0.08599999999999997
1307,3,107,4000,1318,0.001,0.01752565693426714,0.022087127503092555,3595,149,186,70,0.89875,0.03725,0.0465,0.0175,0.10124999999999995
1308,3,108,4000,1319,0.001,0.0179309736595596,0.022190710774537943,3591,163,167,79,0.89775,0.04075,0.04175,0.01975,0.10224999999999995
1309,3,109,4000,1320,0.001,0.018121486759650043,0.02231324705268424,3536,177,202,85,0.884,0.04425,0.0505,0.02125,0.11599999999999999
1310,3,110,4000,1321,0.001,0.018515063242133967,0.022393850182085277,3565,156,198,81,0.89125,0.039,0.0495,0.02025,0.10875000000000001
1311,3,111,4000,1322,0.001,0.018558855793187716,0.02253439827925909,3595,118,211,76,0.89875,0.0295,0.05275,0.019,0.10124999999999995
1312,3,112,4000,1323,0.001,0.018581519894012074,0.022487689607483912,3609,156,171,64,0.90225,0.039,0.04275,0.016,0.09775
1313,3,113,4000,1324,0.001,0.018740879697550776,0.022556927733243567,3572,151,193,84,0.893,0.03775,0.04825,0.021,0.10699999999999998
1314,3,114,4000,1325,0.001,0.018662242488812465,0.02255628169391254,3582,166,184,68,0.8955,0.0415,0.046,0.017,0.10450000000000004
1315,3,115,4000,1326,0.001,0.018692443747975386,0.02259420643653167,3595,140,187,78,0.89875,0.035,0.04675,0.0195,0.10124999999999995
1316,3,116,4000,1327,0.001,0.01867023151461083,0.02255287726454356,3587,156,187,70,0.89675,0.039,0.04675,0.0175,0.10324999999999995
1317,3,117,4000,1328,0.001,0.018740969682169456,0.02248292928122876,3596,149,185,70,0.899,0.03725,0.04625,0.0175,0.10099999999999998
1318,3,118,4000,1329,0.001,0.01878827956777629,0.022369155504965918,3578,155,181,86,0.8945,0.03875,0.04525,0.0215,0.10550000000000004
1319,3,119,4000,1330,0.001,0.018617763871798917,0.02245601309018351,3565,157,213,65,0.89125,0.03925,0.05325,0.01625,0.10875000000000001
1320,3,120,4000,1331,0.001,0.018861129147370335,0.0224433185132291,3596,139,179,86,0.899,0.03475,0.04475,0.0215,0.10099999999999998
1321,3,121,4000,1332,0.001,0.01879330293219142,0.02257942544701069,3552,157,206,85,0.888,0.03925,0.0515,0.02125,0.11199999999999999
1322,3,122,4000,1333,0.001,0.018771892465937166,0.022543779396252926,3611,155,148,86,0.90275,0.03875,0.037,0.0215,0.09724999999999995
1323,3,123,4000,1334,0.001,0.018672028667533674,0.022575887482693173,3591,154,180,75,0.89775,0.0385,0.045,0.01875,0.10224999999999995
1324,3,124,4000,1335,0.001,0.018912044232844278,0.022583163195858156,3545,177,187,91,0.88625,0.04425,0.04675,0.02275,0.11375000000000002
1325,3,125,4000,1336,0.001,0.018939957599661276,0.022369284050607202,3610,142,175,73,0.9025,0.0355,0.04375,0.01825,0.09750000000000003
1326,3,126,4000,1337,0.001,0.018699804286834373,0.02226405544175682,3561,175,186,78,0.89025,0.04375,0.0465,0.0195,0.10975000000000001
1327,3,127,4000,1338,0.001,0.018865469267004765,0.022278394234087735,3609,134,187,70,0.90225,0.0335,0.04675,0.0175,0.09775
1328,3,128,4000,1339,0.001,0.018804394502717123,0.02223145077947168,3593,149,190,68,0.89825,0.03725,0.0475,0.017,0.10175000000000001
1329,3,129,4000,1340,0.001,0.018851698930313618,0.022327464847887366,3591,144,190,75,0.89775,0.036,0.0475,0.01875,0.10224999999999995
1330,3,130,4000,1341,0.001,0.018708310965659395,0.02212453676924756,3603,137,184,76,0.90075,0.03425,0.046,0.019,0.09924999999999995
1331,3,131,4000,1342,0.001,0.018917835405725874,0.022124274896578183,3584,165,181,70,0.896,0.04125,0.04525,0.0175,0.10399999999999998
1332,3,132,4000,1343,0.001,0.018995933074751236,0.02207688701134835,3622,127,175,76,0.9055,0.03175,0.04375,0.019,0.09450000000000003
1333,3,133,4000,1344,0.001,0.01867871184772031,0.022141490953894102,3591,151,183,75,0.89775,0.03775,0.04575,0.01875,0.10224999999999995
1334,3,134,4000,1345,0.001,0.01874072629732468,0.022057335933254874,3598,139,196,67,0.8995,0.03475,0.049,0.01675,0.10050000000000003
1335,3,135,4000,1346,0.001,0.018841698267979042,0.021939272549687944,3578,144,199,79,0.8945,0.036,0.04975,0.01975,0.10550000000000004
1336,3,136,4000,1347,0.001,0.01882937340834066,0.021969343164542725,3521,181,226,72,0.88025,0.04525,0.0565,0.018,0.11975000000000002
1337,3,137,4000,1348,0.001,0.019068628941674673,0.02191876561492145,3594,154,184,68,0.8985,0.0385,0.046,0.017,0.10150000000000003
1338,3,138,4000,1349,0.001,0.019347623851767002,0.021944576535373073,3573,154,206,67,0.89325,0.0385,0.0515,0.01675,0.10675000000000001
1339,3,139,4000,1350,0.001,0.019700286256978873,0.021929113563402113,3544,166,190,100,0.886,0.0415,0.0475,0.025,0.11399999999999999
1340,3,140,4000,1351,0.001,0.01961310376430826,0.021977718278900847,3577,160,181,82,0.89425,0.04,0.04525,0.0205,0.10575000000000001
1341,3,141,4000,1352,0.001,0.019732211407480757,0.022033218318300293,3581,147,187,85,0.89525,0.03675,0.04675,0.02125,0.10475000000000001
1342,3,142,4000,1353,0.001,0.019679876822129055,0.021951989196557577,3528,158,234,80,0.882,0.0395,0.0585,0.02,0.118
1343,3,143,4000,1354,0.001,0.019429608335447206,0.021888940266512117,3588,145,197,70,0.897,0.03625,0.04925,0.0175,0.10299999999999998
1344,3,144,4000,1355,0.001,0.019278828433490554,0.021899416094345623,3581,152,189,78,0.89525,0.038,0.04725,0.0195,0.10475000000000001
1345,3,145,4000,1356,0.001,0.019595267834444298,0.021794861926576453,3605,152,177,66,0.90125,0.038,0.04425,0.0165,0.09875
1346,3,146,4000,1357,0.001,0.01998754296136014,0.021611514936547435,3557,167,203,73,0.88925,0.04175,0.05075,0.01825,0.11075000000000002
1347,3,147,4000,1358,0.001,0.019821762945298686,0.021523010220769728,3539,163,215,83,0.88475,0.04075,0.05375,0.02075,0.11524999999999996
1348,3,148,4000,1359,0.001,0.019960034690680025,0.021527044952406118,3601,138,179,82,0.90025,0.0345,0.04475,0.0205,0.09975
1349,3,149,4000,1360,0.001,0.020073726425342303,0.021574984295053543,3579,162,179,80,0.89475,0.0405,0.04475,0.02,0.10524999999999995
1350,3,150,4000,1361,0.001,0.019950265572689398,0.021514331139175315,3582,153,199,66,0.8955,0.03825,0.04975,0.0165,0.10450000000000004
1351,3,151,4000,1362,0.001,0.019743623350784147,0.02161154938664099,3581,150,190,79,0.89525,0.0375,0.0475,0.01975,0.10475000000000001
1352,3,152,4000,1363,0.001,0.019482913795639878,0.02153826850923628,3583,147,185,85,0.89575,0.03675,0.04625,0.02125,0.10424999999999995
1353,3,153,4000,1364,0.001,0.019094641998640895,0.0215132984431058,3594,145,190,71,0.8985,0.03625,0.0475,0.01775,0.10150000000000003
1354,3,154,4000,1365,0.001,0.0190302141258632,0.021553923413728644,3567,162,192,79,0.89175,0.0405,0.048,0.01975,0.10824999999999996
1355,3,155,4000,1366,0.001,0.01909784839154822,0.02148411235665869,3573,166,185,76,0.89325,0.0415,0.04625,0.019,0.10675000000000001
1356,3,156,4000,1367,0.001,0.01899478663424623,0.021560254103028902,3601,151,177,71,0.90025,0.03775,0.04425,0.01775,0.09975
1357,3,157,4000,1368,0.001,0.018771294950476174,0.02150996548031296,3574,159,185,82,0.8935,0.03975,0.04625,0.0205,0.10650000000000004
1358,3,158,4000,1369,0.001,0.018751524347055976,0.021552414427822252,3583,169,179,69,0.89575,0.04225,0.04475,0.01725,0.10424999999999995
1359,3,159,4000,1370,0.001,0.018880319460866046,0.021667458497479523,3588,156,185,71,0.897,0.039,0.04625,0.01775,0.10299999999999998
1360,3,160,4000,1371,0.001,0.018449603142675908,0.021685732903982232,3594,155,180,71,0.8985,0.03875,0.045,0.01775,0.10150000000000003
1361,3,161,4000,1372,0.001,0.018104477586183533,0.02153969803102921,3579,145,195,81,0.89475,0.03625,0.04875,0.02025,0.10524999999999995
1362,3,162,4000,1373,0.001,0.018240564249572534,0.021528408486477274,3613,146,168,73,0.90325,0.0365,0.042,0.01825,0.09675
1363,3,163,4000,1374,0.001,0.0182924997290492,0.021573018979683015,3582,157,181,80,0.8955,0.03925,0.04525,0.02,0.10450000000000004
1364,3,164,4000,1375,0.001,0.018093484578734303,0.021601591520932825,3641,128,163,68,0.91025,0.032,0.04075,0.017,0.08975
1365,3,165,4000,1376,0.001,0.017955610851958397,0.021592946097854292,3569,151,189,91,0.89225,0.03775,0.04725,0.02275,0.10775000000000001
1366,3,166,4000,1377,0.001,0.017731380837978688,0.02170574277505772,3608,167,164,61,0.902,0.04175,0.041,0.01525,0.09799999999999998
1367,3,167,4000,1378,0.001,0.01815474924366249,0.021766905891628045,3623,156,166,55,0.90575,0.039,0.0415,0.01375,0.09424999999999994
1368,3,168,4000,1379,0.001,0.018022487210329573,0.021710966855131394,3601,142,176,81,0.90025,0.0355,0.044,0.02025,0.09975
1369,3,169,4000,1380,0.001,0.0179419825256828,0.02166541229658042,3574,167,178,81,0.8935,0.04175,0.0445,0.02025,0.10650000000000004
1370,3,170,4000,1381,0.001,0.017513207641407402,0.021661749669652577,3616,147,168,69,0.904,0.03675,0.042,0.01725,0.09599999999999997
1371,3,171,4000,1382,0.001,0.01736344044911528,0.021793132641392272,3611,151,181,57,0.90275,0.03775,0.04525,0.01425,0.09724999999999995
1372,3,172,4000,1383,0.001,0.017259604293344517,0.0217376564330372,3577,163,174,86,0.89425,0.04075,0.0435,0.0215,0.10575000000000001
1373,3,173,4000,1384,0.001,0.01698278960050694,0.02176311047071212,3624,151,155,70,0.906,0.03775,0.03875,0.0175,0.09399999999999997
1374,3,174,4000,1385,0.001,0.017564499302464488,0.021843866502532436,3578,178,180,64,0.8945,0.0445,0.045,0.016,0.10550000000000004
1375,3,175,4000,1386,0.001,0.017612910426019326,0.022060977570047765,3559,177,194,70,0.88975,0.04425,0.0485,0.0175,0.11024999999999996
1376,3,176,4000,1387,0.001,0.01773597689100284,0.022160559189439984,3580,155,189,76,0.895,0.03875,0.04725,0.019,0.10499999999999998
1377,3,177,4000,1388,0.001,0.017824098691193634,0.02226768589290408,3549,155,217,79,0.88725,0.03875,0.05425,0.01975,0.11275000000000002
1378,3,178,4000,1389,0.001,0.017843588647641406,0.022107781718333,3599,145,168,88,0.89975,0.03625,0.042,0.022,0.10024999999999995
1379,3,179,4000,1390,0.001,0.018023741303566876,0.022104706496832202,3598,149,183,70,0.8995,0.03725,0.04575,0.0175,0.10050000000000003
1380,3,180,4000,1391,0.001,0.018081338801542956,0.022084209701353462,3587,159,176,78,0.89675,0.03975,0.044,0.0195,0.10324999999999995
1381,3,181,4000,1392,0.001,0.017820991873229792,0.022087119924802355,3610,148,168,74,0.9025,0.037,0.042,0.0185,0.09750000000000003
1382,3,182,4000,1393,0.001,0.017830959070438888,0.022018169485712318,3602,146,181,71,0.9005,0.0365,0.04525,0.01775,0.09950000000000003
1383,3,183,4000,1394,0.001,0.0176088150771006,0.022020011792568985,3616,132,167,85,0.904,0.033,0.04175,0.02125,0.09599999999999997
1384,3,184,4000,1395,0.001,0.017365890974275964,0.021879255218338108,3631,146,162,61,0.90775,0.0365,0.0405,0.01525,0.09225000000000005
1385,3,185,4000,1396,0.001,0.017620206876200847,0.021785895539370388,3591,144,194,71,0.89775,0.036,0.0485,0.01775,0.10224999999999995
1386,3,186,4000,1397,0.001,0.017305129255363302,0.02182575078154763,3568,154,205,73,0.892,0.0385,0.05125,0.01825,0.10799999999999998
1387,3,187,4000,1398,0.001,0.017560407884308887,0.021728467239145604,3563,150,211,76,0.89075,0.0375,0.05275,0.019,0.10924999999999996
1388,3,188,4000,1399,0.001,0.017371276461161638,0.0217583558704132,3644,153,145,58,0.911,0.03825,0.03625,0.0145,0.08899999999999997
1389,3,189,4000,1400,0.001,0.01732528768742447,0.02171881835257512,3606,128,182,84,0.9015,0.032,0.0455,0.021,0.09850000000000003
1390,3,190,4000,1401,0.001,0.017475687884201552,0.0219160790629287,3608,123,198,71,0.902,0.03075,0.0495,0.01775,0.09799999999999998
1391,3,191,4000,1402,0.001,0.01743966400185432,0.021998386769332405,3619,136,176,69,0.90475,0.034,0.044,0.01725,0.09524999999999995
1392,3,192,4000,1403,0.001,0.01779625725202376,0.02198808750090576,3604,142,185,69,0.901,0.0355,0.04625,0.01725,0.09899999999999998
1393,3,193,4000,1404,0.001,0.017841692817980148,0.021957428200986246,3610,145,175,70,0.9025,0.03625,0.04375,0.0175,0.09750000000000003
1394,3,194,4000,1405,0.001,0.017993152025629174,0.021983568468365956,3637,146,168,49,0.90925,0.0365,0.042,0.01225,0.09075
1395,3,195,4000,1406,0.001,0.01793200105171488,0.021933615316167773,3580,152,183,85,0.895,0.038,0.04575,0.02125,0.10499999999999998
1396,3,196,4000,1407,0.001,0.01794724208752657,0.022001019295286334,3610,142,174,74,0.9025,0.0355,0.0435,0.0185,0.09750000000000003
1397,3,197,4000,1408,0.001,0.01780850471845861,0.02190276726892239,3578,156,193,73,0.8945,0.039,0.04825,0.01825,0.10550000000000004
1398,3,198,4000,1409,0.001,0.017903857786457554,0.021841034061135783,3565,158,203,74,0.89125,0.0395,0.05075,0.0185,0.10875000000000001
1399,3,199,4000,1410,0.001,0.017559056167134456,0.021749308778978675,3555,167,196,82,0.88875,0.04175,0.049,0.0205,0.11124999999999996
1400,3,200,4000,1411,0.001,0.017892064039700794,0.02172784839875729,3626,145,173,56,0.9065,0.03625,0.04325,0.014,0.09350000000000003
1401,3,201,4000,1412,0.001,0.017830541401460884,0.021803614597403584,3607,151,168,74,0.90175,0.03775,0.042,0.0185,0.09824999999999995
1402,3,202,4000,1413,0.001,0.01774698511882802,0.02201130619887861,3592,148,191,69,0.898,0.037,0.04775,0.01725,0.10199999999999998
1403,3,203,4000,1414,0.001,0.017661865496568743,0.021981389382087962,3563,153,207,77,0.89075,0.03825,0.05175,0.01925,0.10924999999999996
1404,3,204,4000,1415,0.001,0.017775950707343384,0.02216020180031094,3559,176,184,81,0.88975,0.044,0.046,0.02025,0.11024999999999996
1405,3,205,4000,1416,0.001,0.018351191941737496,0.0223659736955473,3581,157,185,77,0.89525,0.03925,0.04625,0.01925,0.10475000000000001
1406,3,206,4000,1417,0.001,0.018058602461935146,0.022475919882663453,3611,143,187,59,0.90275,0.03575,0.04675,0.01475,0.09724999999999995
1407,3,207,4000,1418,0.001,0.017789210092536624,0.022272337341319143,3601,155,181,63,0.90025,0.03875,0.04525,0.01575,0.09975
1408,3,208,4000,1419,0.001,0.017551828654261564,0.022320854096663255,3600,158,173,69,0.9,0.0395,0.04325,0.01725,0.09999999999999998
1409,3,209,4000,1420,0.001,0.018237012251254334,0.02248020127175377,3611,147,173,69,0.90275,0.03675,0.04325,0.01725,0.09724999999999995
1410,3,210,4000,1421,0.001,0.018065664877700796,0.02228189155303391,3578,162,195,65,0.8945,0.0405,0.04875,0.01625,0.10550000000000004
1411,3,211,4000,1422,0.001,0.01818003932013513,0.02215380600398671,3598,146,185,71,0.8995,0.0365,0.04625,0.01775,0.10050000000000003
1412,3,212,4000,1423,0.001,0.01849432230756426,0.022088502195280718,3581,172,169,78,0.89525,0.043,0.04225,0.0195,0.10475000000000001
1413,3,213,4000,1424,0.001,0.018303717751679743,0.021944815551793437,3599,158,162,81,0.89975,0.0395,0.0405,0.02025,0.10024999999999995
1414,3,214,4000,1425,0.001,0.01846987483909137,0.021949514905761736,3581,152,176,91,0.89525,0.038,0.044,0.02275,0.10475000000000001
1415,3,215,4000,1426,0.001,0.01818476458040572,0.021899861024587887,3606,150,187,57,0.9015,0.0375,0.04675,0.01425,0.09850000000000003
1416,3,216,4000,1427,0.001,0.018341299955061015,0.022068342680520384,3595,164,174,67,0.89875,0.041,0.0435,0.01675,0.10124999999999995
1417,3,217,4000,1428,0.001,0.01839099761994593,0.022104024588991834,3563,167,195,75,0.89075,0.04175,0.04875,0.01875,0.10924999999999996
1418,3,218,4000,1429,0.001,0.01873656720119251,0.022099905329582514,3575,168,182,75,0.89375,0.042,0.0455,0.01875,0.10624999999999996
1419,3,219,4000,1430,0.001,0.018889018527745566,0.022222587802138174,3596,137,188,79,0.899,0.03425,0.047,0.01975,0.10099999999999998
1420,3,220,4000,1431,0.001,0.01881461277913811,0.022112326346132763,3616,148,157,79,0.904,0.037,0.03925,0.01975,0.09599999999999997
1421,3,221,4000,1432,0.001,0.018578890027989667,0.02206258493553167,3595,154,185,66,0.89875,0.0385,0.04625,0.0165,0.10124999999999995
1422,3,222,4000,1433,0.001,0.018990426270805313,0.0219607413341302,3605,146,179,70,0.90125,0.0365,0.04475,0.0175,0.09875
1423,3,223,4000,1434,0.001,0.019080529171126362,0.022049426129094274,3622,126,181,71,0.9055,0.0315,0.04525,0.01775,0.09450000000000003
1424,3,224,4000,1435,0.001,0.01855082850983858,0.02215301954773642,3588,150,180,82,0.897,0.0375,0.045,0.0205,0.10299999999999998
1425,3,225,4000,1436,0.001,0.018447657978800002,0.02223390955157949,3581,155,182,82,0.89525,0.03875,0.0455,0.0205,0.10475000000000001
1426,3,226,4000,1437,0.001,0.018560569642549103,0.022312581518369224,3587,168,169,76,0.89675,0.042,0.04225,0.019,0.10324999999999995
1427,3,227,4000,1438,0.001,0.018929806074828186,0.022270563827944408,3545,180,202,73,0.88625,0.045,0.0505,0.01825,0.11375000000000002
1428,3,228,4000,1439,0.001,0.01911546011117929,0.02239568685849421,3551,154,221,74,0.88775,0.0385,0.05525,0.0185,0.11224999999999996
1429,3,229,4000,1440,0.001,0.01974870984321164,0.02242770080765786,3571,154,195,80,0.89275,0.0385,0.04875,0.02,0.10724999999999996
1430,3,230,4000,1441,0.001,0.019801342000296835,0.022443970495862397,3569,159,178,94,0.89225,0.03975,0.0445,0.0235,0.10775000000000001
1431,3,231,4000,1442,0.001,0.019905997141628922,0.022430821618577117,3574,148,192,86,0.8935,0.037,0.048,0.0215,0.10650000000000004
1432,3,232,4000,1443,0.001,0.01998599316005155,0.02245428592557738,3535,156,225,84,0.88375,0.039,0.05625,0.021,0.11624999999999996
1433,3,233,4000,1444,0.001,0.01982616007554519,0.02242266524711186,3545,188,174,93,0.88625,0.047,0.0435,0.02325,0.11375000000000002
1434,3,234,4000,1445,0.001,0.020048718989674183,0.02259938647926492,3542,170,214,74,0.8855,0.0425,0.0535,0.0185,0.11450000000000005
1435,3,235,4000,1446,0.001,0.02012005134947939,0.022505524092988078,3560,170,197,73,0.89,0.0425,0.04925,0.01825,0.10999999999999999
1436,3,236,4000,1447,0.001,0.019821934889210753,0.022311488362566058,3621,130,177,72,0.90525,0.0325,0.04425,0.018,0.09475
1437,3,237,4000,1448,0.001,0.019678969296765873,0.022255220152981953,3587,162,188,63,0.89675,0.0405,0.047,0.01575,0.10324999999999995
1438,3,238,4000,1449,0.001,0.019816888491602618,0.02246036214906244,3581,158,171,90,0.89525,0.0395,0.04275,0.0225,0.10475000000000001
1439,3,239,4000,1450,0.001,0.020232319591723055,0.022453195233299188,3543,176,207,74,0.88575,0.044,0.05175,0.0185,0.11424999999999996
1440,3,240,4000,1451,0.001,0.019990535246021516,0.022453072323115955,3592,154,163,91,0.898,0.0385,0.04075,0.02275,0.10199999999999998
1441,3,241,4000,1452,0.001,0.01986077782919864,0.022494608966550127,3582,178,166,74,0.8955,0.0445,0.0415,0.0185,0.10450000000000004
1442,3,242,4000,1453,0.001,0.019857687568088547,0.022515529681597625,3594,165,172,69,0.8985,0.04125,0.043,0.01725,0.10150000000000003
1443,3,243,4000,1454,0.001,0.020063311896697127,0.02241471293244066,3524,165,217,94,0.881,0.04125,0.05425,0.0235,0.119
1444,3,244,4000,1455,0.001,0.02019627703008063,0.02245989390926124,3562,149,203,86,0.8905,0.03725,0.05075,0.0215,0.10950000000000004
1445,3,245,4000,1456,0.001,0.020457620765874537,0.022588921110566488,3546,168,208,78,0.8865,0.042,0.052,0.0195,0.11350000000000005
1446,3,246,4000,1457,0.001,0.020846728990390917,0.022664164374840638,3599,139,178,84,0.89975,0.03475,0.0445,0.021,0.10024999999999995
1447,3,247,4000,1458,0.001,0.021098602276441045,0.022637570768367966,3569,173,181,77,0.89225,0.04325,0.04525,0.01925,0.10775000000000001
1448,3,248,4000,1459,0.001,0.021103511476139463,0.022712260837176108,3590,149,183,78,0.8975,0.03725,0.04575,0.0195,0.10250000000000004
1449,3,249,4000,1460,0.001,0.021219161393398606,0.022744712534957207,3585,149,186,80,0.89625,0.03725,0.0465,0.02,0.10375000000000001
1450,3,250,4000,1461,0.001,0.021345396351870796,0.022891856846288257,3552,154,198,96,0.888,0.0385,0.0495,0.024,0.11199999999999999
1451,3,251,4000,1462,0.001,0.02115337476540475,0.022683358356555747,3600,152,159,89,0.9,0.038,0.03975,0.02225,0.09999999999999998
1452,3,252,4000,1463,0.001,0.021191000518310552,0.022665123474397832,3562,179,182,77,0.8905,0.04475,0.0455,0.01925,0.10950000000000004
1453,3,253,4000,1464,0.001,0.02117292660803662,0.022749576764747318,3570,160,191,79,0.8925,0.04,0.04775,0.01975,0.10750000000000004
1454,3,254,4000,1465,0.001,0.02149065412631212,0.022679895366322082,3533,158,226,83,0.88325,0.0395,0.0565,0.02075,0.11675000000000002
1455,3,255,4000,1466,0.001,0.02166862646368823,0.022703443465262336,3543,168,203,86,0.88575,0.042,0.05075,0.0215,0.11424999999999996
1456,3,256,4000,1467,0.001,0.021302967931190686,0.02269067276417067,3565,160,196,79,0.89125,0.04,0.049,0.01975,0.10875000000000001
1457,3,257,4000,1468,0.001,0.021419594767632635,0.022926755487736296,3535,155,212,98,0.88375,0.03875,0.053,0.0245,0.11624999999999996
1458,3,258,4000,1469,0.001,0.021443138817121222,0.022894785721605623,3553,163,190,94,0.88825,0.04075,0.0475,0.0235,0.11175000000000002
1459,3,259,4000,1470,0.001,0.021104868707212825,0.022918407454260888,3561,160,190,89,0.89025,0.04,0.0475,0.02225,0.10975000000000001
1460,3,260,4000,1471,0.001,0.021259021388369322,0.022910289038330662,3558,154,199,89,0.8895,0.0385,0.04975,0.02225,0.11050000000000004
1461,3,261,4000,1472,0.001,0.021417659238093998,0.022734107327207456,3550,157,207,86,0.8875,0.03925,0.05175,0.0215,0.11250000000000004
1462,3,262,4000,1473,0.001,0.021372390821524458,0.022865415426894107,3560,172,189,79,0.89,0.043,0.04725,0.01975,0.10999999999999999
1463,3,263,4000,1474,0.001,0.021392736168824946,0.023019305376845066,3565,173,172,90,0.89125,0.04325,0.043,0.0225,0.10875000000000001
1464,3,264,4000,1475,0.001,0.02135115081063485,0.02320792510294182,3550,170,198,82,0.8875,0.0425,0.0495,0.0205,0.11250000000000004
1465,3,265,4000,1476,0.001,0.021402877792673393,0.023226017360955014,3561,156,191,92,0.89025,0.039,0.04775,0.023,0.10975000000000001
1466,3,266,4000,1477,0.001,0.02142852449839508,0.02318169915308111,3570,170,174,86,0.8925,0.0425,0.0435,0.0215,0.10750000000000004
1467,3,267,4000,1478,0.001,0.021778057071665097,0.02310608359434492,3557,139,222,82,0.88925,0.03475,0.0555,0.0205,0.11075000000000002
1468,3,268,4000,1479,0.001,0.021844926250129792,0.023313655875538953,3560,152,201,87,0.89,0.038,0.05025,0.02175,0.10999999999999999
1469,3,269,4000,1480,0.001,0.021805944941801932,0.02320042645278143,3578,161,186,75,0.8945,0.04025,0.0465,0.01875,0.10550000000000004
1470,3,270,4000,1481,0.001,0.02180423123698899,0.023228718284265665,3529,178,199,94,0.88225,0.0445,0.04975,0.0235,0.11775000000000002
1471,3,271,4000,1482,0.001,0.021691906152491214,0.02312810457606531,3573,146,194,87,0.89325,0.0365,0.0485,0.02175,0.10675000000000001
1472,3,272,4000,1483,0.001,0.021429413405486993,0.023099353161984575,3516,175,217,92,0.879,0.04375,0.05425,0.023,0.121
1473,3,273,4000,1484,0.001,0.021351968986523515,0.023100433935275274,3517,178,222,83,0.87925,0.0445,0.0555,0.02075,0.12075000000000002
1474,3,274,4000,1485,0.001,0.021663737760329198,0.023107966408350864,3513,164,224,99,0.87825,0.041,0.056,0.02475,0.12175000000000002
1475,3,275,4000,1486,0.001,0.021694898010479864,0.023110505168869047,3539,176,191,94,0.88475,0.044,0.04775,0.0235,0.11524999999999996
1476,3,276,4000,1487,0.001,0.021673397004363572,0.023015989447911993,3536,165,219,80,0.884,0.04125,0.05475,0.02,0.11599999999999999
1477,3,277,4000,1488,0.001,0.021392898130052816,0.023137747124103287,3542,159,222,77,0.8855,0.03975,0.0555,0.01925,0.11450000000000005
1478,3,278,4000,1489,0.001,0.021317382337342212,0.023093124947612384,3554,169,191,86,0.8885,0.04225,0.04775,0.0215,0.11150000000000004
1479,3,279,4000,1490,0.001,0.02156863823121473,0.023013463267323633,3576,176,173,75,0.894,0.044,0.04325,0.01875,0.10599999999999998
1480,3,280,4000,1491,0.001,0.021382548147891405,0.022881083227550645,3545,169,200,86,0.88625,0.04225,0.05,0.0215,0.11375000000000002
1481,3,281,4000,1492,0.001,0.021292432113133045,0.02293900369263164,3563,143,216,78,0.89075,0.03575,0.054,0.0195,0.10924999999999996
1482,3,282,4000,1493,0.001,0.02138280252887311,0.02299210193645988,3517,178,220,85,0.87925,0.0445,0.055,0.02125,0.12075000000000002
1483,3,283,4000,1494,0.001,0.021211210152176155,0.022875758780617525,3557,152,210,81,0.88925,0.038,0.0525,0.02025,0.11075000000000002
1484,3,284,4000,1495,0.001,0.021404824299614753,0.02281822341797427,3516,200,195,89,0.879,0.05,0.04875,0.02225,0.121
1485,3,285,4000,1496,0.001,0.021297201961916236,0.02283277121466223,3544,165,207,84,0.886,0.04125,0.05175,0.021,0.11399999999999999
1486,3,286,4000,1497,0.001,0.021153913581631156,0.022831550622830377,3544,146,216,94,0.886,0.0365,0.054,0.0235,0.11399999999999999
1487,3,287,4000,1498,0.001,0.020878776015553352,0.022813835509550694,3558,157,207,78,0.8895,0.03925,0.05175,0.0195,0.11050000000000004
1488,3,288,4000,1499,0.001,0.020977787707640687,0.022764982544289977,3550,158,202,90,0.8875,0.0395,0.0505,0.0225,0.11250000000000004
1489,3,289,4000,1500,0.001,0.021415949669959772,0.022722531999489846,3562,136,205,97,0.8905,0.034,0.05125,0.02425,0.10950000000000004
1490,3,290,4000,1501,0.001,0.021263959198990642,0.022594901454978264,3495,178,226,101,0.87375,0.0445,0.0565,0.02525,0.12624999999999997
1491,3,291,4000,1502,0.001,0.02152577258965918,0.02275330562813136,3567,151,194,88,0.89175,0.03775,0.0485,0.022,0.10824999999999996
1492,3,292,4000,1503,0.001,0.021704071005861338,0.022694083577175537,3528,166,224,82,0.882,0.0415,0.056,0.0205,0.118
1493,3,293,4000,1504,0.001,0.0223909804042312,0.022653264798524506,3564,152,197,87,0.891,0.038,0.04925,0.02175,0.10899999999999999
1494,3,294,4000,1505,0.001,0.022568041940416582,0.022502392654548953,3559,153,202,86,0.88975,0.03825,0.0505,0.0215,0.11024999999999996
1495,3,295,4000,1506,0.001,0.022624661287493096,0.022464071658401974,3536,155,204,105,0.884,0.03875,0.051,0.02625,0.11599999999999999
1496,3,296,4000,1507,0.001,0.022519357204008845,0.022381427600544686,3524,156,221,99,0.881,0.039,0.05525,0.02475,0.119
1497,3,297,4000,1508,0.001,0.022638483347635165,0.022252159268200473,3539,161,214,86,0.88475,0.04025,0.0535,0.0215,0.11524999999999996
1498,3,298,4000,1509,0.001,0.022472020021337143,0.02253055756303947,3530,178,212,80,0.8825,0.0445,0.053,0.02,0.11750000000000005
1499,3,299,4000,1510,0.001,0.022429229191963284,0.02254224867943615,3537,150,226,87,0.88425,0.0375,0.0565,0.02175,0.11575000000000002
1500,3,300,4000,1511,0.001,0.022598430239259303,0.02247156163259617,3527,165,221,87,0.88175,0.04125,0.05525,0.02175,0.11824999999999997
1501,3,301,4000,1512,0.001,0.022683564120544463,0.022630288859823572,3529,179,215,77,0.88225,0.04475,0.05375,0.01925,0.11775000000000002
1502,3,302,4000,1513,0.001,0.022670113678417467,0.02253650263449009,3567,148,202,83,0.89175,0.037,0.0505,0.02075,0.10824999999999996
1503,3,303,4000,1514,0.001,0.023144768649781995,0.022482258604890944,3508,171,223,98,0.877,0.04275,0.05575,0.0245,0.123
1504,3,304,4000,1515,0.001,0.02295701797562958,0.022286424222112515,3545,169,199,87,0.88625,0.04225,0.04975,0.02175,0.11375000000000002
1505,3,305,4000,1516,0.001,0.023078658722787047,0.022273069995097594,3491,183,233,93,0.87275,0.04575,0.05825,0.02325,0.12724999999999997
1506,3,306,4000,1517,0.001,0.02280977667150341,0.022281584961991466,3527,157,211,105,0.88175,0.03925,0.05275,0.02625,0.11824999999999997
1507,3,307,4000,1518,0.001,0.02294811991855061,0.02241386897008173,3539,168,205,88,0.88475,0.042,0.05125,0.022,0.11524999999999996
1508,3,308,4000,1519,0.001,0.0229420844395185,0.022546033111080135,3530,194,198,78,0.8825,0.0485,0.0495,0.0195,0.11750000000000005
1509,3,309,4000,1520,0.001,0.022929480271353248,0.022566975454931082,3517,175,219,89,0.87925,0.04375,0.05475,0.02225,0.12075000000000002
1510,3,310,4000,1521,0.001,0.022697640862665906,0.022427986114428755,3557,176,190,77,0.88925,0.044,0.0475,0.01925,0.11075000000000002
1511,3,311,4000,1522,0.001,0.022518372358490284,0.022520124719271343,3555,158,201,86,0.88875,0.0395,0.05025,0.0215,0.11124999999999996
1512,3,312,4000,1523,0.001,0.02232053886910975,0.022552334048360663,3537,188,186,89,0.88425,0.047,0.0465,0.02225,0.11575000000000002
1513,3,313,4000,1524,0.001,0.02257524626097813,0.02246922573270101,3543,162,213,82,0.88575,0.0405,0.05325,0.0205,0.11424999999999996
1514,3,314,4000,1525,0.001,0.022577108936448233,0.02245874760022774,3564,167,181,88,0.891,0.04175,0.04525,0.022,0.10899999999999999
1515,3,315,4000,1526,0.001,0.022754443561595006,0.022328374375291386,3508,176,222,94,0.877,0.044,0.0555,0.0235,0.123
1516,3,316,4000,1527,0.001,0.022870052162820103,0.022568244101368356,3552,144,206,98,0.888,0.036,0.0515,0.0245,0.11199999999999999
1517,3,317,4000,1528,0.001,0.022960820412534864,0.022495648229278794,3553,151,211,85,0.88825,0.03775,0.05275,0.02125,0.11175000000000002
1518,3,318,4000,1529,0.001,0.023186905962962277,0.02240208100098515,3588,141,184,87,0.897,0.03525,0.046,0.02175,0.10299999999999998
1519,3,319,4000,1530,0.001,0.023474750805970633,0.022311171957487348,3533,156,210,101,0.88325,0.039,0.0525,0.02525,0.11675000000000002
1520,3,320,4000,1531,0.001,0.023673439877069696,0.022337535419357804,3554,161,185,100,0.8885,0.04025,0.04625,0.025,0.11150000000000004
1521,3,321,4000,1532,0.001,0.023611560537833625,0.022446921714067935,3545,168,194,93,0.88625,0.042,0.0485,0.02325,0.11375000000000002
1522,3,322,4000,1533,0.001,0.023972808243674225,0.022463907472961158,3468,192,241,99,0.867,0.048,0.06025,0.02475,0.133
1523,3,323,4000,1534,0.001,0.02398825484977504,0.022527505778243764,3483,195,217,105,0.87075,0.04875,0.05425,0.02625,0.12924999999999998
1524,3,324,4000,1535,0.001,0.02384349706936525,0.022526436943750956,3520,167,211,102,0.88,0.04175,0.05275,0.0255,0.12
1525,3,325,4000,1536,0.001,0.023738937835691507,0.02254534215272705,3556,166,204,74,0.889,0.0415,0.051,0.0185,0.11099999999999999
1526,3,326,4000,1537,0.001,0.02367202220816217,0.022767087937241803,3516,182,213,89,0.879,0.0455,0.05325,0.02225,0.121
1527,3,327,4000,1538,0.001,0.023468236658688968,0.022825645541325015,3549,168,197,86,0.88725,0.042,0.04925,0.0215,0.11275000000000002
1528,3,328,4000,1539,0.001,0.023235925974250504,0.022883181251386445,3537,183,203,77,0.88425,0.04575,0.05075,0.01925,0.11575000000000002
1529,3,329,4000,1540,0.001,0.02330116159280089,0.02284135606556267,3526,190,203,81,0.8815,0.0475,0.05075,0.02025,0.11850000000000005
1530,3,330,4000,1541,0.001,0.023482274768311977,0.022900159507620085,3523,166,212,99,0.88075,0.0415,0.053,0.02475,0.11924999999999997
1531,3,331,4000,1542,0.001,0.02357142496846047,0.022808017042535975,3535,155,242,68,0.88375,0.03875,0.0605,0.017,0.11624999999999996
1532,3,332,4000,1543,0.001,0.0236390209420616,0.022935727960620114,3527,181,195,97,0.88175,0.04525,0.04875,0.02425,0.11824999999999997
1533,3,333,4000,1544,0.001,0.02375771642324156,0.022979893683126005,3506,175,219,100,0.8765,0.04375,0.05475,0.025,0.12350000000000005
1534,3,334,4000,1545,0.001,0.023762263539017465,0.02318266415924384,3538,190,185,87,0.8845,0.0475,0.04625,0.02175,0.11550000000000005
1535,3,335,4000,1546,0.001,0.023309473961992674,0.023161134615983892,3528,172,212,88,0.882,0.043,0.053,0.022,0.118
1536,3,336,4000,1547,0.001,0.023044163623554704,0.02323370316876869,3542,177,209,72,0.8855,0.04425,0.05225,0.018,0.11450000000000005
1537,3,337,4000,1548,0.001,0.022919400817280552,0.023109601591123678,3511,168,232,89,0.87775,0.042,0.058,0.02225,0.12224999999999997
1538,3,338,4000,1549,0.001,0.02276849512560349,0.02309383006059659,3514,178,224,84,0.8785,0.0445,0.056,0.021,0.12150000000000005
1539,3,339,4000,1550,0.001,0.022579145596415242,0.023258826113705295,3567,152,199,82,0.89175,0.038,0.04975,0.0205,0.10824999999999996
1540,3,340,4000,1551,0.001,0.02241318491614311,0.02333861139267927,3536,181,188,95,0.884,0.04525,0.047,0.02375,0.11599999999999999
1541,3,341,4000,1552,0.001,0.02234217017203844,0.023499838278136807,3543,165,213,79,0.88575,0.04125,0.05325,0.01975,0.11424999999999996
1542,3,342,4000,1553,0.001,0.02241059912934314,0.023553278283086725,3541,161,216,82,0.88525,0.04025,0.054,0.0205,0.11475000000000002
1543,3,343,4000,1554,0.001,0.022653299047951096,0.023512606365179076,3519,174,206,101,0.87975,0.0435,0.0515,0.02525,0.12024999999999997
1544,3,344,4000,1555,0.001,0.022682473365222736,0.023510384076931182,3530,175,206,89,0.8825,0.04375,0.0515,0.02225,0.11750000000000005
1545,3,345,4000,1556,0.001,0.022480524063493736,0.023550655997215227,3521,169,231,79,0.88025,0.04225,0.05775,0.01975,0.11975000000000002
1546,3,346,4000,1557,0.001,0.022389075717118734,0.02348830182146856,3570,166,177,87,0.8925,0.0415,0.04425,0.02175,0.10750000000000004
1547,3,347,4000,1558,0.001,0.022316590462675777,0.023560592913327495,3514,171,244,71,0.8785,0.04275,0.061,0.01775,0.12150000000000005
1548,3,348,4000,1559,0.001,0.02216447536586348,0.023553278661877446,3504,177,224,95,0.876,0.04425,0.056,0.02375,0.124
1549,3,349,4000,1560,0.001,0.022348788162849027,0.023450553038044112,3525,181,200,94,0.88125,0.04525,0.05,0.0235,0.11875000000000002
1550,3,350,4000,1561,0.001,0.022449824023896454,0.023356097209719137,3529,170,199,102,0.88225,0.0425,0.04975,0.0255,0.11775000000000002
1551,3,351,4000,1562,0.001,0.022567933211214305,0.023408819818616634,3519,158,227,96,0.87975,0.0395,0.05675,0.024,0.12024999999999997
1552,3,352,4000,1563,0.001,0.022635957843802824,0.023412192138853496,3513,156,219,112,0.87825,0.039,0.05475,0.028,0.12175000000000002
1553,3,353,4000,1564,0.001,0.02300127131462383,0.023306862890421887,3500,173,228,99,0.875,0.04325,0.057,0.02475,0.125
1554,3,354,4000,1565,0.001,0.023333800593257462,0.023366490348063384,3488,192,224,96,0.872,0.048,0.056,0.024,0.128
1555,3,355,4000,1566,0.001,0.02298463304316407,0.023474803476372336,3523,166,232,79,0.88075,0.0415,0.058,0.01975,0.11924999999999997
1556,3,356,4000,1567,0.001,0.02279545649558791,0.02370565218422698,3509,179,223,89,0.87725,0.04475,0.05575,0.02225,0.12275000000000003
1557,3,357,4000,1568,0.001,0.022806836742728386,0.023750409752847156,3502,190,212,96,0.8755,0.0475,0.053,0.024,0.12450000000000006
1558,3,358,4000,1569,0.001,0.022744416334896225,0.02370259056809459,3504,175,230,91,0.876,0.04375,0.0575,0.02275,0.124
1559,3,359,4000,1570,0.001,0.022864499734173534,0.023799908214757595,3506,180,220,94,0.8765,0.045,0.055,0.0235,0.12350000000000005
1560,3,360,4000,1571,0.001,0.02268430017456931,0.023734604737203388,3495,195,219,91,0.87375,0.04875,0.05475,0.02275,0.12624999999999997
1561,3,361,4000,1572,0.001,0.022552263192699713,0.023714972769752363,3529,195,203,73,0.88225,0.04875,0.05075,0.01825,0.11775000000000002
1562,3,362,4000,1573,0.001,0.02245005319281835,0.023653937981296815,3546,156,210,88,0.8865,0.039,0.0525,0.022,0.11350000000000005
1563,3,363,4000,1574,0.001,0.02230467819639042,0.023527123679951564,3521,179,215,85,0.88025,0.04475,0.05375,0.02125,0.11975000000000002
1564,3,364,4000,1575,0.001,0.02249326620011323,0.02374910745514415,3537,166,208,89,0.88425,0.0415,0.052,0.02225,0.11575000000000002
1565,3,365,4000,1576,0.001,0.022557959289567754,0.023616756682486226,3530,154,219,97,0.8825,0.0385,0.05475,0.02425,0.11750000000000005
1566,3,366,4000,1577,0.001,0.022426367744540123,0.023607541894842692,3555,156,208,81,0.88875,0.039,0.052,0.02025,0.11124999999999996
1567,3,367,4000,1578,0.001,0.022504749651743684,0.023545721801533758,3530,152,230,88,0.8825,0.038,0.0575,0.022,0.11750000000000005
1568,3,368,4000,1579,0.001,0.02289018050386499,0.02368770416453092,3506,167,236,91,0.8765,0.04175,0.059,0.02275,0.12350000000000005
1569,3,369,4000,1580,0.001,0.0230202099898153,0.023753354405901483,3529,176,221,74,0.88225,0.044,0.05525,0.0185,0.11775000000000002
1570,3,370,4000,1581,0.001,0.023314635930548683,0.02360356704909856,3538,166,193,103,0.8845,0.0415,0.04825,0.02575,0.11550000000000005
1571,3,371,4000,1582,0.001,0.02302690168587287,0.023551293408063938,3550,173,195,82,0.8875,0.04325,0.04875,0.0205,0.11250000000000004
1572,3,372,4000,1583,0.001,0.023455876709269564,0.023707765258626546,3530,177,208,85,0.8825,0.04425,0.052,0.02125,0.11750000000000005
1573,3,373,4000,1584,0.001,0.023879394631194897,0.023880352359966314,3506,184,221,89,0.8765,0.046,0.05525,0.02225,0.12350000000000005
1574,3,374,4000,1585,0.001,0.024110516492563856,0.023954090620477878,3517,163,214,106,0.87925,0.04075,0.0535,0.0265,0.12075000000000002
1575,3,375,4000,1586,0.001,0.02389670249173457,0.02391264818694314,3517,198,199,86,0.87925,0.0495,0.04975,0.0215,0.12075000000000002
1576,3,376,4000,1587,0.001,0.02361227216989672,0.023962478876628623,3504,189,219,88,0.876,0.04725,0.05475,0.022,0.124
1577,3,377,4000,1588,0.001,0.02342427264341518,0.023887297730245567,3521,173,210,96,0.88025,0.04325,0.0525,0.024,0.11975000000000002
1578,3,378,4000,1589,0.001,0.02356318000538639,0.023951202847848206,3549,159,202,90,0.88725,0.03975,0.0505,0.0225,0.11275000000000002
1579,3,379,4000,1590,0.001,0.023787415568168598,0.023879864771485734,3537,152,203,108,0.88425,0.038,0.05075,0.027,0.11575000000000002
1580,3,380,4000,1591,0.001,0.023659279543066035,0.023942089512840648,3517,162,210,111,0.87925,0.0405,0.0525,0.02775,0.12075000000000002
1581,3,381,4000,1592,0.001,0.023623810596667662,0.024059861167496394,3535,176,193,96,0.88375,0.044,0.04825,0.024,0.11624999999999996
1582,3,382,4000,1593,0.001,0.023594045641895475,0.02407969436167396,3518,155,236,91,0.8795,0.03875,0.059,0.02275,0.12050000000000005
1583,3,383,4000,1594,0.001,0.023655105051979878,0.02418796403968515,3466,210,225,99,0.8665,0.0525,0.05625,0.02475,0.13349999999999995
1584,3,384,4000,1595,0.001,0.023957070066558336,0.024267639744809617,3516,187,206,91,0.879,0.04675,0.0515,0.02275,0.121
1585,3,385,4000,1596,0.001,0.024148404590262254,0.024211246740383767,3527,182,215,76,0.88175,0.0455,0.05375,0.019,0.11824999999999997
1586,3,386,4000,1597,0.001,0.023977436327069702,0.024344528245957415,3491,200,216,93,0.87275,0.05,0.054,0.02325,0.12724999999999997
1587,3,387,4000,1598,0.001,0.02383554884286389,0.024374372209718023,3491,191,220,98,0.87275,0.04775,0.055,0.0245,0.12724999999999997
1588,3,388,4000,1599,0.001,0.023659809180997398,0.02421330424444447,3528,160,221,91,0.882,0.04,0.05525,0.02275,0.118
1589,3,389,4000,1600,0.001,0.023319937173209775,0.02420619148587194,3508,179,208,105,0.877,0.04475,0.052,0.02625,0.123
1590,3,390,4000,1601,0.001,0.023473731226891892,0.02425356202173233,3518,173,216,93,0.8795,0.04325,0.054,0.02325,0.12050000000000005
1591,3,391,4000,1602,0.001,0.023614910980475076,0.024143582848292933,3504,172,224,100,0.876,0.043,0.056,0.025,0.124
1592,3,392,4000,1603,0.001,0.023647989570715445,0.02421356070135066,3516,174,211,99,0.879,0.0435,0.05275,0.02475,0.121
1593,3,393,4000,1604,0.001,0.023561603843680924,0.024110145526316892,3507,162,225,106,0.87675,0.0405,0.05625,0.0265,0.12324999999999997
1594,3,394,4000,1605,0.001,0.023513427585589067,0.024148809475237114,3523,178,201,98,0.88075,0.0445,0.05025,0.0245,0.11924999999999997
1595,3,395,4000,1606,0.001,0.02368943616408111,0.024145056248112397,3522,171,211,96,0.8805,0.04275,0.05275,0.024,0.11950000000000005
1596,3,396,4000,1607,0.001,0.023447838791966217,0.02402633349180895,3551,154,215,80,0.88775,0.0385,0.05375,0.02,0.11224999999999996
1597,3,397,4000,1608,0.001,0.02376277389867727,0.024058916271557384,3517,170,217,96,0.87925,0.0425,0.05425,0.024,0.12075000000000002
1598,3,398,4000,1609,0.001,0.024009502777134772,0.024200486623088695,3484,195,220,101,0.871,0.04875,0.055,0.02525,0.129
1599,3,399,4000,1610,0.001,0.02433337706040672,0.02434549599133024,3506,189,222,83,0.8765,0.04725,0.0555,0.02075,0.12350000000000005
1600,4,0,4000,1612,0.001,0.00990250285295217,0.020072288052879007,3684,123,142,51,0.921,0.03075,0.0355,0.01275,0.07899999999999996
1601,4,1,4000,1613,0.001,0.010037486039995927,0.02018568184712292,3705,119,142,34,0.92625,0.02975,0.0355,0.0085,0.07374999999999998
1602,4,2,4000,1614,0.001,0.010213416741177567,0.020153882021652757,3684,127,142,47,0.921,0.03175,0.0355,0.01175,0.07899999999999996
1603,4,3,4000,1615,0.001,0.009796547776301429,0.020019135920701946,3712,117,127,44,0.928,0.02925,0.03175,0.011,0.07199999999999995
1604,4,4,4000,1616,0.001,0.009932436989085107,0.01998542323082139,3713,118,124,45,0.92825,0.0295,0.031,0.01125,0.07174999999999998
1605,4,5,4000,1617,0.001,0.010281364348960412,0.020028857186494577,3731,112,120,37,0.93275,0.028,0.03,0.00925,0.06725000000000003
1606,4,6,4000,1618,0.001,0.010235511166324826,0.020115782980764618,3693,115,146,46,0.92325,0.02875,0.0365,0.0115,0.07674999999999998
1607,4,7,4000,1619,0.001,0.010623028737404143,0.020208082125537645,3707,101,141,51,0.92675,0.02525,0.03525,0.01275,0.07325000000000004
1608,4,8,4000,1620,0.001,0.010710801886151285,0.02020533947357141,3688,110,160,42,0.922,0.0275,0.04,0.0105,0.07799999999999996
1609,4,9,4000,1621,0.001,0.010715542823820834,0.020244618645984216,3701,118,141,40,0.92525,0.0295,0.03525,0.01,0.07474999999999998
1610,4,10,4000,1622,0.001,0.010980776561389027,0.020228144255309954,3708,126,124,42,0.927,0.0315,0.031,0.0105,0.07299999999999995
1611,4,11,4000,1623,0.001,0.011351306104620758,0.02006274037901021,3685,146,118,51,0.92125,0.0365,0.0295,0.01275,0.07874999999999999
1612,4,12,4000,1624,0.001,0.011470841822220216,0.020008348058221298,3702,118,145,35,0.9255,0.0295,0.03625,0.00875,0.07450000000000001
1613,4,13,4000,1625,0.001,0.011288421720926593,0.02010887363962678,3670,130,150,50,0.9175,0.0325,0.0375,0.0125,0.08250000000000002
1614,4,14,4000,1626,0.001,0.011175494259024133,0.020296380258205116,3689,130,131,50,0.92225,0.0325,0.03275,0.0125,0.07774999999999999
1615,4,15,4000,1627,0.001,0.011517526004007834,0.02034236969979054,3715,106,138,41,0.92875,0.0265,0.0345,0.01025,0.07125000000000004
1616,4,16,4000,1628,0.001,0.011641478447228265,0.02013782076629009,3679,132,146,43,0.91975,0.033,0.0365,0.01075,0.08025000000000004
1617,4,17,4000,1629,0.001,0.011807878828503005,0.02002344270702278,3683,122,150,45,0.92075,0.0305,0.0375,0.01125,0.07925000000000004
1618,4,18,4000,1630,0.001,0.011813349272925426,0.019977849040308103,3694,121,138,47,0.9235,0.03025,0.0345,0.01175,0.07650000000000001
1619,4,19,4000,1631,0.001,0.011671910869811643,0.019847730266234962,3677,126,160,37,0.91925,0.0315,0.04,0.00925,0.08074999999999999
1620,4,20,4000,1632,0.001,0.01170367496555518,0.019725454581112332,3716,126,114,44,0.929,0.0315,0.0285,0.011,0.07099999999999995
1621,4,21,4000,1633,0.001,0.011706478469821301,0.019645334349975747,3711,113,128,48,0.92775,0.02825,0.032,0.012,0.07225000000000004
1622,4,22,4000,1634,0.001,0.011901968572619335,0.01969229324001505,3713,121,115,51,0.92825,0.03025,0.02875,0.01275,0.07174999999999998
1623,4,23,4000,1635,0.001,0.01184213035162764,0.01966087987404519,3672,118,153,57,0.918,0.0295,0.03825,0.01425,0.08199999999999996
1624,4,24,4000,1636,0.001,0.011593649607661799,0.019824513922461255,3683,129,140,48,0.92075,0.03225,0.035,0.012,0.07925000000000004
1625,4,25,4000,1637,0.001,0.011409873578836984,0.019854845902499436,3704,119,138,39,0.926,0.02975,0.0345,0.00975,0.07399999999999995
1626,4,26,4000,1638,0.001,0.01143641466009395,0.019805058336716752,3722,109,114,55,0.9305,0.02725,0.0285,0.01375,0.0695
1627,4,27,4000,1639,0.001,0.011179109639728891,0.019692663012265476,3695,113,144,48,0.92375,0.02825,0.036,0.012,0.07625000000000004
1628,4,28,4000,1640,0.001,0.011198557195328161,0.01968232358182633,3683,108,156,53,0.92075,0.027,0.039,0.01325,0.07925000000000004
1629,4,29,4000,1641,0.001,0.01137908046515464,0.01967640477359298,3716,113,131,40,0.929,0.02825,0.03275,0.01,0.07099999999999995
1630,4,30,4000,1642,0.001,0.011348780975625404,0.01969052168228316,3680,118,155,47,0.92,0.0295,0.03875,0.01175,0.07999999999999996
1631,4,31,4000,1643,0.001,0.011278856955890188,0.01972853186861613,3711,112,124,53,0.92775,0.028,0.031,0.01325,0.07225000000000004
1632,4,32,4000,1644,0.001,0.011279814132783502,0.0197514416323512,3701,125,131,43,0.92525,0.03125,0.03275,0.01075,0.07474999999999998
1633,4,33,4000,1645,0.001,0.011383271075265355,0.019806093124601836,3726,95,141,38,0.9315,0.02375,0.03525,0.0095,0.0685
1634,4,34,4000,1646,0.001,0.011703958189559839,0.019756047766766417,3688,114,149,49,0.922,0.0285,0.03725,0.01225,0.07799999999999996
1635,4,35,4000,1647,0.001,0.01179253923286683,0.01951884650359832,3674,124,154,48,0.9185,0.031,0.0385,0.012,0.08150000000000002
1636,4,36,4000,1648,0.001,0.011691478196767767,0.019484916256955212,3704,109,131,56,0.926,0.02725,0.03275,0.014,0.07399999999999995
1637,4,37,4000,1649,0.001,0.011870943997995625,0.01958056527767344,3715,116,124,45,0.92875,0.029,0.031,0.01125,0.07125000000000004
1638,4,38,4000,1650,0.001,0.01205798008844222,0.01973308904726525,3683,125,152,40,0.92075,0.03125,0.038,0.01,0.07925000000000004
1639,4,39,4000,1651,0.001,0.011965430131247297,0.019738588532755796,3680,109,154,57,0.92,0.02725,0.0385,0.01425,0.07999999999999996
1640,4,40,4000,1652,0.001,0.011996882839996295,0.01964333185016641,3684,114,150,52,0.921,0.0285,0.0375,0.013,0.07899999999999996
1641,4,41,4000,1653,0.001,0.011981635590428742,0.019603758233300433,3712,106,138,44,0.928,0.0265,0.0345,0.011,0.07199999999999995
1642,4,42,4000,1654,0.001,0.012137423549023117,0.019611113510462512,3681,128,140,51,0.92025,0.032,0.035,0.01275,0.07974999999999999
1643,4,43,4000,1655,0.001,0.011756811657345158,0.019767761799940525,3681,120,146,53,0.92025,0.03,0.0365,0.01325,0.07974999999999999
1644,4,44,4000,1656,0.001,0.012114688802212828,0.019744564600452603,3683,126,149,42,0.92075,0.0315,0.03725,0.0105,0.07925000000000004
1645,4,45,4000,1657,0.001,0.012097956979939142,0.019763130425214763,3687,118,135,60,0.92175,0.0295,0.03375,0.015,0.07825000000000004
1646,4,46,4000,1658,0.001,0.012253051219938275,0.019656469600174514,3651,115,179,55,0.91275,0.02875,0.04475,0.01375,0.08725000000000005
1647,4,47,4000,1659,0.001,0.01235914569015171,0.01976042803803375,3684,108,158,50,0.921,0.027,0.0395,0.0125,0.07899999999999996
1648,4,48,4000,1660,0.001,0.01225282749481542,0.019841946131989977,3685,134,134,47,0.92125,0.0335,0.0335,0.01175,0.07874999999999999
1649,4,49,4000,1661,0.001,0.01219525273884822,0.01983433851978413,3657,129,156,58,0.91425,0.03225,0.039,0.0145,0.08574999999999999
1650,4,50,4000,1662,0.001,0.012044965575337532,0.019722320281148474,3676,127,145,52,0.919,0.03175,0.03625,0.013,0.08099999999999996
1651,4,51,4000,1663,0.001,0.011736389677924713,0.019434238035916998,3714,108,122,56,0.9285,0.027,0.0305,0.014,0.07150000000000001
1652,4,52,4000,1664,0.001,0.011732787412218622,0.019440187407897165,3700,125,139,36,0.925,0.03125,0.03475,0.009,0.07499999999999996
1653,4,53,4000,1665,0.001,0.011939569368232275,0.01940637857329257,3704,109,133,54,0.926,0.02725,0.03325,0.0135,0.07399999999999995
1654,4,54,4000,1666,0.001,0.011852235505294335,0.01950351145567667,3677,119,154,50,0.91925,0.02975,0.0385,0.0125,0.08074999999999999
1655,4,55,4000,1667,0.001,0.011772457575705721,0.01960695639517076,3714,110,142,34,0.9285,0.0275,0.0355,0.0085,0.07150000000000001
1656,4,56,4000,1668,0.001,0.01190802645557249,0.019726949740164677,3693,125,132,50,0.92325,0.03125,0.033,0.0125,0.07674999999999998
1657,4,57,4000,1669,0.001,0.01206822729481167,0.01973904803386498,3713,123,127,37,0.92825,0.03075,0.03175,0.00925,0.07174999999999998
1658,4,58,4000,1670,0.001,0.012035463493220343,0.01962816023201581,3678,142,134,46,0.9195,0.0355,0.0335,0.0115,0.08050000000000002
1659,4,59,4000,1671,0.001,0.012058145351284154,0.01958323561357669,3688,115,154,43,0.922,0.02875,0.0385,0.01075,0.07799999999999996
1660,4,60,4000,1672,0.001,0.011972692327326435,0.019716226108800177,3692,122,138,48,0.923,0.0305,0.0345,0.012,0.07699999999999996
1661,4,61,4000,1673,0.001,0.011635382786258777,0.01958776024847097,3686,128,126,60,0.9215,0.032,0.0315,0.015,0.07850000000000001
1662,4,62,4000,1674,0.001,0.01181043580300114,0.019506986444915577,3675,120,150,55,0.91875,0.03,0.0375,0.01375,0.08125000000000004
1663,4,63,4000,1675,0.001,0.011449701561999932,0.01950932420714485,3675,129,151,45,0.91875,0.03225,0.03775,0.01125,0.08125000000000004
1664,4,64,4000,1676,0.001,0.011377057886261132,0.019499339397056767,3701,126,130,43,0.92525,0.0315,0.0325,0.01075,0.07474999999999998
1665,4,65,4000,1677,0.001,0.01140206521728567,0.0195019930385943,3699,124,133,44,0.92475,0.031,0.03325,0.011,0.07525000000000004
1666,4,66,4000,1678,0.001,0.011102745676543844,0.01944647186584087,3693,119,156,32,0.92325,0.02975,0.039,0.008,0.07674999999999998
1667,4,67,4000,1679,0.001,0.011481202845817155,0.019523119112343435,3696,114,137,53,0.924,0.0285,0.03425,0.01325,0.07599999999999996
1668,4,68,4000,1680,0.001,0.011568596403045507,0.01960043841637758,3683,119,156,42,0.92075,0.02975,0.039,0.0105,0.07925000000000004
1669,4,69,4000,1681,0.001,0.011464344176079536,0.01948549645666584,3695,111,152,42,0.92375,0.02775,0.038,0.0105,0.07625000000000004
1670,4,70,4000,1682,0.001,0.01159821358026897,0.019563418573174396,3732,99,123,46,0.933,0.02475,0.03075,0.0115,0.06699999999999995
1671,4,71,4000,1683,0.001,0.011187787054559261,0.019629413835787264,3695,124,150,31,0.92375,0.031,0.0375,0.00775,0.07625000000000004
1672,4,72,4000,1684,0.001,0.01118775518994941,0.01978469908071488,3691,120,138,51,0.92275,0.03,0.0345,0.01275,0.07725000000000004
1673,4,73,4000,1685,0.001,0.011341302941039974,0.01967507995891945,3690,122,143,45,0.9225,0.0305,0.03575,0.01125,0.07750000000000001
1674,4,74,4000,1686,0.001,0.011654732710153331,0.019528919301514593,3658,132,147,63,0.9145,0.033,0.03675,0.01575,0.08550000000000002
1675,4,75,4000,1687,0.001,0.011808465071964027,0.019668343372469806,3694,115,151,40,0.9235,0.02875,0.03775,0.01,0.07650000000000001
1676,4,76,4000,1688,0.001,0.011987037509865708,0.019723308758835968,3700,133,132,35,0.925,0.03325,0.033,0.00875,0.07499999999999996
1677,4,77,4000,1689,0.001,0.011951121617544398,0.019795368537882874,3675,133,151,41,0.91875,0.03325,0.03775,0.01025,0.08125000000000004
1678,4,78,4000,1690,0.001,0.011933332818182837,0.019877529940930262,3688,115,152,45,0.922,0.02875,0.038,0.01125,0.07799999999999996
1679,4,79,4000,1691,0.001,0.012087567842032724,0.020000515959942164,3689,119,137,55,0.92225,0.02975,0.03425,0.01375,0.07774999999999999
1680,4,80,4000,1692,0.001,0.012248174902614683,0.02001737616936043,3675,119,154,52,0.91875,0.02975,0.0385,0.013,0.08125000000000004
1681,4,81,4000,1693,0.001,0.012477328281696086,0.02009449798666218,3648,144,161,47,0.912,0.036,0.04025,0.01175,0.08799999999999997
1682,4,82,4000,1694,0.001,0.012681235156186889,0.020194390949040134,3703,119,138,40,0.92575,0.02975,0.0345,0.01,0.07425000000000004
1683,4,83,4000,1695,0.001,0.013021336850740247,0.020124329269441524,3692,113,144,51,0.923,0.02825,0.036,0.01275,0.07699999999999996
1684,4,84,4000,1696,0.001,0.013050027887090662,0.019974215816300878,3659,139,148,54,0.91475,0.03475,0.037,0.0135,0.08525000000000005
1685,4,85,4000,1697,0.001,0.012811387352768294,0.020042666710491257,3684,119,142,55,0.921,0.02975,0.0355,0.01375,0.07899999999999996
1686,4,86,4000,1698,0.001,0.012823124927162428,0.019966488971961113,3680,133,136,51,0.92,0.03325,0.034,0.01275,0.07999999999999996
1687,4,87,4000,1699,0.001,0.01320907385730518,0.02015720774694167,3651,137,149,63,0.91275,0.03425,0.03725,0.01575,0.08725000000000005
1688,4,88,4000,1700,0.001,0.013334874451131302,0.020101424705030877,3641,130,168,61,0.91025,0.0325,0.042,0.01525,0.08975
1689,4,89,4000,1701,0.001,0.013214867052296197,0.020068085191501252,3682,135,127,56,0.9205,0.03375,0.03175,0.014,0.07950000000000002
1690,4,90,4000,1702,0.001,0.013466951400911486,0.019977294590669843,3674,126,142,58,0.9185,0.0315,0.0355,0.0145,0.08150000000000002
1691,4,91,4000,1703,0.001,0.01395139115019229,0.02011389316555683,3662,136,145,57,0.9155,0.034,0.03625,0.01425,0.08450000000000002
1692,4,92,4000,1704,0.001,0.013892105351314025,0.02019581162352419,3620,145,178,57,0.905,0.03625,0.0445,0.01425,0.09499999999999997
1693,4,93,4000,1705,0.001,0.014046776058881086,0.020157863166034462,3692,125,142,41,0.923,0.03125,0.0355,0.01025,0.07699999999999996
1694,4,94,4000,1706,0.001,0.014370527183038545,0.01999994462700981,3658,131,158,53,0.9145,0.03275,0.0395,0.01325,0.08550000000000002
1695,4,95,4000,1707,0.001,0.014546919504206588,0.020135609654121367,3647,153,146,54,0.91175,0.03825,0.0365,0.0135,0.08825000000000005
1696,4,96,4000,1708,0.001,0.014454807611030818,0.02008993624106428,3640,141,160,59,0.91,0.03525,0.04,0.01475,0.08999999999999997
1697,4,97,4000,1709,0.001,0.014520220739750365,0.01987785315504372,3666,133,138,63,0.9165,0.03325,0.0345,0.01575,0.08350000000000002
1698,4,98,4000,1710,0.001,0.014795763879284381,0.019892045321609594,3639,159,156,46,0.90975,0.03975,0.039,0.0115,0.09025000000000005
1699,4,99,4000,1711,0.001,0.014943108333643047,0.019969990118919766,3664,123,155,58,0.916,0.03075,0.03875,0.0145,0.08399999999999996
1700,4,100,4000,1712,0.001,0.014728136218610993,0.02000866284006293,3658,124,157,61,0.9145,0.031,0.03925,0.01525,0.08550000000000002
1701,4,101,4000,1713,0.001,0.014794252778144223,0.019969011069723847,3681,135,133,51,0.92025,0.03375,0.03325,0.01275,0.07974999999999999
1702,4,102,4000,1714,0.001,0.014826458180909932,0.01995766926838602,3658,138,163,41,0.9145,0.0345,0.04075,0.01025,0.08550000000000002
1703,4,103,4000,1715,0.001,0.015186749971668542,0.01985157591220137,3664,150,138,48,0.916,0.0375,0.0345,0.012,0.08399999999999996
1704,4,104,4000,1716,0.001,0.015089880207967976,0.019839668452730427,3628,141,174,57,0.907,0.03525,0.0435,0.01425,0.09299999999999997
1705,4,105,4000,1717,0.001,0.01513394590224602,0.019774334056769358,3664,135,158,43,0.916,0.03375,0.0395,0.01075,0.08399999999999996
1706,4,106,4000,1718,0.001,0.015104082186230263,0.019757822914457476,3645,130,164,61,0.91125,0.0325,0.041,0.01525,0.08875
1707,4,107,4000,1719,0.001,0.015069516723151643,0.019867406718802372,3640,132,163,65,0.91,0.033,0.04075,0.01625,0.08999999999999997
1708,4,108,4000,1720,0.001,0.015104018465445145,0.019930236285747836,3652,129,170,49,0.913,0.03225,0.0425,0.01225,0.08699999999999997
1709,4,109,4000,1721,0.001,0.015166758244135563,0.019800853180560594,3634,132,161,73,0.9085,0.033,0.04025,0.01825,0.09150000000000003
1710,4,110,4000,1722,0.001,0.015105443858454646,0.019810632798405024,3650,125,158,67,0.9125,0.03125,0.0395,0.01675,0.08750000000000002
1711,4,111,4000,1723,0.001,0.014661316278443725,0.019807550131969207,3658,129,163,50,0.9145,0.03225,0.04075,0.0125,0.08550000000000002
1712,4,112,4000,1724,0.001,0.014579558397757134,0.01965683374519518,3652,127,145,76,0.913,0.03175,0.03625,0.019,0.08699999999999997
1713,4,113,4000,1725,0.001,0.014861935585682755,0.01983139079720619,3651,136,157,56,0.91275,0.034,0.03925,0.014,0.08725000000000005
1714,4,114,4000,1726,0.001,0.014888158596620274,0.01989852861611845,3624,133,179,64,0.906,0.03325,0.04475,0.016,0.09399999999999997
1715,4,115,4000,1727,0.001,0.015003439918145857,0.020024537653571716,3678,109,159,54,0.9195,0.02725,0.03975,0.0135,0.08050000000000002
1716,4,116,4000,1728,0.001,0.015392515053278715,0.020090720021741833,3640,141,160,59,0.91,0.03525,0.04,0.01475,0.08999999999999997
1717,4,117,4000,1729,0.001,0.015427832879323512,0.020109615465525855,3638,138,163,61,0.9095,0.0345,0.04075,0.01525,0.09050000000000002
1718,4,118,4000,1730,0.001,0.015431368195803773,0.020218025426236356,3631,131,177,61,0.90775,0.03275,0.04425,0.01525,0.09225000000000005
1719,4,119,4000,1731,0.001,0.015394932069511778,0.020111463474287574,3612,148,175,65,0.903,0.037,0.04375,0.01625,0.09699999999999998
1720,4,120,4000,1732,0.001,0.015238064705283064,0.020301390335083762,3617,155,156,72,0.90425,0.03875,0.039,0.018,0.09575
1721,4,121,4000,1733,0.001,0.015331133107692872,0.020355714871948108,3624,133,180,63,0.906,0.03325,0.045,0.01575,0.09399999999999997
1722,4,122,4000,1734,0.001,0.015475371691018817,0.020377352661937513,3631,129,168,72,0.90775,0.03225,0.042,0.018,0.09225000000000005
1723,4,123,4000,1735,0.001,0.015441855399675701,0.02025348206657403,3627,134,179,60,0.90675,0.0335,0.04475,0.015,0.09325000000000006
1724,4,124,4000,1736,0.001,0.01570628463449922,0.02026968102386527,3631,133,176,60,0.90775,0.03325,0.044,0.015,0.09225000000000005
1725,4,125,4000,1737,0.001,0.015557907885349009,0.020186983435277594,3651,121,170,58,0.91275,0.03025,0.0425,0.0145,0.08725000000000005
1726,4,126,4000,1738,0.001,0.015748843693098976,0.020266689665229678,3641,139,152,68,0.91025,0.03475,0.038,0.017,0.08975
1727,4,127,4000,1739,0.001,0.015912409843995574,0.020268749733626,3674,109,155,62,0.9185,0.02725,0.03875,0.0155,0.08150000000000002
1728,4,128,4000,1740,0.001,0.01580647310562364,0.020192686957344518,3628,147,158,67,0.907,0.03675,0.0395,0.01675,0.09299999999999997
1729,4,129,4000,1741,0.001,0.01565785157226585,0.020138497635602288,3643,156,149,52,0.91075,0.039,0.03725,0.013,0.08925000000000005
1730,4,130,4000,1742,0.001,0.015865368940321953,0.020102652975978515,3606,138,176,80,0.9015,0.0345,0.044,0.02,0.09850000000000003
1731,4,131,4000,1743,0.001,0.0158146094648913,0.020118573099594646,3651,127,154,68,0.91275,0.03175,0.0385,0.017,0.08725000000000005
1732,4,132,4000,1744,0.001,0.016092327015920494,0.020262942729726487,3620,138,168,74,0.905,0.0345,0.042,0.0185,0.09499999999999997
1733,4,133,4000,1745,0.001,0.016228187061186852,0.02022380515531877,3594,152,176,78,0.8985,0.038,0.044,0.0195,0.10150000000000003
1734,4,134,4000,1746,0.001,0.01628231195840077,0.020433471318689143,3625,141,173,61,0.90625,0.03525,0.04325,0.01525,0.09375
1735,4,135,4000,1747,0.001,0.0161252175172575,0.02037358786241825,3631,137,166,66,0.90775,0.03425,0.0415,0.0165,0.09225000000000005
1736,4,136,4000,1748,0.001,0.016148672820691126,0.02042418002719626,3608,160,157,75,0.902,0.04,0.03925,0.01875,0.09799999999999998
1737,4,137,4000,1749,0.001,0.016357603486631705,0.02052469992675928,3637,135,175,53,0.90925,0.03375,0.04375,0.01325,0.09075
1738,4,138,4000,1750,0.001,0.0160048769278073,0.020591222803794315,3623,125,169,83,0.90575,0.03125,0.04225,0.02075,0.09424999999999994
1739,4,139,4000,1751,0.001,0.015882122016323275,0.020578608974148094,3613,148,175,64,0.90325,0.037,0.04375,0.016,0.09675
1740,4,140,4000,1752,0.001,0.016020021379609863,0.0207239699899392,3617,144,174,65,0.90425,0.036,0.0435,0.01625,0.09575
1741,4,141,4000,1753,0.001,0.01608932267493576,0.02070050824560239,3625,142,165,68,0.90625,0.0355,0.04125,0.017,0.09375
1742,4,142,4000,1754,0.001,0.0161487003889247,0.020569122295463815,3607,149,171,73,0.90175,0.03725,0.04275,0.01825,0.09824999999999995
1743,4,143,4000,1755,0.001,0.01608336620272142,0.02057947725590251,3642,124,167,67,0.9105,0.031,0.04175,0.01675,0.08950000000000002
1744,4,144,4000,1756,0.001,0.01602840151537258,0.02062857555436527,3630,146,163,61,0.9075,0.0365,0.04075,0.01525,0.09250000000000003
1745,4,145,4000,1757,0.001,0.015836670109463716,0.02061501995496091,3654,141,164,41,0.9135,0.03525,0.041,0.01025,0.08650000000000002
1746,4,146,4000,1758,0.001,0.015654623265495063,0.02075024979081393,3653,133,141,73,0.91325,0.03325,0.03525,0.01825,0.08675
1747,4,147,4000,1759,0.001,0.015592006128291556,0.020762146219100587,3639,132,155,74,0.90975,0.033,0.03875,0.0185,0.09025000000000005
1748,4,148,4000,1760,0.001,0.015545177019675926,0.02071647567229286,3648,114,174,64,0.912,0.0285,0.0435,0.016,0.08799999999999997
1749,4,149,4000,1761,0.001,0.015526262371920327,0.020572617334065534,3642,117,178,63,0.9105,0.02925,0.0445,0.01575,0.08950000000000002
1750,4,150,4000,1762,0.001,0.01541813199088591,0.02054668066347087,3616,159,159,66,0.904,0.03975,0.03975,0.0165,0.09599999999999997
1751,4,151,4000,1763,0.001,0.015513599797226916,0.020702885688972193,3652,129,146,73,0.913,0.03225,0.0365,0.01825,0.08699999999999997
1752,4,152,4000,1764,0.001,0.01529350734379715,0.020663946649700966,3636,146,155,63,0.909,0.0365,0.03875,0.01575,0.09099999999999997
1753,4,153,4000,1765,0.001,0.015509678097597346,0.02071533664149043,3643,122,182,53,0.91075,0.0305,0.0455,0.01325,0.08925000000000005
1754,4,154,4000,1766,0.001,0.015570623768257729,0.02083925768537662,3636,141,167,56,0.909,0.03525,0.04175,0.014,0.09099999999999997
1755,4,155,4000,1767,0.001,0.01574781612832125,0.020828071139271615,3633,121,178,68,0.90825,0.03025,0.0445,0.017,0.09175
1756,4,156,4000,1768,0.001,0.015529257159233104,0.020881592194353635,3632,146,154,68,0.908,0.0365,0.0385,0.017,0.09199999999999997
1757,4,157,4000,1769,0.001,0.015371889056531583,0.020911417395851045,3657,127,153,63,0.91425,0.03175,0.03825,0.01575,0.08574999999999999
1758,4,158,4000,1770,0.001,0.015292779859964757,0.020894163927952306,3625,149,156,70,0.90625,0.03725,0.039,0.0175,0.09375
1759,4,159,4000,1771,0.001,0.015222003150184401,0.02101085269435647,3653,134,157,56,0.91325,0.0335,0.03925,0.014,0.08675
1760,4,160,4000,1772,0.001,0.015474645649950654,0.02104619349674811,3624,133,173,70,0.906,0.03325,0.04325,0.0175,0.09399999999999997
1761,4,161,4000,1773,0.001,0.01571368240940012,0.020930288549034167,3647,139,151,63,0.91175,0.03475,0.03775,0.01575,0.08825000000000005
1762,4,162,4000,1774,0.001,0.01575808420071331,0.020893033586107234,3616,137,168,79,0.904,0.03425,0.042,0.01975,0.09599999999999997
1763,4,163,4000,1775,0.001,0.01562488945564236,0.020853120705874938,3643,132,159,66,0.91075,0.033,0.03975,0.0165,0.08925000000000005
1764,4,164,4000,1776,0.001,0.01586721107023852,0.0207131434239521,3608,143,186,63,0.902,0.03575,0.0465,0.01575,0.09799999999999998
1765,4,165,4000,1777,0.001,0.016051535430938617,0.020813715238011087,3637,141,148,74,0.90925,0.03525,0.037,0.0185,0.09075
1766,4,166,4000,1778,0.001,0.01594001901527701,0.02091593698513755,3629,142,170,59,0.90725,0.0355,0.0425,0.01475,0.09275
1767,4,167,4000,1779,0.001,0.015863331748013586,0.02096752928076382,3624,145,181,50,0.906,0.03625,0.04525,0.0125,0.09399999999999997
1768,4,168,4000,1780,0.001,0.015688892555634725,0.02105947645257131,3662,135,146,57,0.9155,0.03375,0.0365,0.01425,0.08450000000000002
1769,4,169,4000,1781,0.001,0.015768248564660102,0.02100502492317587,3619,138,182,61,0.90475,0.0345,0.0455,0.01525,0.09524999999999995
1770,4,170,4000,1782,0.001,0.015726582331378632,0.02103476232142346,3611,153,162,74,0.90275,0.03825,0.0405,0.0185,0.09724999999999995
1771,4,171,4000,1783,0.001,0.015414345542574825,0.020987325390465446,3650,123,167,60,0.9125,0.03075,0.04175,0.015,0.08750000000000002
1772,4,172,4000,1784,0.001,0.015486791088101798,0.020979426790802762,3610,144,188,58,0.9025,0.036,0.047,0.0145,0.09750000000000003
1773,4,173,4000,1785,0.001,0.015834407547667552,0.021047313801484103,3627,126,175,72,0.90675,0.0315,0.04375,0.018,0.09325000000000006
1774,4,174,4000,1786,0.001,0.01588771957568151,0.021034061146744724,3627,133,167,73,0.90675,0.03325,0.04175,0.01825,0.09325000000000006
1775,4,175,4000,1787,0.001,0.01586015870770359,0.021187000143821848,3646,121,174,59,0.9115,0.03025,0.0435,0.01475,0.08850000000000002
1776,4,176,4000,1788,0.001,0.01598895999838386,0.021305505094641818,3624,147,181,48,0.906,0.03675,0.04525,0.012,0.09399999999999997
1777,4,177,4000,1789,0.001,0.015873247708783424,0.021376644023535122,3581,168,188,63,0.89525,0.042,0.047,0.01575,0.10475000000000001
1778,4,178,4000,1790,0.001,0.015697510664264197,0.021406931283780857,3616,146,167,71,0.904,0.0365,0.04175,0.01775,0.09599999999999997
1779,4,179,4000,1791,0.001,0.016193568107048043,0.02144905529099972,3663,125,142,70,0.91575,0.03125,0.0355,0.0175,0.08425000000000005
1780,4,180,4000,1792,0.001,0.016461990143054772,0.021408931503834973,3619,149,165,67,0.90475,0.03725,0.04125,0.01675,0.09524999999999995
1781,4,181,4000,1793,0.001,0.016514257178993574,0.02134530120157753,3639,126,177,58,0.90975,0.0315,0.04425,0.0145,0.09025000000000005
1782,4,182,4000,1794,0.001,0.01686015625745069,0.021435471268974573,3616,154,162,68,0.904,0.0385,0.0405,0.017,0.09599999999999997
1783,4,183,4000,1795,0.001,0.01667003509044479,0.02139099232851959,3623,128,182,67,0.90575,0.032,0.0455,0.01675,0.09424999999999994
1784,4,184,4000,1796,0.001,0.016599282042906668,0.021496354693541213,3622,152,162,64,0.9055,0.038,0.0405,0.016,0.09450000000000003
1785,4,185,4000,1797,0.001,0.016439945132185357,0.02162119830187322,3631,133,180,56,0.90775,0.03325,0.045,0.014,0.09225000000000005
1786,4,186,4000,1798,0.001,0.01634799424451146,0.02150651727503653,3613,145,178,64,0.90325,0.03625,0.0445,0.016,0.09675
1787,4,187,4000,1799,0.001,0.01645051159616882,0.02145081911172843,3630,146,148,76,0.9075,0.0365,0.037,0.019,0.09250000000000003
1788,4,188,4000,1800,0.001,0.01658969688526108,0.02148806362488932,3648,122,179,51,0.912,0.0305,0.04475,0.01275,0.08799999999999997
1789,4,189,4000,1801,0.001,0.01666913380098762,0.021345025604526602,3639,118,163,80,0.90975,0.0295,0.04075,0.02,0.09025000000000005
1790,4,190,4000,1802,0.001,0.016850764862567806,0.021377711045962193,3616,132,178,74,0.904,0.033,0.0445,0.0185,0.09599999999999997
1791,4,191,4000,1803,0.001,0.016947914721054617,0.02129191988546331,3601,162,163,74,0.90025,0.0405,0.04075,0.0185,0.09975
1792,4,192,4000,1804,0.001,0.017015219840118095,0.021359550738003923,3635,143,167,55,0.90875,0.03575,0.04175,0.01375,0.09125000000000005
1793,4,193,4000,1805,0.001,0.016938848066136117,0.0212179317872473,3622,140,175,63,0.9055,0.035,0.04375,0.01575,0.09450000000000003
1794,4,194,4000,1806,0.001,0.017001138291783718,0.021218590485618184,3580,145,205,70,0.895,0.03625,0.05125,0.0175,0.10499999999999998
1795,4,195,4000,1807,0.001,0.016967392492314198,0.021355689863672884,3598,146,180,76,0.8995,0.0365,0.045,0.019,0.10050000000000003
1796,4,196,4000,1808,0.001,0.016805478427460403,0.02121157619764771,3608,141,185,66,0.902,0.03525,0.04625,0.0165,0.09799999999999998
1797,4,197,4000,1809,0.001,0.016690332563134506,0.02107956240971655,3588,171,169,72,0.897,0.04275,0.04225,0.018,0.10299999999999998
1798,4,198,4000,1810,0.001,0.016890451594020882,0.020975480159980762,3639,123,158,80,0.90975,0.03075,0.0395,0.02,0.09025000000000005
1799,4,199,4000,1811,0.001,0.016723568677720776,0.021020708195281127,3605,150,161,84,0.90125,0.0375,0.04025,0.021,0.09875
1800,4,200,4000,1812,0.001,0.016815494077674426,0.02078884035034095,3659,118,168,55,0.91475,0.0295,0.042,0.01375,0.08525000000000005
1801,4,201,4000,1813,0.001,0.016967533343906036,0.020753178121280247,3629,145,158,68,0.90725,0.03625,0.0395,0.017,0.09275
1802,4,202,4000,1814,0.001,0.016707480481385595,0.020828787360139277,3603,146,178,73,0.90075,0.0365,0.0445,0.01825,0.09924999999999995
1803,4,203,4000,1815,0.001,0.01707708611977615,0.020851487885854024,3566,143,205,86,0.8915,0.03575,0.05125,0.0215,0.10850000000000004
1804,4,204,4000,1816,0.001,0.017294340757995408,0.020931381340539967,3628,147,151,74,0.907,0.03675,0.03775,0.0185,0.09299999999999997
1805,4,205,4000,1817,0.001,0.017336984693064852,0.02104484733026946,3606,147,173,74,0.9015,0.03675,0.04325,0.0185,0.09850000000000003
1806,4,206,4000,1818,0.001,0.017171610058108036,0.020990238194290956,3650,144,157,49,0.9125,0.036,0.03925,0.01225,0.08750000000000002
1807,4,207,4000,1819,0.001,0.016901027192598374,0.02104914132125578,3626,138,163,73,0.9065,0.0345,0.04075,0.01825,0.09350000000000003
1808,4,208,4000,1820,0.001,0.01678275525625024,0.0209799644518835,3651,118,168,63,0.91275,0.0295,0.042,0.01575,0.08725000000000005
1809,4,209,4000,1821,0.001,0.016713139268894107,0.02093426128094309,3623,139,163,75,0.90575,0.03475,0.04075,0.01875,0.09424999999999994
1810,4,210,4000,1822,0.001,0.016938888718184955,0.02097915648783087,3616,153,165,66,0.904,0.03825,0.04125,0.0165,0.09599999999999997
1811,4,211,4000,1823,0.001,0.0171114496684613,0.02101706103483409,3612,144,174,70,0.903,0.036,0.0435,0.0175,0.09699999999999998
1812,4,212,4000,1824,0.001,0.01663418389073696,0.020953141714000745,3598,157,170,75,0.8995,0.03925,0.0425,0.01875,0.10050000000000003
1813,4,213,4000,1825,0.001,0.01668027260958909,0.020928862680650636,3598,150,183,69,0.8995,0.0375,0.04575,0.01725,0.10050000000000003
1814,4,214,4000,1826,0.001,0.01653537105346839,0.020978072707794594,3636,123,181,60,0.909,0.03075,0.04525,0.015,0.09099999999999997
1815,4,215,4000,1827,0.001,0.01663186514886918,0.021028117554841408,3641,148,152,59,0.91025,0.037,0.038,0.01475,0.08975
1816,4,216,4000,1828,0.001,0.01681415531959347,0.021035300485651335,3628,140,165,67,0.907,0.035,0.04125,0.01675,0.09299999999999997
1817,4,217,4000,1829,0.001,0.017079102608888484,0.02119113866875881,3592,154,175,79,0.898,0.0385,0.04375,0.01975,0.10199999999999998
1818,4,218,4000,1830,0.001,0.01689160421287333,0.021327902742115247,3600,162,170,68,0.9,0.0405,0.0425,0.017,0.09999999999999998
1819,4,219,4000,1831,0.001,0.01683087521934169,0.021221108426834518,3626,155,165,54,0.9065,0.03875,0.04125,0.0135,0.09350000000000003
1820,4,220,4000,1832,0.001,0.017022144155593687,0.021319814306373395,3615,150,154,81,0.90375,0.0375,0.0385,0.02025,0.09624999999999995
1821,4,221,4000,1833,0.001,0.01707289961209768,0.021508186017752177,3634,131,168,67,0.9085,0.03275,0.042,0.01675,0.09150000000000003
1822,4,222,4000,1834,0.001,0.017297227102946778,0.021665187858891006,3587,159,185,69,0.89675,0.03975,0.04625,0.01725,0.10324999999999995
1823,4,223,4000,1835,0.001,0.017513255118940908,0.021745402168099264,3608,126,180,86,0.902,0.0315,0.045,0.0215,0.09799999999999998
1824,4,224,4000,1836,0.001,0.017559044650497554,0.021713922501716772,3623,123,188,66,0.90575,0.03075,0.047,0.0165,0.09424999999999994
1825,4,225,4000,1837,0.001,0.01736911485512628,0.021768493640582934,3649,128,154,69,0.91225,0.032,0.0385,0.01725,0.08775
1826,4,226,4000,1838,0.001,0.01718747268508954,0.02173074065472965,3601,158,185,56,0.90025,0.0395,0.04625,0.014,0.09975
1827,4,227,4000,1839,0.001,0.017237245851758076,0.021707919344823627,3600,150,175,75,0.9,0.0375,0.04375,0.01875,0.09999999999999998
1828,4,228,4000,1840,0.001,0.016954843892282814,0.02165507091143948,3620,140,172,68,0.905,0.035,0.043,0.017,0.09499999999999997
1829,4,229,4000,1841,0.001,0.016734525364219,0.021715389520118214,3596,155,167,82,0.899,0.03875,0.04175,0.0205,0.10099999999999998
1830,4,230,4000,1842,0.001,0.017128098707137527,0.02153402465324725,3607,149,180,64,0.90175,0.03725,0.045,0.016,0.09824999999999995
1831,4,231,4000,1843,0.001,0.017072843123905782,0.021399719705990458,3579,151,179,91,0.89475,0.03775,0.04475,0.02275,0.10524999999999995
1832,4,232,4000,1844,0.001,0.01713608481923056,0.02139945592073618,3579,165,191,65,0.89475,0.04125,0.04775,0.01625,0.10524999999999995
1833,4,233,4000,1845,0.001,0.017267763223869536,0.02158159168926356,3608,140,185,67,0.902,0.035,0.04625,0.01675,0.09799999999999998
1834,4,234,4000,1846,0.001,0.017199762251720926,0.021501712707300513,3583,155,192,70,0.89575,0.03875,0.048,0.0175,0.10424999999999995
1835,4,235,4000,1847,0.001,0.017314722340547616,0.021554549878465813,3600,163,167,70,0.9,0.04075,0.04175,0.0175,0.09999999999999998
1836,4,236,4000,1848,0.001,0.017526468274878065,0.02178614518833222,3567,158,191,84,0.89175,0.0395,0.04775,0.021,0.10824999999999996
1837,4,237,4000,1849,0.001,0.01750025640591123,0.02183102930973089,3590,157,174,79,0.8975,0.03925,0.0435,0.01975,0.10250000000000004
1838,4,238,4000,1850,0.001,0.017462219046910248,0.02174317170099734,3574,154,193,79,0.8935,0.0385,0.04825,0.01975,0.10650000000000004
1839,4,239,4000,1851,0.001,0.01728781068594563,0.021696127325001407,3578,159,183,80,0.8945,0.03975,0.04575,0.02,0.10550000000000004
1840,4,240,4000,1852,0.001,0.017557066876068426,0.021738388549393455,3563,151,204,82,0.89075,0.03775,0.051,0.0205,0.10924999999999996
1841,4,241,4000,1853,0.001,0.017623597249178766,0.021575190219002827,3607,128,198,67,0.90175,0.032,0.0495,0.01675,0.09824999999999995
1842,4,242,4000,1854,0.001,0.017588282933283548,0.021557789026922847,3602,136,203,59,0.9005,0.034,0.05075,0.01475,0.09950000000000003
1843,4,243,4000,1855,0.001,0.017590605910051786,0.02155858045896307,3610,142,167,81,0.9025,0.0355,0.04175,0.02025,0.09750000000000003
1844,4,244,4000,1856,0.001,0.017671906011724872,0.021729023830288914,3583,142,203,72,0.89575,0.0355,0.05075,0.018,0.10424999999999995
1845,4,245,4000,1857,0.001,0.01760069034449515,0.02182541782919709,3624,146,162,68,0.906,0.0365,0.0405,0.017,0.09399999999999997
1846,4,246,4000,1858,0.001,0.01766956640559199,0.021766476622792956,3612,151,175,62,0.903,0.03775,0.04375,0.0155,0.09699999999999998
1847,4,247,4000,1859,0.001,0.017836163826602924,0.021768634361012323,3619,141,180,60,0.90475,0.03525,0.045,0.015,0.09524999999999995
1848,4,248,4000,1860,0.001,0.017934973755130434,0.02168566394560419,3604,130,193,73,0.901,0.0325,0.04825,0.01825,0.09899999999999998
1849,4,249,4000,1861,0.001,0.018188441440771048,0.021616206063775872,3580,162,179,79,0.895,0.0405,0.04475,0.01975,0.10499999999999998
1850,4,250,4000,1862,0.001,0.018368535117554277,0.021733415104721866,3568,163,198,71,0.892,0.04075,0.0495,0.01775,0.10799999999999998
1851,4,251,4000,1863,0.001,0.017862962672945577,0.021745987044684594,3566,158,197,79,0.8915,0.0395,0.04925,0.01975,0.10850000000000004
1852,4,252,4000,1864,0.001,0.017429632892540535,0.02182184994186799,3596,145,200,59,0.899,0.03625,0.05,0.01475,0.10099999999999998
1853,4,253,4000,1865,0.001,0.017277687482725044,0.021717026285453075,3584,142,191,83,0.896,0.0355,0.04775,0.02075,0.10399999999999998
1854,4,254,4000,1866,0.001,0.017185058037248013,0.021781215191400718,3609,132,191,68,0.90225,0.033,0.04775,0.017,0.09775
1855,4,255,4000,1867,0.001,0.01725951066213274,0.021801877773690904,3620,141,178,61,0.905,0.03525,0.0445,0.01525,0.09499999999999997
1856,4,256,4000,1868,0.001,0.01732472883296968,0.02192381221878138,3592,162,166,80,0.898,0.0405,0.0415,0.02,0.10199999999999998
1857,4,257,4000,1869,0.001,0.01743317913011827,0.02203978062751155,3610,145,170,75,0.9025,0.03625,0.0425,0.01875,0.09750000000000003
1858,4,258,4000,1870,0.001,0.01761017556711539,0.022020226541059357,3634,144,170,52,0.9085,0.036,0.0425,0.013,0.09150000000000003
1859,4,259,4000,1871,0.001,0.017619251894553704,0.02205654603477782,3595,142,185,78,0.89875,0.0355,0.04625,0.0195,0.10124999999999995
1860,4,260,4000,1872,0.001,0.017587911708472743,0.022073053411434878,3609,149,177,65,0.90225,0.03725,0.04425,0.01625,0.09775
1861,4,261,4000,1873,0.001,0.017688236408645783,0.022047244670563453,3567,167,191,75,0.89175,0.04175,0.04775,0.01875,0.10824999999999996
1862,4,262,4000,1874,0.001,0.0174228667308048,0.022032180263337125,3635,138,157,70,0.90875,0.0345,0.03925,0.0175,0.09125000000000005
1863,4,263,4000,1875,0.001,0.017532672931216478,0.021983532921089313,3602,141,176,81,0.9005,0.03525,0.044,0.02025,0.09950000000000003
1864,4,264,4000,1876,0.001,0.017475781428750448,0.021920745493797383,3621,132,185,62,0.90525,0.033,0.04625,0.0155,0.09475
1865,4,265,4000,1877,0.001,0.017037855537623412,0.022062038041248358,3622,145,170,63,0.9055,0.03625,0.0425,0.01575,0.09450000000000003
1866,4,266,4000,1878,0.001,0.016965743025801696,0.022116917444665887,3616,131,177,76,0.904,0.03275,0.04425,0.019,0.09599999999999997
1867,4,267,4000,1879,0.001,0.01706325349657071,0.022212398736042333,3632,139,171,58,0.908,0.03475,0.04275,0.0145,0.09199999999999997
1868,4,268,4000,1880,0.001,0.017043229160111514,0.02226531137804389,3587,154,188,71,0.89675,0.0385,0.047,0.01775,0.10324999999999995
1869,4,269,4000,1881,0.001,0.017259296804747647,0.022145573946982657,3596,162,170,72,0.899,0.0405,0.0425,0.018,0.10099999999999998
1870,4,270,4000,1882,0.001,0.01715061137479647,0.022276262532771273,3599,147,180,74,0.89975,0.03675,0.045,0.0185,0.10024999999999995
1871,4,271,4000,1883,0.001,0.01742330782765686,0.022327667465230162,3617,140,176,67,0.90425,0.035,0.044,0.01675,0.09575
1872,4,272,4000,1884,0.001,0.017379537889164264,0.02229770028869101,3620,148,165,67,0.905,0.037,0.04125,0.01675,0.09499999999999997
1873,4,273,4000,1885,0.001,0.017524063135995742,0.022308907457270436,3599,133,190,78,0.89975,0.03325,0.0475,0.0195,0.10024999999999995
1874,4,274,4000,1886,0.001,0.017480047765077344,0.022274513003902745,3616,141,176,67,0.904,0.03525,0.044,0.01675,0.09599999999999997
1875,4,275,4000,1887,0.001,0.017805420602422333,0.022362613264689152,3596,156,171,77,0.899,0.039,0.04275,0.01925,0.10099999999999998
1876,4,276,4000,1888,0.001,0.0177758836143411,0.0223817323025327,3608,135,193,64,0.902,0.03375,0.04825,0.016,0.09799999999999998
1877,4,277,4000,1889,0.001,0.017832628447736473,0.022388502966324875,3593,136,190,81,0.89825,0.034,0.0475,0.02025,0.10175000000000001
1878,4,278,4000,1890,0.001,0.01743209512603694,0.02224953766987233,3616,141,170,73,0.904,0.03525,0.0425,0.01825,0.09599999999999997
1879,4,279,4000,1891,0.001,0.017406661401368654,0.022074000744240232,3598,158,174,70,0.8995,0.0395,0.0435,0.0175,0.10050000000000003
1880,4,280,4000,1892,0.001,0.01737292755167257,0.021928111178970425,3614,141,172,73,0.9035,0.03525,0.043,0.01825,0.09650000000000003
1881,4,281,4000,1893,0.001,0.017697539939139546,0.02204434632725327,3609,158,168,65,0.90225,0.0395,0.042,0.01625,0.09775
1882,4,282,4000,1894,0.001,0.017727802608526494,0.022003165776501656,3617,144,176,63,0.90425,0.036,0.044,0.01575,0.09575
1883,4,283,4000,1895,0.001,0.017728559517490812,0.022047343364666513,3617,142,166,75,0.90425,0.0355,0.0415,0.01875,0.09575
1884,4,284,4000,1896,0.001,0.017765501672393692,0.02189366281833862,3605,146,164,85,0.90125,0.0365,0.041,0.02125,0.09875
1885,4,285,4000,1897,0.001,0.01767713027923802,0.02208777709357563,3601,144,182,73,0.90025,0.036,0.0455,0.01825,0.09975
1886,4,286,4000,1898,0.001,0.017495644170320998,0.022044077744991137,3620,151,155,74,0.905,0.03775,0.03875,0.0185,0.09499999999999997
1887,4,287,4000,1899,0.001,0.01768468869093078,0.022014656339952393,3583,163,194,60,0.89575,0.04075,0.0485,0.015,0.10424999999999995
1888,4,288,4000,1900,0.001,0.017566222786164366,0.021971371276632016,3613,148,165,74,0.90325,0.037,0.04125,0.0185,0.09675
1889,4,289,4000,1901,0.001,0.01800673653728387,0.022142138951293622,3626,147,160,67,0.9065,0.03675,0.04,0.01675,0.09350000000000003
1890,4,290,4000,1902,0.001,0.017953832404315008,0.022032658050327763,3616,145,174,65,0.904,0.03625,0.0435,0.01625,0.09599999999999997
1891,4,291,4000,1903,0.001,0.018008981271767664,0.021933800839850335,3626,123,170,81,0.9065,0.03075,0.0425,0.02025,0.09350000000000003
1892,4,292,4000,1904,0.001,0.018134217214170863,0.02187045150902903,3593,166,177,64,0.89825,0.0415,0.04425,0.016,0.10175000000000001
1893,4,293,4000,1905,0.001,0.018225516940226588,0.021821591499712488,3586,146,199,69,0.8965,0.0365,0.04975,0.01725,0.10350000000000004
1894,4,294,4000,1906,0.001,0.018357114866630827,0.021839120821617562,3598,165,164,73,0.8995,0.04125,0.041,0.01825,0.10050000000000003
1895,4,295,4000,1907,0.001,0.018176181186668708,0.021778593960695567,3539,177,214,70,0.88475,0.04425,0.0535,0.0175,0.11524999999999996
1896,4,296,4000,1908,0.001,0.018245778935982164,0.021750875704172022,3582,155,182,81,0.8955,0.03875,0.0455,0.02025,0.10450000000000004
1897,4,297,4000,1909,0.001,0.018112091230823538,0.02178622018871517,3606,140,188,66,0.9015,0.035,0.047,0.0165,0.09850000000000003
1898,4,298,4000,1910,0.001,0.018378681126119158,0.02186749480507485,3577,166,177,80,0.89425,0.0415,0.04425,0.02,0.10575000000000001
1899,4,299,4000,1911,0.001,0.018376732008288252,0.021952351659690627,3606,139,181,74,0.9015,0.03475,0.04525,0.0185,0.09850000000000003
1900,4,300,4000,1912,0.001,0.018249053051829476,0.022011290826502522,3646,116,180,58,0.9115,0.029,0.045,0.0145,0.08850000000000002
1901,4,301,4000,1913,0.001,0.01794751267625311,0.021965260528405937,3588,157,180,75,0.897,0.03925,0.045,0.01875,0.10299999999999998
1902,4,302,4000,1914,0.001,0.01794815352671589,0.02208304746290889,3595,139,191,75,0.89875,0.03475,0.04775,0.01875,0.10124999999999995
1903,4,303,4000,1915,0.001,0.01805519826710029,0.02210708628845603,3582,150,197,71,0.8955,0.0375,0.04925,0.01775,0.10450000000000004
1904,4,304,4000,1916,0.001,0.01806726584395033,0.021965643130515664,3616,144,182,58,0.904,0.036,0.0455,0.0145,0.09599999999999997
1905,4,305,4000,1917,0.001,0.018133336813310953,0.02207443309014408,3637,123,159,81,0.90925,0.03075,0.03975,0.02025,0.09075
1906,4,306,4000,1918,0.001,0.01848741274317661,0.02201487061510315,3612,144,173,71,0.903,0.036,0.04325,0.01775,0.09699999999999998
1907,4,307,4000,1919,0.001,0.018411748070766436,0.022072731471916206,3594,130,189,87,0.8985,0.0325,0.04725,0.02175,0.10150000000000003
1908,4,308,4000,1920,0.001,0.0186463459729063,0.02218191720096589,3594,153,180,73,0.8985,0.03825,0.045,0.01825,0.10150000000000003
1909,4,309,4000,1921,0.001,0.01856724383269521,0.022175056261208505,3581,156,183,80,0.89525,0.039,0.04575,0.02,0.10475000000000001
1910,4,310,4000,1922,0.001,0.018667358177389903,0.022059429477802005,3568,162,193,77,0.892,0.0405,0.04825,0.01925,0.10799999999999998
1911,4,311,4000,1923,0.001,0.018694597461212832,0.022092063141125766,3586,152,196,66,0.8965,0.038,0.049,0.0165,0.10350000000000004
1912,4,312,4000,1924,0.001,0.018328491616877083,0.022020623816551205,3593,150,197,60,0.89825,0.0375,0.04925,0.015,0.10175000000000001
1913,4,313,4000,1925,0.001,0.018267525008806247,0.02196668295385887,3591,146,185,78,0.89775,0.0365,0.04625,0.0195,0.10224999999999995
1914,4,314,4000,1926,0.001,0.018826479750224282,0.022138637396920926,3565,146,208,81,0.89125,0.0365,0.052,0.02025,0.10875000000000001
1915,4,315,4000,1927,0.001,0.01882388503812748,0.02210938219782168,3575,167,183,75,0.89375,0.04175,0.04575,0.01875,0.10624999999999996
1916,4,316,4000,1928,0.001,0.019183450140668974,0.022108637749990247,3582,158,186,74,0.8955,0.0395,0.0465,0.0185,0.10450000000000004
1917,4,317,4000,1929,0.001,0.01952075042780269,0.022147226910668907,3552,162,203,83,0.888,0.0405,0.05075,0.02075,0.11199999999999999
1918,4,318,4000,1930,0.001,0.01982399450632267,0.022147552967148078,3600,146,177,77,0.9,0.0365,0.04425,0.01925,0.09999999999999998
1919,4,319,4000,1931,0.001,0.01985447428847604,0.02216101112934262,3586,153,184,77,0.8965,0.03825,0.046,0.01925,0.10350000000000004
1920,4,320,4000,1932,0.001,0.020087264901001198,0.022091720487678795,3559,155,211,75,0.88975,0.03875,0.05275,0.01875,0.11024999999999996
1921,4,321,4000,1933,0.001,0.019995365668345727,0.02189132908290654,3592,126,185,97,0.898,0.0315,0.04625,0.02425,0.10199999999999998
1922,4,322,4000,1934,0.001,0.020390262180206894,0.02181738892519228,3571,152,197,80,0.89275,0.038,0.04925,0.02,0.10724999999999996
1923,4,323,4000,1935,0.001,0.02052545730945495,0.02184065990431554,3596,143,194,67,0.899,0.03575,0.0485,0.01675,0.10099999999999998
1924,4,324,4000,1936,0.001,0.020590165008153343,0.02182302602806531,3551,166,185,98,0.88775,0.0415,0.04625,0.0245,0.11224999999999996
1925,4,325,4000,1937,0.001,0.02088248590170362,0.021764458074513424,3529,154,219,98,0.88225,0.0385,0.05475,0.0245,0.11775000000000002
1926,4,326,4000,1938,0.001,0.020907533718092345,0.021786608877295194,3556,148,216,80,0.889,0.037,0.054,0.02,0.11099999999999999
1927,4,327,4000,1939,0.001,0.021210958333793543,0.021914534227021956,3583,147,179,91,0.89575,0.03675,0.04475,0.02275,0.10424999999999995
1928,4,328,4000,1940,0.001,0.0213284457564081,0.021965619280972588,3580,150,185,85,0.895,0.0375,0.04625,0.02125,0.10499999999999998
1929,4,329,4000,1941,0.001,0.021045639757139696,0.021949540991757624,3530,177,222,71,0.8825,0.04425,0.0555,0.01775,0.11750000000000005
1930,4,330,4000,1942,0.001,0.020949448135982172,0.02201351330960038,3609,141,176,74,0.90225,0.03525,0.044,0.0185,0.09775
1931,4,331,4000,1943,0.001,0.02085681915965901,0.02216179207903356,3593,147,192,68,0.89825,0.03675,0.048,0.017,0.10175000000000001
1932,4,332,4000,1944,0.001,0.020794730231596,0.022077674007783602,3568,158,200,74,0.892,0.0395,0.05,0.0185,0.10799999999999998
1933,4,333,4000,1945,0.001,0.02051123231490161,0.022048192129523043,3603,127,192,78,0.90075,0.03175,0.048,0.0195,0.09924999999999995
1934,4,334,4000,1946,0.001,0.020410416170607727,0.021874079102888546,3569,156,188,87,0.89225,0.039,0.047,0.02175,0.10775000000000001
1935,4,335,4000,1947,0.001,0.020033221768682996,0.02194093065354013,3556,157,214,73,0.889,0.03925,0.0535,0.01825,0.11099999999999999
1936,4,336,4000,1948,0.001,0.02036611822706474,0.021908888628364882,3559,174,180,87,0.88975,0.0435,0.045,0.02175,0.11024999999999996
1937,4,337,4000,1949,0.001,0.020661566896810247,0.022027289167104745,3544,149,214,93,0.886,0.03725,0.0535,0.02325,0.11399999999999999
1938,4,338,4000,1950,0.001,0.020350522849998373,0.0219551832161057,3584,131,203,82,0.896,0.03275,0.05075,0.0205,0.10399999999999998
1939,4,339,4000,1951,0.001,0.020219406126300736,0.02189996549659483,3546,155,209,90,0.8865,0.03875,0.05225,0.0225,0.11350000000000005
1940,4,340,4000,1952,0.001,0.020356631818477404,0.022058687604743065,3610,133,176,81,0.9025,0.03325,0.044,0.02025,0.09750000000000003
1941,4,341,4000,1953,0.001,0.02069266652384536,0.022201194815663957,3539,176,209,76,0.88475,0.044,0.05225,0.019,0.11524999999999996
1942,4,342,4000,1954,0.001,0.020874424511440094,0.022064306295886904,3596,144,198,62,0.899,0.036,0.0495,0.0155,0.10099999999999998
1943,4,343,4000,1955,0.001,0.020780134604340975,0.02198990094817677,3517,159,218,106,0.87925,0.03975,0.0545,0.0265,0.12075000000000002
1944,4,344,4000,1956,0.001,0.02065217863664422,0.02197510104653489,3576,144,196,84,0.894,0.036,0.049,0.021,0.10599999999999998
1945,4,345,4000,1957,0.001,0.020643028370269257,0.022082333085157523,3571,151,193,85,0.89275,0.03775,0.04825,0.02125,0.10724999999999996
1946,4,346,4000,1958,0.001,0.020743983811128956,0.02196371086551032,3539,189,185,87,0.88475,0.04725,0.04625,0.02175,0.11524999999999996
1947,4,347,4000,1959,0.001,0.02093944579989307,0.02204771913864865,3543,164,211,82,0.88575,0.041,0.05275,0.0205,0.11424999999999996
1948,4,348,4000,1960,0.001,0.021170406466016044,0.022020100842106635,3570,171,181,78,0.8925,0.04275,0.04525,0.0195,0.10750000000000004
1949,4,349,4000,1961,0.001,0.021488911792303618,0.02219598608020698,3545,164,211,80,0.88625,0.041,0.05275,0.02,0.11375000000000002
1950,4,350,4000,1962,0.001,0.021638345683136745,0.02220274760564628,3569,159,198,74,0.89225,0.03975,0.0495,0.0185,0.10775000000000001
1951,4,351,4000,1963,0.001,0.02164538473153784,0.022212894289584586,3565,188,164,83,0.89125,0.047,0.041,0.02075,0.10875000000000001
1952,4,352,4000,1964,0.001,0.021463991763547366,0.02221791647592736,3579,181,162,78,0.89475,0.04525,0.0405,0.0195,0.10524999999999995
1953,4,353,4000,1965,0.001,0.021071083475991854,0.022333866407117407,3575,146,211,68,0.89375,0.0365,0.05275,0.017,0.10624999999999996
1954,4,354,4000,1966,0.001,0.020846161921983346,0.02229507479204384,3549,156,214,81,0.88725,0.039,0.0535,0.02025,0.11275000000000002
1955,4,355,4000,1967,0.001,0.020550391210488676,0.02236792951182215,3544,162,198,96,0.886,0.0405,0.0495,0.024,0.11399999999999999
1956,4,356,4000,1968,0.001,0.021008321855990355,0.022277744056000005,3538,184,191,87,0.8845,0.046,0.04775,0.02175,0.11550000000000005
1957,4,357,4000,1969,0.001,0.02122307262564403,0.022404436071837116,3572,173,187,68,0.893,0.04325,0.04675,0.017,0.10699999999999998
1958,4,358,4000,1970,0.001,0.02129214171667456,0.02224056061780915,3581,158,184,77,0.89525,0.0395,0.046,0.01925,0.10475000000000001
1959,4,359,4000,1971,0.001,0.021410640335399963,0.022411519412870874,3544,183,187,86,0.886,0.04575,0.04675,0.0215,0.11399999999999999
1960,4,360,4000,1972,0.001,0.021453727272715307,0.022378080058651533,3560,161,197,82,0.89,0.04025,0.04925,0.0205,0.10999999999999999
1961,4,361,4000,1973,0.001,0.021430609626099772,0.022300281047268743,3547,164,204,85,0.88675,0.041,0.051,0.02125,0.11324999999999996
1962,4,362,4000,1974,0.001,0.021223270014603342,0.022433829581373604,3580,138,192,90,0.895,0.0345,0.048,0.0225,0.10499999999999998
1963,4,363,4000,1975,0.001,0.021419367031017895,0.022560012267232976,3558,162,191,89,0.8895,0.0405,0.04775,0.02225,0.11050000000000004
1964,4,364,4000,1976,0.001,0.02149776191827629,0.022583997086714044,3555,169,197,79,0.88875,0.04225,0.04925,0.01975,0.11124999999999996
1965,4,365,4000,1977,0.001,0.021375746826343085,0.02281147874578541,3540,165,220,75,0.885,0.04125,0.055,0.01875,0.11499999999999999
1966,4,366,4000,1978,0.001,0.02128904552295566,0.022849542776099283,3543,173,195,89,0.88575,0.04325,0.04875,0.02225,0.11424999999999996
1967,4,367,4000,1979,0.001,0.021619343517986788,0.022839355948910053,3529,153,227,91,0.88225,0.03825,0.05675,0.02275,0.11775000000000002
1968,4,368,4000,1980,0.001,0.02188407509908911,0.022846289541897522,3539,150,229,82,0.88475,0.0375,0.05725,0.0205,0.11524999999999996
1969,4,369,4000,1981,0.001,0.021944382332603835,0.022831477137012734,3534,163,208,95,0.8835,0.04075,0.052,0.02375,0.11650000000000005
1970,4,370,4000,1982,0.001,0.021778445196921674,0.02262129981275568,3553,158,196,93,0.88825,0.0395,0.049,0.02325,0.11175000000000002
1971,4,371,4000,1983,0.001,0.022118337757421364,0.022658706360103555,3547,170,200,83,0.88675,0.0425,0.05,0.02075,0.11324999999999996
1972,4,372,4000,1984,0.001,0.02232862694452164,0.022619192343750368,3574,147,193,86,0.8935,0.03675,0.04825,0.0215,0.10650000000000004
1973,4,373,4000,1985,0.001,0.022327077232925,0.02277158374016719,3539,157,207,97,0.88475,0.03925,0.05175,0.02425,0.11524999999999996
1974,4,374,4000,1986,0.001,0.022577145456596483,0.02258608198119882,3560,153,196,91,0.89,0.03825,0.049,0.02275,0.10999999999999999
1975,4,375,4000,1987,0.001,0.02233927573127634,0.022521696945607857,3521,185,199,95,0.88025,0.04625,0.04975,0.02375,0.11975000000000002
1976,4,376,4000,1988,0.001,0.02240240828222497,0.022528784977684242,3553,155,207,85,0.88825,0.03875,0.05175,0.02125,0.11175000000000002
1977,4,377,4000,1989,0.001,0.022542209799966538,0.022296472540113948,3505,199,197,99,0.87625,0.04975,0.04925,0.02475,0.12375000000000003
1978,4,378,4000,1990,0.001,0.022655328300045206,0.022316876662898725,3571,153,192,84,0.89275,0.03825,0.048,0.021,0.10724999999999996
1979,4,379,4000,1991,0.001,0.022513379956417306,0.02235035623751956,3520,166,232,82,0.88,0.0415,0.058,0.0205,0.12
1980,4,380,4000,1992,0.001,0.022918383898252688,0.02261428600074874,3532,156,216,96,0.883,0.039,0.054,0.024,0.11699999999999999
1981,4,381,4000,1993,0.001,0.023117192531436945,0.022405304340647046,3517,171,205,107,0.87925,0.04275,0.05125,0.02675,0.12075000000000002
1982,4,382,4000,1994,0.001,0.02304389716040155,0.02245317415647217,3558,162,195,85,0.8895,0.0405,0.04875,0.02125,0.11050000000000004
1983,4,383,4000,1995,0.001,0.022820432392243527,0.022288924445182903,3575,148,195,82,0.89375,0.037,0.04875,0.0205,0.10624999999999996
1984,4,384,4000,1996,0.001,0.023035207864915423,0.022297832584041135,3507,203,194,96,0.87675,0.05075,0.0485,0.024,0.12324999999999997
1985,4,385,4000,1997,0.001,0.02279670546581352,0.02234813974849554,3544,143,220,93,0.886,0.03575,0.055,0.02325,0.11399999999999999
1986,4,386,4000,1998,0.001,0.022744369560413907,0.022468833170541106,3570,137,206,87,0.8925,0.03425,0.0515,0.02175,0.10750000000000004
1987,4,387,4000,1999,0.001,0.022908464030365002,0.02248921732094003,3545,154,200,101,0.88625,0.0385,0.05,0.02525,0.11375000000000002
1988,4,388,4000,2000,0.001,0.0226484159076141,0.022442319219187098,3542,165,192,101,0.8855,0.04125,0.048,0.02525,0.11450000000000005
1989,4,389,4000,2001,0.001,0.022806031437954573,0.022456230640067132,3518,177,198,107,0.8795,0.04425,0.0495,0.02675,0.12050000000000005
1990,4,390,4000,2002,0.001,0.02302561638566472,0.02247163543037226,3564,164,189,83,0.891,0.041,0.04725,0.02075,0.10899999999999999
1991,4,391,4000,2003,0.001,0.0231493044478282,0.022387735617957257,3534,167,210,89,0.8835,0.04175,0.0525,0.02225,0.11650000000000005
1992,4,392,4000,2004,0.001,0.02315689874008182,0.02242740786161866,3548,159,216,77,0.887,0.03975,0.054,0.01925,0.11299999999999999
1993,4,393,4000,2005,0.001,0.022894658200860583,0.02244885918464381,3507,191,218,84,0.87675,0.04775,0.0545,0.021,0.12324999999999997
1994,4,394,4000,2006,0.001,0.022733374392111785,0.022316461737984163,3559,173,180,88,0.88975,0.04325,0.045,0.022,0.11024999999999996
1995,4,395,4000,2007,0.001,0.022298058433854923,0.022243074754074672,3540,169,199,92,0.885,0.04225,0.04975,0.023,0.11499999999999999
1996,4,396,4000,2008,0.001,0.022833523389821447,0.02218508885528969,3540,154,216,90,0.885,0.0385,0.054,0.0225,0.11499999999999999
1997,4,397,4000,2009,0.001,0.022902101574841155,0.022039567264595807,3557,133,201,109,0.88925,0.03325,0.05025,0.02725,0.11075000000000002
1998,4,398,4000,2010,0.001,0.02284333722779487,0.021919006358967937,3532,164,217,87,0.883,0.041,0.05425,0.02175,0.11699999999999999
1999,4,399,4000,2011,0.001,0.02267080311370931,0.02204889225466349,3535,181,191,93,0.88375,0.04525,0.04775,0.02325,0.11624999999999996
2000,5,0,4000,2013,0.001,0.009777613294042099,0.02002855389174238,3737,108,116,39,0.93425,0.027,0.029,0.00975,0.06574999999999998
2001,5,1,4000,2014,0.001,0.009654345335960143,0.019994290465532086,3701,106,147,46,0.92525,0.0265,0.03675,0.0115,0.07474999999999998
2002,5,2,4000,2015,0.001,0.009375899229901617,0.020104686234870762,3715,103,141,41,0.92875,0.02575,0.03525,0.01025,0.07125000000000004
2003,5,3,4000,2016,0.001,0.009434126671483859,0.020082715888103904,3728,96,135,41,0.932,0.024,0.03375,0.01025,0.06799999999999995
2004,5,4,4000,2017,0.001,0.009554098933320326,0.020147337991380968,3712,124,125,39,0.928,0.031,0.03125,0.00975,0.07199999999999995
2005,5,5,4000,2018,0.001,0.010007943454687394,0.0202244593474383,3731,115,123,31,0.93275,0.02875,0.03075,0.00775,0.06725000000000003
2006,5,6,4000,2019,0.001,0.00992281619564193,0.020188499498742997,3716,119,132,33,0.929,0.02975,0.033,0.00825,0.07099999999999995
2007,5,7,4000,2020,0.001,0.009494177645281746,0.02013648772575087,3738,112,113,37,0.9345,0.028,0.02825,0.00925,0.0655
2008,5,8,4000,2021,0.001,0.009575006006719339,0.0201707980940837,3711,123,133,33,0.92775,0.03075,0.03325,0.00825,0.07225000000000004
2009,5,9,4000,2022,0.001,0.00976438458373512,0.020235239296674402,3715,131,115,39,0.92875,0.03275,0.02875,0.00975,0.07125000000000004
2010,5,10,4000,2023,0.001,0.009659714190919202,0.020351924815223757,3709,136,120,35,0.92725,0.034,0.03,0.00875,0.07274999999999998
2011,5,11,4000,2024,0.001,0.0098010747846123,0.020225900958342792,3742,96,125,37,0.9355,0.024,0.03125,0.00925,0.0645
2012,5,12,4000,2025,0.001,0.010082225326648684,0.020160974512568673,3732,104,116,48,0.933,0.026,0.029,0.012,0.06699999999999995
2013,5,13,4000,2026,0.001,0.009986420588138782,0.020114959859084,3697,118,145,40,0.92425,0.0295,0.03625,0.01,0.07574999999999998
2014,5,14,4000,2027,0.001,0.010263187369749415,0.020135974965346394,3712,101,143,44,0.928,0.02525,0.03575,0.011,0.07199999999999995
2015,5,15,4000,2028,0.001,0.010309057652916613,0.02019854545564938,3687,124,150,39,0.92175,0.031,0.0375,0.00975,0.07825000000000004
2016,5,16,4000,2029,0.001,0.010599293170028178,0.02024242002250465,3681,126,154,39,0.92025,0.0315,0.0385,0.00975,0.07974999999999999
2017,5,17,4000,2030,0.001,0.010458493574278305,0.020416954551027097,3681,137,142,40,0.92025,0.03425,0.0355,0.01,0.07974999999999999
2018,5,18,4000,2031,0.001,0.01026003516570351,0.02055563505357371,3721,104,133,42,0.93025,0.026,0.03325,0.0105,0.06974999999999998
2019,5,19,4000,2032,0.001,0.010476065573725359,0.020519235181782985,3716,114,132,38,0.929,0.0285,0.033,0.0095,0.07099999999999995
2020,5,20,4000,2033,0.001,0.010528458045526578,0.020477829265522912,3713,109,130,48,0.92825,0.02725,0.0325,0.012,0.07174999999999998
2021,5,21,4000,2034,0.001,0.010312256517747581,0.020440213826243402,3702,114,138,46,0.9255,0.0285,0.0345,0.0115,0.07450000000000001
2022,5,22,4000,2035,0.001,0.010326178096228794,0.02043558092979587,3715,118,126,41,0.92875,0.0295,0.0315,0.01025,0.07125000000000004
2023,5,23,4000,2036,0.001,0.01021345969849618,0.020672544816127687,3710,111,140,39,0.9275,0.02775,0.035,0.00975,0.07250000000000001
2024,5,24,4000,2037,0.001,0.009912464195054507,0.020672634289970144,3698,123,132,47,0.9245,0.03075,0.033,0.01175,0.07550000000000001
2025,5,25,4000,2038,0.001,0.009670542624509042,0.02080427367356416,3710,121,130,39,0.9275,0.03025,0.0325,0.00975,0.07250000000000001
2026,5,26,4000,2039,0.001,0.009820968068859426,0.020985029711218926,3731,97,143,29,0.93275,0.02425,0.03575,0.00725,0.06725000000000003
2027,5,27,4000,2040,0.001,0.009753293491717184,0.020920933754174052,3704,117,139,40,0.926,0.02925,0.03475,0.01,0.07399999999999995
2028,5,28,4000,2041,0.001,0.009905213640966498,0.020911840675205465,3713,108,141,38,0.92825,0.027,0.03525,0.0095,0.07174999999999998
2029,5,29,4000,2042,0.001,0.009814518898116652,0.02095096801310292,3701,116,144,39,0.92525,0.029,0.036,0.00975,0.07474999999999998
2030,5,30,4000,2043,0.001,0.009692036342754609,0.021009601865704178,3690,133,139,38,0.9225,0.03325,0.03475,0.0095,0.07750000000000001
2031,5,31,4000,2044,0.001,0.00967927575206778,0.02096552043419189,3676,123,161,40,0.919,0.03075,0.04025,0.01,0.08099999999999996
2032,5,32,4000,2045,0.001,0.009828855418314764,0.020914082155202865,3716,104,131,49,0.929,0.026,0.03275,0.01225,0.07099999999999995
2033,5,33,4000,2046,0.001,0.010106024214316753,0.02092213599785993,3733,105,126,36,0.93325,0.02625,0.0315,0.009,0.06674999999999998
2034,5,34,4000,2047,0.001,0.010170734736357052,0.020893316521944982,3707,121,132,40,0.92675,0.03025,0.033,0.01,0.07325000000000004
2035,5,35,4000,2048,0.001,0.010429015851252851,0.02081587742114222,3688,107,167,38,0.922,0.02675,0.04175,0.0095,0.07799999999999996
2036,5,36,4000,2049,0.001,0.010666376893151266,0.020815365323566565,3691,129,132,48,0.92275,0.03225,0.033,0.012,0.07725000000000004
2037,5,37,4000,2050,0.001,0.010000155362750942,0.020957019817606823,3699,120,139,42,0.92475,0.03,0.03475,0.0105,0.07525000000000004
2038,5,38,4000,2051,0.001,0.00980383975947866,0.021116941949604746,3704,118,138,40,0.926,0.0295,0.0345,0.01,0.07399999999999995
2039,5,39,4000,2052,0.001,0.00990023931771405,0.021178911587043273,3712,122,131,35,0.928,0.0305,0.03275,0.00875,0.07199999999999995
2040,5,40,4000,2053,0.001,0.00953815536205915,0.021098201846569367,3700,119,144,37,0.925,0.02975,0.036,0.00925,0.07499999999999996
2041,5,41,4000,2054,0.001,0.009511950313497377,0.0210943964215255,3712,135,122,31,0.928,0.03375,0.0305,0.00775,0.07199999999999995
2042,5,42,4000,2055,0.001,0.009732435445659285,0.021151815761924868,3711,132,122,35,0.92775,0.033,0.0305,0.00875,0.07225000000000004
2043,5,43,4000,2056,0.001,0.010031002277764814,0.021137210920948155,3713,131,98,58,0.92825,0.03275,0.0245,0.0145,0.07174999999999998
2044,5,44,4000,2057,0.001,0.01023928214481237,0.021142140498429905,3705,114,142,39,0.92625,0.0285,0.0355,0.00975,0.07374999999999998
2045,5,45,4000,2058,0.001,0.01023737559878574,0.02100834968964134,3718,127,116,39,0.9295,0.03175,0.029,0.00975,0.07050000000000001
2046,5,46,4000,2059,0.001,0.010450267713946066,0.02090858360249035,3688,127,145,40,0.922,0.03175,0.03625,0.01,0.07799999999999996
2047,5,47,4000,2060,0.001,0.010776484378512486,0.02085604979131573,3706,103,139,52,0.9265,0.02575,0.03475,0.013,0.07350000000000001
2048,5,48,4000,2061,0.001,0.011048584520316275,0.02069218073276778,3723,107,130,40,0.93075,0.02675,0.0325,0.01,0.06925000000000003
2049,5,49,4000,2062,0.001,0.011150289296228659,0.02064744801061826,3677,114,159,50,0.91925,0.0285,0.03975,0.0125,0.08074999999999999
2050,5,50,4000,2063,0.001,0.01112057485031037,0.020621622690656132,3682,123,147,48,0.9205,0.03075,0.03675,0.012,0.07950000000000002
2051,5,51,4000,2064,0.001,0.011280557423333204,0.020698940847805478,3665,122,160,53,0.91625,0.0305,0.04,0.01325,0.08374999999999999
2052,5,52,4000,2065,0.001,0.011450847645646994,0.0206868578749769,3686,135,123,56,0.9215,0.03375,0.03075,0.014,0.07850000000000001
2053,5,53,4000,2066,0.001,0.011812524765741923,0.0207850354174235,3683,113,148,56,0.92075,0.02825,0.037,0.014,0.07925000000000004
2054,5,54,4000,2067,0.001,0.011661945318602868,0.020746780217009562,3680,136,130,54,0.92,0.034,0.0325,0.0135,0.07999999999999996
2055,5,55,4000,2068,0.001,0.011687173254514944,0.020764380865417313,3691,107,148,54,0.92275,0.02675,0.037,0.0135,0.07725000000000004
2056,5,56,4000,2069,0.001,0.011765214448544914,0.02079347682311675,3681,124,144,51,0.92025,0.031,0.036,0.01275,0.07974999999999999
2057,5,57,4000,2070,0.001,0.011719210148958093,0.02084429645680619,3667,124,158,51,0.91675,0.031,0.0395,0.01275,0.08325000000000005
2058,5,58,4000,2071,0.001,0.011911515373299536,0.020781278254526886,3667,137,140,56,0.91675,0.03425,0.035,0.014,0.08325000000000005
2059,5,59,4000,2072,0.001,0.011867830574466167,0.020793885802323987,3697,116,137,50,0.92425,0.029,0.03425,0.0125,0.07574999999999998
2060,5,60,4000,2073,0.001,0.012204018004844407,0.020924927686709872,3672,136,141,51,0.918,0.034,0.03525,0.01275,0.08199999999999996
2061,5,61,4000,2074,0.001,0.011848377004672447,0.020843810914292868,3678,122,147,53,0.9195,0.0305,0.03675,0.01325,0.08050000000000002
2062,5,62,4000,2075,0.001,0.01201294062901105,0.02096661443625192,3701,135,126,38,0.92525,0.03375,0.0315,0.0095,0.07474999999999998
2063,5,63,4000,2076,0.001,0.011981991048294088,0.021038876586243167,3686,128,148,38,0.9215,0.032,0.037,0.0095,0.07850000000000001
2064,5,64,4000,2077,0.001,0.011639059718330977,0.021072703520179394,3684,141,129,46,0.921,0.03525,0.03225,0.0115,0.07899999999999996
2065,5,65,4000,2078,0.001,0.011964392025018304,0.021057553831203384,3677,123,159,41,0.91925,0.03075,0.03975,0.01025,0.08074999999999999
2066,5,66,4000,2079,0.001,0.01223135049958137,0.02112002249974506,3664,146,137,53,0.916,0.0365,0.03425,0.01325,0.08399999999999996
2067,5,67,4000,2080,0.001,0.01211453140039485,0.021061429382751122,3665,131,157,47,0.91625,0.03275,0.03925,0.01175,0.08374999999999999
2068,5,68,4000,2081,0.001,0.012005615158860714,0.02090837335018729,3712,113,132,43,0.928,0.02825,0.033,0.01075,0.07199999999999995
2069,5,69,4000,2082,0.001,0.011874109841353307,0.020747313831388524,3709,106,140,45,0.92725,0.0265,0.035,0.01125,0.07274999999999998
2070,5,70,4000,2083,0.001,0.012068769091148339,0.020718866022558916,3685,127,137,51,0.92125,0.03175,0.03425,0.01275,0.07874999999999999
2071,5,71,4000,2084,0.001,0.012026440687379207,0.020641365473931684,3671,137,147,45,0.91775,0.03425,0.03675,0.01125,0.08225000000000005
2072,5,72,4000,2085,0.001,0.012202814648934607,0.020677476256323726,3670,135,151,44,0.9175,0.03375,0.03775,0.011,0.08250000000000002
2073,5,73,4000,2086,0.001,0.012533957010423872,0.0207363806162199,3674,115,152,59,0.9185,0.02875,0.038,0.01475,0.08150000000000002
2074,5,74,4000,2087,0.001,0.01193543425688627,0.02081805248265414,3723,103,128,46,0.93075,0.02575,0.032,0.0115,0.06925000000000003
2075,5,75,4000,2088,0.001,0.011643490756638158,0.021003380718512432,3714,91,140,55,0.9285,0.02275,0.035,0.01375,0.07150000000000001
2076,5,76,4000,2089,0.001,0.01128771998559525,0.021106454995469696,3698,109,143,50,0.9245,0.02725,0.03575,0.0125,0.07550000000000001
2077,5,77,4000,2090,0.001,0.011196906742544945,0.02113889260343467,3655,146,164,35,0.91375,0.0365,0.041,0.00875,0.08625000000000005
2078,5,78,4000,2091,0.001,0.01159377775585583,0.02105627506959341,3687,117,152,44,0.92175,0.02925,0.038,0.011,0.07825000000000004
2079,5,79,4000,2092,0.001,0.011535622982511885,0.021059539167347343,3710,118,129,43,0.9275,0.0295,0.03225,0.01075,0.07250000000000001
2080,5,80,4000,2093,0.001,0.01158187575377719,0.021140666304807244,3692,104,146,58,0.923,0.026,0.0365,0.0145,0.07699999999999996
2081,5,81,4000,2094,0.001,0.011704333878616548,0.021062742620320474,3673,123,155,49,0.91825,0.03075,0.03875,0.01225,0.08174999999999999
2082,5,82,4000,2095,0.001,0.01161101198850977,0.021190639357766026,3664,126,155,55,0.916,0.0315,0.03875,0.01375,0.08399999999999996
2083,5,83,4000,2096,0.001,0.011818259904390992,0.021366790106225414,3647,124,158,71,0.91175,0.031,0.0395,0.01775,0.08825000000000005
2084,5,84,4000,2097,0.001,0.011758409721533983,0.021386259236331535,3694,130,132,44,0.9235,0.0325,0.033,0.011,0.07650000000000001
2085,5,85,4000,2098,0.001,0.01145393282218796,0.021451082028870153,3657,129,161,53,0.91425,0.03225,0.04025,0.01325,0.08574999999999999
2086,5,86,4000,2099,0.001,0.011635712083187033,0.021567895159148653,3708,108,131,53,0.927,0.027,0.03275,0.01325,0.07299999999999995
2087,5,87,4000,2100,0.001,0.011710669437900157,0.021503402033240415,3683,125,137,55,0.92075,0.03125,0.03425,0.01375,0.07925000000000004
2088,5,88,4000,2101,0.001,0.011998281342106858,0.021435337416485206,3643,150,147,60,0.91075,0.0375,0.03675,0.015,0.08925000000000005
2089,5,89,4000,2102,0.001,0.012063488066563148,0.021462335771557622,3680,130,143,47,0.92,0.0325,0.03575,0.01175,0.07999999999999996
2090,5,90,4000,2103,0.001,0.012233803031690459,0.021402594396117827,3682,133,138,47,0.9205,0.03325,0.0345,0.01175,0.07950000000000002
2091,5,91,4000,2104,0.001,0.012439426256408639,0.02133503138469864,3668,124,166,42,0.917,0.031,0.0415,0.0105,0.08299999999999996
2092,5,92,4000,2105,0.001,0.012415192293039586,0.021280640473990236,3670,133,136,61,0.9175,0.03325,0.034,0.01525,0.08250000000000002
2093,5,93,4000,2106,0.001,0.011831730924782898,0.021305376062251757,3646,126,179,49,0.9115,0.0315,0.04475,0.01225,0.08850000000000002
2094,5,94,4000,2107,0.001,0.011529234799609812,0.021134761666926353,3680,130,141,49,0.92,0.0325,0.03525,0.01225,0.07999999999999996
2095,5,95,4000,2108,0.001,0.011373545811224357,0.0212327818329643,3673,113,156,58,0.91825,0.02825,0.039,0.0145,0.08174999999999999
2096,5,96,4000,2109,0.001,0.011269957229041932,0.02135652189881415,3713,117,128,42,0.92825,0.02925,0.032,0.0105,0.07174999999999998
2097,5,97,4000,2110,0.001,0.01128997232816609,0.021257885229720122,3661,140,156,43,0.91525,0.035,0.039,0.01075,0.08474999999999999
2098,5,98,4000,2111,0.001,0.011165535936025029,0.02124943285984561,3701,112,140,47,0.92525,0.028,0.035,0.01175,0.07474999999999998
2099,5,99,4000,2112,0.001,0.011462244666209888,0.021130318723864155,3678,129,139,54,0.9195,0.03225,0.03475,0.0135,0.08050000000000002
2100,5,100,4000,2113,0.001,0.011758269929742897,0.021135054529334067,3690,126,142,42,0.9225,0.0315,0.0355,0.0105,0.07750000000000001
2101,5,101,4000,2114,0.001,0.011849145706800979,0.02105317757875184,3687,115,140,58,0.92175,0.02875,0.035,0.0145,0.07825000000000004
2102,5,102,4000,2115,0.001,0.012052295977598135,0.021226819746309418,3679,120,150,51,0.91975,0.03,0.0375,0.01275,0.08025000000000004
2103,5,103,4000,2116,0.001,0.01217225458061787,0.021135506672743467,3704,121,131,44,0.926,0.03025,0.03275,0.011,0.07399999999999995
2104,5,104,4000,2117,0.001,0.012049589215156592,0.02118621394708184,3700,127,123,50,0.925,0.03175,0.03075,0.0125,0.07499999999999996
2105,5,105,4000,2118,0.001,0.012161682196735968,0.0211810382673518,3685,120,142,53,0.92125,0.03,0.0355,0.01325,0.07874999999999999
2106,5,106,4000,2119,0.001,0.01181129425218691,0.021069833854297393,3730,119,121,30,0.9325,0.02975,0.03025,0.0075,0.0675
2107,5,107,4000,2120,0.001,0.011866169571238367,0.02121717255526748,3682,125,151,42,0.9205,0.03125,0.03775,0.0105,0.07950000000000002
2108,5,108,4000,2121,0.001,0.011731422335318124,0.021516428132896608,3677,121,154,48,0.91925,0.03025,0.0385,0.012,0.08074999999999999
2109,5,109,4000,2122,0.001,0.01189228263283521,0.02133214560794251,3658,128,163,51,0.9145,0.032,0.04075,0.01275,0.08550000000000002
2110,5,110,4000,2123,0.001,0.01187743217671482,0.021250600653196228,3677,120,153,50,0.91925,0.03,0.03825,0.0125,0.08074999999999999
2111,5,111,4000,2124,0.001,0.01152686668067656,0.021219808537086722,3689,109,143,59,0.92225,0.02725,0.03575,0.01475,0.07774999999999999
2112,5,112,4000,2125,0.001,0.011643697971691744,0.021170442599001315,3693,118,133,56,0.92325,0.0295,0.03325,0.014,0.07674999999999998
2113,5,113,4000,2126,0.001,0.011619322617657185,0.021150134066746415,3712,100,149,39,0.928,0.025,0.03725,0.00975,0.07199999999999995
2114,5,114,4000,2127,0.001,0.011197738984457055,0.021229889116942017,3694,122,138,46,0.9235,0.0305,0.0345,0.0115,0.07650000000000001
2115,5,115,4000,2128,0.001,0.011060516065260827,0.021209266398427944,3705,119,133,43,0.92625,0.02975,0.03325,0.01075,0.07374999999999998
2116,5,116,4000,2129,0.001,0.011278368702018307,0.021138415141558873,3697,119,143,41,0.92425,0.02975,0.03575,0.01025,0.07574999999999998
2117,5,117,4000,2130,0.001,0.011394674513475913,0.021191503523284524,3698,106,151,45,0.9245,0.0265,0.03775,0.01125,0.07550000000000001
2118,5,118,4000,2131,0.001,0.011568971573767406,0.02131679117507088,3677,138,131,54,0.91925,0.0345,0.03275,0.0135,0.08074999999999999
2119,5,119,4000,2132,0.001,0.011591133748130675,0.021164634711713284,3689,120,149,42,0.92225,0.03,0.03725,0.0105,0.07774999999999999
2120,5,120,4000,2133,0.001,0.011868524796453894,0.02123503758685073,3692,113,143,52,0.923,0.02825,0.03575,0.013,0.07699999999999996
2121,5,121,4000,2134,0.001,0.012025746623444586,0.0213357035139013,3691,119,148,42,0.92275,0.02975,0.037,0.0105,0.07725000000000004
2122,5,122,4000,2135,0.001,0.01205416726702754,0.021174748948647616,3677,128,157,38,0.91925,0.032,0.03925,0.0095,0.08074999999999999
2123,5,123,4000,2136,0.001,0.012088212202977636,0.021193848193776853,3670,144,142,44,0.9175,0.036,0.0355,0.011,0.08250000000000002
2124,5,124,4000,2137,0.001,0.01230269700940589,0.02111042175046939,3660,135,152,53,0.915,0.03375,0.038,0.01325,0.08499999999999996
2125,5,125,4000,2138,0.001,0.012216994604381031,0.021247238186852962,3675,142,134,49,0.91875,0.0355,0.0335,0.01225,0.08125000000000004
2126,5,126,4000,2139,0.001,0.012234064677716264,0.02117080117069613,3645,150,157,48,0.91125,0.0375,0.03925,0.012,0.08875
2127,5,127,4000,2140,0.001,0.012284738472534695,0.021057758471694235,3677,135,141,47,0.91925,0.03375,0.03525,0.01175,0.08074999999999999
2128,5,128,4000,2141,0.001,0.012055139987312958,0.02097572238513086,3668,125,147,60,0.917,0.03125,0.03675,0.015,0.08299999999999996
2129,5,129,4000,2142,0.001,0.01205992120808804,0.02094615006397226,3678,120,150,52,0.9195,0.03,0.0375,0.013,0.08050000000000002
2130,5,130,4000,2143,0.001,0.012417321201259338,0.02086275390098779,3663,124,151,62,0.91575,0.031,0.03775,0.0155,0.08425000000000005
2131,5,131,4000,2144,0.001,0.012506457464843641,0.020950088662826036,3678,139,129,54,0.9195,0.03475,0.03225,0.0135,0.08050000000000002
2132,5,132,4000,2145,0.001,0.012425603561649136,0.02080748512172895,3689,111,163,37,0.92225,0.02775,0.04075,0.00925,0.07774999999999999
2133,5,133,4000,2146,0.001,0.012432362832378203,0.020758955895816722,3693,110,139,58,0.92325,0.0275,0.03475,0.0145,0.07674999999999998
2134,5,134,4000,2147,0.001,0.012390604592599514,0.02082679319418601,3687,123,139,51,0.92175,0.03075,0.03475,0.01275,0.07825000000000004
2135,5,135,4000,2148,0.001,0.011955309755814202,0.020587390569129116,3697,117,146,40,0.92425,0.02925,0.0365,0.01,0.07574999999999998
2136,5,136,4000,2149,0.001,0.012202644654725819,0.020497425182254232,3690,124,138,48,0.9225,0.031,0.0345,0.012,0.07750000000000001
2137,5,137,4000,2150,0.001,0.012081907280957102,0.020452541848431996,3678,111,155,56,0.9195,0.02775,0.03875,0.014,0.08050000000000002
2138,5,138,4000,2151,0.001,0.011871647676766281,0.02054489070383691,3694,126,134,46,0.9235,0.0315,0.0335,0.0115,0.07650000000000001
2139,5,139,4000,2152,0.001,0.012020770197065813,0.020632244800601718,3676,128,138,58,0.919,0.032,0.0345,0.0145,0.08099999999999996
2140,5,140,4000,2153,0.001,0.0122459419365076,0.020746124181885102,3646,153,156,45,0.9115,0.03825,0.039,0.01125,0.08850000000000002
2141,5,141,4000,2154,0.001,0.011961555082227345,0.02089218283732802,3666,129,156,49,0.9165,0.03225,0.039,0.01225,0.08350000000000002
2142,5,142,4000,2155,0.001,0.011806505727078417,0.020981266040415045,3648,134,167,51,0.912,0.0335,0.04175,0.01275,0.08799999999999997
2143,5,143,4000,2156,0.001,0.011557946135204486,0.020705469954552504,3719,101,138,42,0.92975,0.02525,0.0345,0.0105,0.07025000000000003
2144,5,144,4000,2157,0.001,0.011243120210883403,0.020769456792808685,3676,128,153,43,0.919,0.032,0.03825,0.01075,0.08099999999999996
2145,5,145,4000,2158,0.001,0.01145456334133378,0.020850213718608932,3678,114,151,57,0.9195,0.0285,0.03775,0.01425,0.08050000000000002
2146,5,146,4000,2159,0.001,0.011624615965522958,0.020747960333361296,3690,126,134,50,0.9225,0.0315,0.0335,0.0125,0.07750000000000001
2147,5,147,4000,2160,0.001,0.011763326329177426,0.020731779097597932,3690,129,132,49,0.9225,0.03225,0.033,0.01225,0.07750000000000001
2148,5,148,4000,2161,0.001,0.011878604222959289,0.0208403337692027,3714,111,131,44,0.9285,0.02775,0.03275,0.011,0.07150000000000001
2149,5,149,4000,2162,0.001,0.011770407519865356,0.02064361747094129,3701,131,132,36,0.92525,0.03275,0.033,0.009,0.07474999999999998
2150,5,150,4000,2163,0.001,0.012088698541570487,0.020812585416332425,3701,119,133,47,0.92525,0.02975,0.03325,0.01175,0.07474999999999998
2151,5,151,4000,2164,0.001,0.012242391179024873,0.020888358926208855,3667,136,150,47,0.91675,0.034,0.0375,0.01175,0.08325000000000005
2152,5,152,4000,2165,0.001,0.012092655911558559,0.020974614462952672,3662,126,164,48,0.9155,0.0315,0.041,0.012,0.08450000000000002
2153,5,153,4000,2166,0.001,0.012259017359224456,0.020822672746305854,3694,110,145,51,0.9235,0.0275,0.03625,0.01275,0.07650000000000001
2154,5,154,4000,2167,0.001,0.011963383641930107,0.02080795827551879,3665,128,148,59,0.91625,0.032,0.037,0.01475,0.08374999999999999
2155,5,155,4000,2168,0.001,0.012269471375545998,0.020784852038087196,3687,117,154,42,0.92175,0.02925,0.0385,0.0105,0.07825000000000004
2156,5,156,4000,2169,0.001,0.012138392465335296,0.020815249181201204,3677,130,149,44,0.91925,0.0325,0.03725,0.011,0.08074999999999999
2157,5,157,4000,2170,0.001,0.012007313036659435,0.020823041339967284,3697,106,155,42,0.92425,0.0265,0.03875,0.0105,0.07574999999999998
2158,5,158,4000,2171,0.001,0.011944957833479913,0.020723413296895345,3674,136,136,54,0.9185,0.034,0.034,0.0135,0.08150000000000002
2159,5,159,4000,2172,0.001,0.012106834478248701,0.02084915211953754,3675,121,158,46,0.91875,0.03025,0.0395,0.0115,0.08125000000000004
2160,5,160,4000,2173,0.001,0.012039142065101835,0.020860775482446064,3687,127,135,51,0.92175,0.03175,0.03375,0.01275,0.07825000000000004
2161,5,161,4000,2174,0.001,0.01241492409222483,0.02107116581674733,3669,129,150,52,0.91725,0.03225,0.0375,0.013,0.08274999999999999
2162,5,162,4000,2175,0.001,0.012158983807122575,0.020993444421988926,3645,121,171,63,0.91125,0.03025,0.04275,0.01575,0.08875
2163,5,163,4000,2176,0.001,0.012226764522757614,0.02105470824484413,3695,111,141,53,0.92375,0.02775,0.03525,0.01325,0.07625000000000004
2164,5,164,4000,2177,0.001,0.012096000642606505,0.02091430283034961,3647,142,166,45,0.91175,0.0355,0.0415,0.01125,0.08825000000000005
2165,5,165,4000,2178,0.001,0.012162593096086794,0.02100440094831261,3670,114,157,59,0.9175,0.0285,0.03925,0.01475,0.08250000000000002
2166,5,166,4000,2179,0.001,0.011937965563684342,0.021093876109073005,3685,110,145,60,0.92125,0.0275,0.03625,0.015,0.07874999999999999
2167,5,167,4000,2180,0.001,0.012009194421091243,0.021035271548767914,3703,120,136,41,0.92575,0.03,0.034,0.01025,0.07425000000000004
2168,5,168,4000,2181,0.001,0.011843467997306035,0.0209669234527713,3682,118,155,45,0.9205,0.0295,0.03875,0.01125,0.07950000000000002
2169,5,169,4000,2182,0.001,0.011628589027695885,0.02091085024343692,3668,115,165,52,0.917,0.02875,0.04125,0.013,0.08299999999999996
2170,5,170,4000,2183,0.001,0.011347662785032176,0.020978171592218486,3681,141,125,53,0.92025,0.03525,0.03125,0.01325,0.07974999999999999
2171,5,171,4000,2184,0.001,0.011606811529736957,0.020773316040283426,3681,142,138,39,0.92025,0.0355,0.0345,0.00975,0.07974999999999999
2172,5,172,4000,2185,0.001,0.011456481116385489,0.02073717277055645,3674,120,154,52,0.9185,0.03,0.0385,0.013,0.08150000000000002
2173,5,173,4000,2186,0.001,0.011477842319006483,0.020821638265863574,3674,138,130,58,0.9185,0.0345,0.0325,0.0145,0.08150000000000002
2174,5,174,4000,2187,0.001,0.011518030892675946,0.020864005540350776,3711,100,137,52,0.92775,0.025,0.03425,0.013,0.07225000000000004
2175,5,175,4000,2188,0.001,0.011327438917679462,0.020809354072410073,3670,143,140,47,0.9175,0.03575,0.035,0.01175,0.08250000000000002
2176,5,176,4000,2189,0.001,0.011224996592179739,0.020851189288644364,3707,117,133,43,0.92675,0.02925,0.03325,0.01075,0.07325000000000004
2177,5,177,4000,2190,0.001,0.011271721831972148,0.02102662723615842,3697,126,138,39,0.92425,0.0315,0.0345,0.00975,0.07574999999999998
2178,5,178,4000,2191,0.001,0.011321518459063215,0.021134809893074646,3685,131,144,40,0.92125,0.03275,0.036,0.01,0.07874999999999999
2179,5,179,4000,2192,0.001,0.011731818652516908,0.021121565303765823,3653,137,159,51,0.91325,0.03425,0.03975,0.01275,0.08675
2180,5,180,4000,2193,0.001,0.011851100635541062,0.021125201980312647,3701,119,137,43,0.92525,0.02975,0.03425,0.01075,0.07474999999999998
2181,5,181,4000,2194,0.001,0.01188809560074575,0.02095422032015668,3679,120,147,54,0.91975,0.03,0.03675,0.0135,0.08025000000000004
2182,5,182,4000,2195,0.001,0.011892333279633417,0.02097540857307493,3671,134,147,48,0.91775,0.0335,0.03675,0.012,0.08225000000000005
2183,5,183,4000,2196,0.001,0.01198669758488784,0.02124221507753319,3674,132,145,49,0.9185,0.033,0.03625,0.01225,0.08150000000000002
2184,5,184,4000,2197,0.001,0.011915969833354082,0.021252150107763143,3685,128,145,42,0.92125,0.032,0.03625,0.0105,0.07874999999999999
2185,5,185,4000,2198,0.001,0.011730092045517027,0.02129697666778178,3683,126,146,45,0.92075,0.0315,0.0365,0.01125,0.07925000000000004
2186,5,186,4000,2199,0.001,0.011647981688334006,0.02124553204846321,3692,125,138,45,0.923,0.03125,0.0345,0.01125,0.07699999999999996
2187,5,187,4000,2200,0.001,0.01193589515328429,0.02118909362111931,3685,138,134,43,0.92125,0.0345,0.0335,0.01075,0.07874999999999999
2188,5,188,4000,2201,0.001,0.012114794477812057,0.02098568147393418,3673,131,144,52,0.91825,0.03275,0.036,0.013,0.08174999999999999
2189,5,189,4000,2202,0.001,0.012125733269099808,0.021138902642246372,3675,126,147,52,0.91875,0.0315,0.03675,0.013,0.08125000000000004
2190,5,190,4000,2203,0.001,0.01202221240911415,0.02128699599680766,3695,123,143,39,0.92375,0.03075,0.03575,0.00975,0.07625000000000004
2191,5,191,4000,2204,0.001,0.01198877808680125,0.02122381771013164,3666,128,156,50,0.9165,0.032,0.039,0.0125,0.08350000000000002
2192,5,192,4000,2205,0.001,0.01213375319025313,0.020992548926490193,3658,141,148,53,0.9145,0.03525,0.037,0.01325,0.08550000000000002
2193,5,193,4000,2206,0.001,0.011852058934761326,0.021077635012263205,3671,128,155,46,0.91775,0.032,0.03875,0.0115,0.08225000000000005
2194,5,194,4000,2207,0.001,0.01187258303982602,0.021165945656561953,3660,146,149,45,0.915,0.0365,0.03725,0.01125,0.08499999999999996
2195,5,195,4000,2208,0.001,0.012402516958680807,0.021173629544831367,3655,143,157,45,0.91375,0.03575,0.03925,0.01125,0.08625000000000005
2196,5,196,4000,2209,0.001,0.012118228204859954,0.021229406788882698,3678,127,157,38,0.9195,0.03175,0.03925,0.0095,0.08050000000000002
2197,5,197,4000,2210,0.001,0.012498942755243507,0.021358028269386382,3703,137,128,32,0.92575,0.03425,0.032,0.008,0.07425000000000004
2198,5,198,4000,2211,0.001,0.012709157191909529,0.021492691204382512,3665,122,157,56,0.91625,0.0305,0.03925,0.014,0.08374999999999999
2199,5,199,4000,2212,0.001,0.012589805051899805,0.021473733876217628,3676,143,134,47,0.919,0.03575,0.0335,0.01175,0.08099999999999996
2200,5,200,4000,2213,0.001,0.012459135794164335,0.021451717185240374,3698,112,144,46,0.9245,0.028,0.036,0.0115,0.07550000000000001
2201,5,201,4000,2214,0.001,0.012590832317446288,0.021449171000789476,3667,115,167,51,0.91675,0.02875,0.04175,0.01275,0.08325000000000005
2202,5,202,4000,2215,0.001,0.012830043668738873,0.0214077059224659,3671,136,132,61,0.91775,0.034,0.033,0.01525,0.08225000000000005
2203,5,203,4000,2216,0.001,0.013134638829971977,0.02121179648160017,3688,119,144,49,0.922,0.02975,0.036,0.01225,0.07799999999999996
2204,5,204,4000,2217,0.001,0.013304409396223928,0.021336347901809206,3675,132,145,48,0.91875,0.033,0.03625,0.012,0.08125000000000004
2205,5,205,4000,2218,0.001,0.013325609265669645,0.02135402400953042,3672,129,149,50,0.918,0.03225,0.03725,0.0125,0.08199999999999996
2206,5,206,4000,2219,0.001,0.013020485412963986,0.021372987638721,3665,125,162,48,0.91625,0.03125,0.0405,0.012,0.08374999999999999
2207,5,207,4000,2220,0.001,0.01332812149187274,0.02142900132816371,3680,117,158,45,0.92,0.02925,0.0395,0.01125,0.07999999999999996
2208,5,208,4000,2221,0.001,0.013386753139013682,0.021613285620093653,3669,132,153,46,0.91725,0.033,0.03825,0.0115,0.08274999999999999
2209,5,209,4000,2222,0.001,0.0131347761005632,0.021605624689920368,3641,145,161,53,0.91025,0.03625,0.04025,0.01325,0.08975
2210,5,210,4000,2223,0.001,0.013436600757905764,0.02161520145719425,3656,130,157,57,0.914,0.0325,0.03925,0.01425,0.08599999999999997
2211,5,211,4000,2224,0.001,0.013157338213437153,0.021490979827218572,3666,128,146,60,0.9165,0.032,0.0365,0.015,0.08350000000000002
2212,5,212,4000,2225,0.001,0.013276050706648945,0.021373586907339,3648,138,166,48,0.912,0.0345,0.0415,0.012,0.08799999999999997
2213,5,213,4000,2226,0.001,0.013273206462407384,0.021382965051020466,3658,134,157,51,0.9145,0.0335,0.03925,0.01275,0.08550000000000002
2214,5,214,4000,2227,0.001,0.013438057836056267,0.02130673914169108,3635,133,171,61,0.90875,0.03325,0.04275,0.01525,0.09125000000000005
2215,5,215,4000,2228,0.001,0.013446837283576396,0.021333619916665107,3660,136,144,60,0.915,0.034,0.036,0.015,0.08499999999999996
2216,5,216,4000,2229,0.001,0.013353334078461131,0.021436423721355076,3662,127,159,52,0.9155,0.03175,0.03975,0.013,0.08450000000000002
2217,5,217,4000,2230,0.001,0.013198527133025325,0.021584115023701153,3676,133,142,49,0.919,0.03325,0.0355,0.01225,0.08099999999999996
2218,5,218,4000,2231,0.001,0.013220630620874713,0.021487307688897013,3678,125,145,52,0.9195,0.03125,0.03625,0.013,0.08050000000000002
2219,5,219,4000,2232,0.001,0.01317894882151929,0.02139496934745853,3676,127,139,58,0.919,0.03175,0.03475,0.0145,0.08099999999999996
2220,5,220,4000,2233,0.001,0.013172710347705199,0.021272767141842248,3643,128,165,64,0.91075,0.032,0.04125,0.016,0.08925000000000005
2221,5,221,4000,2234,0.001,0.01344943199551148,0.02114682852084123,3638,129,173,60,0.9095,0.03225,0.04325,0.015,0.09050000000000002
2222,5,222,4000,2235,0.001,0.013526315287751799,0.02120918197186115,3637,134,177,52,0.90925,0.0335,0.04425,0.013,0.09075
2223,5,223,4000,2236,0.001,0.013859311819030969,0.0212081337168038,3659,126,157,58,0.91475,0.0315,0.03925,0.0145,0.08525000000000005
2224,5,224,4000,2237,0.001,0.01351670569583136,0.021060316604724877,3679,119,154,48,0.91975,0.02975,0.0385,0.012,0.08025000000000004
2225,5,225,4000,2238,0.001,0.01352609432712582,0.021168939089250677,3670,112,157,61,0.9175,0.028,0.03925,0.01525,0.08250000000000002
2226,5,226,4000,2239,0.001,0.013510101132604023,0.02110944781228584,3666,104,166,64,0.9165,0.026,0.0415,0.016,0.08350000000000002
2227,5,227,4000,2240,0.001,0.013465344426062203,0.02112170122379286,3679,119,143,59,0.91975,0.02975,0.03575,0.01475,0.08025000000000004
2228,5,228,4000,2241,0.001,0.013854434297741934,0.02115396278881855,3652,127,165,56,0.913,0.03175,0.04125,0.014,0.08699999999999997
2229,5,229,4000,2242,0.001,0.013768282031719457,0.021146599541537706,3658,129,140,73,0.9145,0.03225,0.035,0.01825,0.08550000000000002
2230,5,230,4000,2243,0.001,0.01382327607253808,0.021192134395705074,3660,135,152,53,0.915,0.03375,0.038,0.01325,0.08499999999999996
2231,5,231,4000,2244,0.001,0.014173517052938341,0.021242283576185027,3652,127,165,56,0.913,0.03175,0.04125,0.014,0.08699999999999997
2232,5,232,4000,2245,0.001,0.01439551567674518,0.02128748856823365,3655,113,181,51,0.91375,0.02825,0.04525,0.01275,0.08625000000000005
2233,5,233,4000,2246,0.001,0.01445391307386727,0.021273068444916183,3657,130,151,62,0.91425,0.0325,0.03775,0.0155,0.08574999999999999
2234,5,234,4000,2247,0.001,0.014389390359129202,0.021180805180843528,3640,145,143,72,0.91,0.03625,0.03575,0.018,0.08999999999999997
2235,5,235,4000,2248,0.001,0.01432882380758156,0.021316706645518747,3656,130,152,62,0.914,0.0325,0.038,0.0155,0.08599999999999997
2236,5,236,4000,2249,0.001,0.014579556575690263,0.021458559668047123,3616,136,172,76,0.904,0.034,0.043,0.019,0.09599999999999997
2237,5,237,4000,2250,0.001,0.014501796857155715,0.021244122233782078,3662,113,171,54,0.9155,0.02825,0.04275,0.0135,0.08450000000000002
2238,5,238,4000,2251,0.001,0.014170659057053175,0.021273470429710565,3656,142,157,45,0.914,0.0355,0.03925,0.01125,0.08599999999999997
2239,5,239,4000,2252,0.001,0.013906765917928884,0.02128981287369899,3669,123,145,63,0.91725,0.03075,0.03625,0.01575,0.08274999999999999
2240,5,240,4000,2253,0.001,0.013932668697570505,0.021274867887659824,3654,141,156,49,0.9135,0.03525,0.039,0.01225,0.08650000000000002
2241,5,241,4000,2254,0.001,0.013805311734762966,0.021279148991838588,3660,120,167,53,0.915,0.03,0.04175,0.01325,0.08499999999999996
2242,5,242,4000,2255,0.001,0.013762115760748301,0.02132933604967817,3641,131,163,65,0.91025,0.03275,0.04075,0.01625,0.08975
2243,5,243,4000,2256,0.001,0.013737606422059394,0.021204367002907044,3616,137,174,73,0.904,0.03425,0.0435,0.01825,0.09599999999999997
2244,5,244,4000,2257,0.001,0.014083757887295349,0.021171257540793388,3641,143,167,49,0.91025,0.03575,0.04175,0.01225,0.08975
2245,5,245,4000,2258,0.001,0.013905721278864764,0.021044812271473944,3635,133,174,58,0.90875,0.03325,0.0435,0.0145,0.09125000000000005
2246,5,246,4000,2259,0.001,0.013600340649449405,0.021156553157488357,3633,137,173,57,0.90825,0.03425,0.04325,0.01425,0.09175
2247,5,247,4000,2260,0.001,0.013368711749852151,0.02108446284202734,3689,115,147,49,0.92225,0.02875,0.03675,0.01225,0.07774999999999999
2248,5,248,4000,2261,0.001,0.013547361762439371,0.02111187395125278,3659,152,132,57,0.91475,0.038,0.033,0.01425,0.08525000000000005
2249,5,249,4000,2262,0.001,0.013679094953269234,0.02112562904670034,3641,138,162,59,0.91025,0.0345,0.0405,0.01475,0.08975
2250,5,250,4000,2263,0.001,0.013923659143140551,0.021193376623791428,3625,150,162,63,0.90625,0.0375,0.0405,0.01575,0.09375
2251,5,251,4000,2264,0.001,0.013884282385624504,0.02122346423133268,3656,123,165,56,0.914,0.03075,0.04125,0.014,0.08599999999999997
2252,5,252,4000,2265,0.001,0.013802455267789665,0.021201053619619582,3631,145,175,49,0.90775,0.03625,0.04375,0.01225,0.09225000000000005
2253,5,253,4000,2266,0.001,0.01389363774761847,0.021250286791452813,3634,162,146,58,0.9085,0.0405,0.0365,0.0145,0.09150000000000003
2254,5,254,4000,2267,0.001,0.01407094336236124,0.021511512489046935,3631,143,161,65,0.90775,0.03575,0.04025,0.01625,0.09225000000000005
2255,5,255,4000,2268,0.001,0.013842597845762715,0.021558578057556257,3634,137,164,65,0.9085,0.03425,0.041,0.01625,0.09150000000000003
2256,5,256,4000,2269,0.001,0.013735214814638968,0.021475096589273376,3668,124,157,51,0.917,0.031,0.03925,0.01275,0.08299999999999996
2257,5,257,4000,2270,0.001,0.013854301291876528,0.021480077763606425,3622,145,173,60,0.9055,0.03625,0.04325,0.015,0.09450000000000003
2258,5,258,4000,2271,0.001,0.013694746075150688,0.021565287974507137,3659,123,163,55,0.91475,0.03075,0.04075,0.01375,0.08525000000000005
2259,5,259,4000,2272,0.001,0.013710542098060143,0.021546509454747002,3638,136,171,55,0.9095,0.034,0.04275,0.01375,0.09050000000000002
2260,5,260,4000,2273,0.001,0.013620258963551476,0.02154276701876844,3660,130,151,59,0.915,0.0325,0.03775,0.01475,0.08499999999999996
2261,5,261,4000,2274,0.001,0.01361300945369001,0.0215378807796543,3651,143,155,51,0.91275,0.03575,0.03875,0.01275,0.08725000000000005
2262,5,262,4000,2275,0.001,0.01380441078751902,0.021594566707573187,3662,148,145,45,0.9155,0.037,0.03625,0.01125,0.08450000000000002
2263,5,263,4000,2276,0.001,0.013581021989911273,0.021660720212322866,3671,118,148,63,0.91775,0.0295,0.037,0.01575,0.08225000000000005
2264,5,264,4000,2277,0.001,0.013844733367127248,0.021490954168918906,3634,120,183,63,0.9085,0.03,0.04575,0.01575,0.09150000000000003
2265,5,265,4000,2278,0.001,0.013871679575033767,0.021476043856739936,3632,139,178,51,0.908,0.03475,0.0445,0.01275,0.09199999999999997
2266,5,266,4000,2279,0.001,0.014117422777262117,0.021522137214878886,3647,134,166,53,0.91175,0.0335,0.0415,0.01325,0.08825000000000005
2267,5,267,4000,2280,0.001,0.013890697197562642,0.02166739479832947,3670,130,157,43,0.9175,0.0325,0.03925,0.01075,0.08250000000000002
2268,5,268,4000,2281,0.001,0.013690638546942895,0.021715827235998506,3654,121,168,57,0.9135,0.03025,0.042,0.01425,0.08650000000000002
2269,5,269,4000,2282,0.001,0.013870978018953397,0.02169749907865923,3638,135,164,63,0.9095,0.03375,0.041,0.01575,0.09050000000000002
2270,5,270,4000,2283,0.001,0.013800812894429184,0.021502585167081062,3652,126,163,59,0.913,0.0315,0.04075,0.01475,0.08699999999999997
2271,5,271,4000,2284,0.001,0.013857345381093216,0.02138520710123728,3668,125,155,52,0.917,0.03125,0.03875,0.013,0.08299999999999996
2272,5,272,4000,2285,0.001,0.014001578455416774,0.021508931122539186,3659,134,151,56,0.91475,0.0335,0.03775,0.014,0.08525000000000005
2273,5,273,4000,2286,0.001,0.014058934212447523,0.02161710958830162,3670,130,144,56,0.9175,0.0325,0.036,0.014,0.08250000000000002
2274,5,274,4000,2287,0.001,0.013897822894568288,0.021510352888676337,3627,164,154,55,0.90675,0.041,0.0385,0.01375,0.09325000000000006
2275,5,275,4000,2288,0.001,0.014031221986105845,0.021466446747912846,3646,129,171,54,0.9115,0.03225,0.04275,0.0135,0.08850000000000002
2276,5,276,4000,2289,0.001,0.014440982087208822,0.02154852580300456,3654,114,173,59,0.9135,0.0285,0.04325,0.01475,0.08650000000000002
2277,5,277,4000,2290,0.001,0.014194754836316156,0.021572940164742732,3664,131,149,56,0.916,0.03275,0.03725,0.014,0.08399999999999996
2278,5,278,4000,2291,0.001,0.014419662476730074,0.02158150524680352,3624,143,165,68,0.906,0.03575,0.04125,0.017,0.09399999999999997
2279,5,279,4000,2292,0.001,0.014331522891133652,0.02146973680982706,3644,145,151,60,0.911,0.03625,0.03775,0.015,0.08899999999999997
2280,5,280,4000,2293,0.001,0.014253353274794944,0.021347211640724277,3650,124,167,59,0.9125,0.031,0.04175,0.01475,0.08750000000000002
2281,5,281,4000,2294,0.001,0.014256763000137456,0.021537305764207964,3676,134,132,58,0.919,0.0335,0.033,0.0145,0.08099999999999996
2282,5,282,4000,2295,0.001,0.01397590774736371,0.021590958674892632,3613,157,173,57,0.90325,0.03925,0.04325,0.01425,0.09675
2283,5,283,4000,2296,0.001,0.013896243815988012,0.021701176120428867,3635,135,172,58,0.90875,0.03375,0.043,0.0145,0.09125000000000005
2284,5,284,4000,2297,0.001,0.014060459008986732,0.02159617951237716,3647,134,168,51,0.91175,0.0335,0.042,0.01275,0.08825000000000005
2285,5,285,4000,2298,0.001,0.014092387119218614,0.02153207930996363,3635,130,167,68,0.90875,0.0325,0.04175,0.017,0.09125000000000005
2286,5,286,4000,2299,0.001,0.014006848773953204,0.021619322865273148,3664,121,160,55,0.916,0.03025,0.04,0.01375,0.08399999999999996
2287,5,287,4000,2300,0.001,0.013991762290417044,0.02181474993675578,3653,139,153,55,0.91325,0.03475,0.03825,0.01375,0.08675
2288,5,288,4000,2301,0.001,0.013858077390421077,0.02182013200605021,3630,138,163,69,0.9075,0.0345,0.04075,0.01725,0.09250000000000003
2289,5,289,4000,2302,0.001,0.014048673931255942,0.021743806957763057,3657,138,136,69,0.91425,0.0345,0.034,0.01725,0.08574999999999999
2290,5,290,4000,2303,0.001,0.014115313770781648,0.02185071396818839,3656,128,166,50,0.914,0.032,0.0415,0.0125,0.08599999999999997
2291,5,291,4000,2304,0.001,0.014103874402285112,0.021896008283886978,3687,132,132,49,0.92175,0.033,0.033,0.01225,0.07825000000000004
2292,5,292,4000,2305,0.001,0.014301912218885606,0.021856576371929073,3615,159,167,59,0.90375,0.03975,0.04175,0.01475,0.09624999999999995
2293,5,293,4000,2306,0.001,0.014440668428319163,0.021747949416010694,3655,139,142,64,0.91375,0.03475,0.0355,0.016,0.08625000000000005
2294,5,294,4000,2307,0.001,0.014440392042086077,0.021835658894154567,3623,137,179,61,0.90575,0.03425,0.04475,0.01525,0.09424999999999994
2295,5,295,4000,2308,0.001,0.014024072888034577,0.02176363768451813,3622,145,173,60,0.9055,0.03625,0.04325,0.015,0.09450000000000003
2296,5,296,4000,2309,0.001,0.014083254143295566,0.021907973409342883,3640,142,167,51,0.91,0.0355,0.04175,0.01275,0.08999999999999997
2297,5,297,4000,2310,0.001,0.014436998548550786,0.021974383791833724,3617,134,180,69,0.90425,0.0335,0.045,0.01725,0.09575
2298,5,298,4000,2311,0.001,0.014454414509837333,0.0221050681166143,3660,134,150,56,0.915,0.0335,0.0375,0.014,0.08499999999999996
2299,5,299,4000,2312,0.001,0.014594062868309632,0.022143970795701996,3641,142,157,60,0.91025,0.0355,0.03925,0.015,0.08975
2300,5,300,4000,2313,0.001,0.014976943931471207,0.022132811858143822,3624,148,166,62,0.906,0.037,0.0415,0.0155,0.09399999999999997
2301,5,301,4000,2314,0.001,0.015227396504378491,0.021982120007068336,3633,139,168,60,0.90825,0.03475,0.042,0.015,0.09175
2302,5,302,4000,2315,0.001,0.015049058029838474,0.022027837711111258,3600,146,189,65,0.9,0.0365,0.04725,0.01625,0.09999999999999998
2303,5,303,4000,2316,0.001,0.015192480535577625,0.022046454002348205,3647,150,148,55,0.91175,0.0375,0.037,0.01375,0.08825000000000005
2304,5,304,4000,2317,0.001,0.014739717618924177,0.021989069189084498,3667,127,149,57,0.91675,0.03175,0.03725,0.01425,0.08325000000000005
2305,5,305,4000,2318,0.001,0.014767526043714972,0.021825824866372384,3641,132,156,71,0.91025,0.033,0.039,0.01775,0.08975
2306,5,306,4000,2319,0.001,0.014939482202993425,0.021999909318700075,3592,163,186,59,0.898,0.04075,0.0465,0.01475,0.10199999999999998
2307,5,307,4000,2320,0.001,0.015013466106908796,0.02201705679275644,3639,143,157,61,0.90975,0.03575,0.03925,0.01525,0.09025000000000005
2308,5,308,4000,2321,0.001,0.014828080395168038,0.02211924457309535,3627,153,157,63,0.90675,0.03825,0.03925,0.01575,0.09325000000000006
2309,5,309,4000,2322,0.001,0.014510963814865288,0.022186318422225487,3630,146,168,56,0.9075,0.0365,0.042,0.014,0.09250000000000003
2310,5,310,4000,2323,0.001,0.01487004148541798,0.022165795853399974,3639,135,164,62,0.90975,0.03375,0.041,0.0155,0.09025000000000005
2311,5,311,4000,2324,0.001,0.014658590777851766,0.022327724211032945,3639,133,155,73,0.90975,0.03325,0.03875,0.01825,0.09025000000000005
2312,5,312,4000,2325,0.001,0.014587277843077048,0.022202577906630012,3656,147,159,38,0.914,0.03675,0.03975,0.0095,0.08599999999999997
2313,5,313,4000,2326,0.001,0.014690400185888018,0.02229866725157756,3659,113,173,55,0.91475,0.02825,0.04325,0.01375,0.08525000000000005
2314,5,314,4000,2327,0.001,0.014502985520586976,0.022397874071639543,3649,141,150,60,0.91225,0.03525,0.0375,0.015,0.08775
2315,5,315,4000,2328,0.001,0.014340952634120597,0.022396907509090087,3629,153,156,62,0.90725,0.03825,0.039,0.0155,0.09275
2316,5,316,4000,2329,0.001,0.01433441793584361,0.02233472862746863,3626,145,181,48,0.9065,0.03625,0.04525,0.012,0.09350000000000003
2317,5,317,4000,2330,0.001,0.014338423304901347,0.022532622735323526,3637,145,168,50,0.90925,0.03625,0.042,0.0125,0.09075
2318,5,318,4000,2331,0.001,0.014278146899062106,0.022536006064512018,3636,143,166,55,0.909,0.03575,0.0415,0.01375,0.09099999999999997
2319,5,319,4000,2332,0.001,0.014578606672503604,0.022502676727892912,3610,141,182,67,0.9025,0.03525,0.0455,0.01675,0.09750000000000003
2320,5,320,4000,2333,0.001,0.014602497194720253,0.02251556686723028,3634,149,158,59,0.9085,0.03725,0.0395,0.01475,0.09150000000000003
2321,5,321,4000,2334,0.001,0.015017328319618465,0.022333247974443,3664,125,154,57,0.916,0.03125,0.0385,0.01425,0.08399999999999996
2322,5,322,4000,2335,0.001,0.015277777454168131,0.022357452807588624,3584,142,198,76,0.896,0.0355,0.0495,0.019,0.10399999999999998
2323,5,323,4000,2336,0.001,0.015047429230470014,0.022331214686065554,3659,123,157,61,0.91475,0.03075,0.03925,0.01525,0.08525000000000005
2324,5,324,4000,2337,0.001,0.014952096761920558,0.0222701092851649,3644,120,175,61,0.911,0.03,0.04375,0.01525,0.08899999999999997
2325,5,325,4000,2338,0.001,0.01479925038677959,0.022253062800023395,3630,151,160,59,0.9075,0.03775,0.04,0.01475,0.09250000000000003
2326,5,326,4000,2339,0.001,0.014716814149789901,0.022293654422491333,3605,142,188,65,0.90125,0.0355,0.047,0.01625,0.09875
2327,5,327,4000,2340,0.001,0.014959737183826543,0.02227790919432737,3657,138,148,57,0.91425,0.0345,0.037,0.01425,0.08574999999999999
2328,5,328,4000,2341,0.001,0.015176569516105388,0.02241855908755164,3642,120,172,66,0.9105,0.03,0.043,0.0165,0.08950000000000002
2329,5,329,4000,2342,0.001,0.014951764488778128,0.022597163497204215,3621,136,179,64,0.90525,0.034,0.04475,0.016,0.09475
2330,5,330,4000,2343,0.001,0.014718160625062923,0.022522288949211305,3600,155,176,69,0.9,0.03875,0.044,0.01725,0.09999999999999998
2331,5,331,4000,2344,0.001,0.014408862492687939,0.022516064254319613,3638,128,165,69,0.9095,0.032,0.04125,0.01725,0.09050000000000002
2332,5,332,4000,2345,0.001,0.014226048987112166,0.022565108918462917,3634,122,185,59,0.9085,0.0305,0.04625,0.01475,0.09150000000000003
2333,5,333,4000,2346,0.001,0.014133049039690513,0.022645401633791827,3677,126,138,59,0.91925,0.0315,0.0345,0.01475,0.08074999999999999
2334,5,334,4000,2347,0.001,0.014351990684233724,0.022565280079340666,3614,150,178,58,0.9035,0.0375,0.0445,0.0145,0.09650000000000003
2335,5,335,4000,2348,0.001,0.01439309281088082,0.02253641198715898,3613,150,178,59,0.90325,0.0375,0.0445,0.01475,0.09675
2336,5,336,4000,2349,0.001,0.0143722043645814,0.022510084905411887,3633,131,176,60,0.90825,0.03275,0.044,0.015,0.09175
2337,5,337,4000,2350,0.001,0.014729235817433956,0.022452153088399967,3662,122,160,56,0.9155,0.0305,0.04,0.014,0.08450000000000002
2338,5,338,4000,2351,0.001,0.014729357952742647,0.02252607499928479,3643,154,158,45,0.91075,0.0385,0.0395,0.01125,0.08925000000000005
2339,5,339,4000,2352,0.001,0.015169612453841389,0.022422721432688347,3629,136,177,58,0.90725,0.034,0.04425,0.0145,0.09275
2340,5,340,4000,2353,0.001,0.015417468488627016,0.0222032581978973,3643,133,167,57,0.91075,0.03325,0.04175,0.01425,0.08925000000000005
2341,5,341,4000,2354,0.001,0.015702147383369277,0.022322131607341568,3634,154,161,51,0.9085,0.0385,0.04025,0.01275,0.09150000000000003
2342,5,342,4000,2355,0.001,0.015793546020160767,0.02226592620178631,3595,154,173,78,0.89875,0.0385,0.04325,0.0195,0.10124999999999995
2343,5,343,4000,2356,0.001,0.0160928592542057,0.022249871146953294,3585,180,161,74,0.89625,0.045,0.04025,0.0185,0.10375000000000001
2344,5,344,4000,2357,0.001,0.016165561678402402,0.02227314075222195,3572,162,193,73,0.893,0.0405,0.04825,0.01825,0.10699999999999998
2345,5,345,4000,2358,0.001,0.01606372778712903,0.022253625850585962,3581,142,201,76,0.89525,0.0355,0.05025,0.019,0.10475000000000001
2346,5,346,4000,2359,0.001,0.015942625017727054,0.02230602553046112,3607,147,184,62,0.90175,0.03675,0.046,0.0155,0.09824999999999995
2347,5,347,4000,2360,0.001,0.015816189522182708,0.022364333431687294,3612,143,185,60,0.903,0.03575,0.04625,0.015,0.09699999999999998
2348,5,348,4000,2361,0.001,0.015850563705793328,0.022361341581425484,3619,147,177,57,0.90475,0.03675,0.04425,0.01425,0.09524999999999995
2349,5,349,4000,2362,0.001,0.01572968578901025,0.022461701992233872,3629,137,180,54,0.90725,0.03425,0.045,0.0135,0.09275
2350,5,350,4000,2363,0.001,0.015585283482126167,0.02253979762930173,3639,144,162,55,0.90975,0.036,0.0405,0.01375,0.09025000000000005
2351,5,351,4000,2364,0.001,0.01560372682186562,0.022433871887698898,3622,150,173,55,0.9055,0.0375,0.04325,0.01375,0.09450000000000003
2352,5,352,4000,2365,0.001,0.01574475557753354,0.022457028001833402,3660,123,154,63,0.915,0.03075,0.0385,0.01575,0.08499999999999996
2353,5,353,4000,2366,0.001,0.01592213575689575,0.02237875933565849,3626,154,171,49,0.9065,0.0385,0.04275,0.01225,0.09350000000000003
2354,5,354,4000,2367,0.001,0.015902060924404025,0.02243749162916561,3633,132,177,58,0.90825,0.033,0.04425,0.0145,0.09175
2355,5,355,4000,2368,0.001,0.01592023424358553,0.022364417381129695,3618,131,179,72,0.9045,0.03275,0.04475,0.018,0.09550000000000003
2356,5,356,4000,2369,0.001,0.01590498423188629,0.022106305617577454,3600,145,189,66,0.9,0.03625,0.04725,0.0165,0.09999999999999998
2357,5,357,4000,2370,0.001,0.015984159849944057,0.022077655631953585,3615,145,180,60,0.90375,0.03625,0.045,0.015,0.09624999999999995
2358,5,358,4000,2371,0.001,0.015878548524443318,0.022087321612173732,3616,159,156,69,0.904,0.03975,0.039,0.01725,0.09599999999999997
2359,5,359,4000,2372,0.001,0.01598746470703552,0.022023205268617386,3632,130,168,70,0.908,0.0325,0.042,0.0175,0.09199999999999997
2360,5,360,4000,2373,0.001,0.01611486996122282,0.022036861144236888,3625,136,162,77,0.90625,0.034,0.0405,0.01925,0.09375
2361,5,361,4000,2374,0.001,0.01631090762968195,0.021865030292770548,3604,158,175,63,0.901,0.0395,0.04375,0.01575,0.09899999999999998
2362,5,362,4000,2375,0.001,0.016120900498251794,0.02208132014020875,3668,114,161,57,0.917,0.0285,0.04025,0.01425,0.08299999999999996
2363,5,363,4000,2376,0.001,0.015862887358348857,0.02233698367152691,3583,169,175,73,0.89575,0.04225,0.04375,0.01825,0.10424999999999995
2364,5,364,4000,2377,0.001,0.015513926861234578,0.022256438663017974,3612,150,174,64,0.903,0.0375,0.0435,0.016,0.09699999999999998
2365,5,365,4000,2378,0.001,0.015394018158135039,0.02228991725283027,3624,131,170,75,0.906,0.03275,0.0425,0.01875,0.09399999999999997
2366,5,366,4000,2379,0.001,0.015368620443401712,0.02208840257115377,3643,142,159,56,0.91075,0.0355,0.03975,0.014,0.08925000000000005
2367,5,367,4000,2380,0.001,0.01563394773920858,0.02215486912182913,3612,134,171,83,0.903,0.0335,0.04275,0.02075,0.09699999999999998
2368,5,368,4000,2381,0.001,0.015752010677677154,0.022125199796078923,3625,140,168,67,0.90625,0.035,0.042,0.01675,0.09375
2369,5,369,4000,2382,0.001,0.01564135141248725,0.022290344124953138,3631,141,158,70,0.90775,0.03525,0.0395,0.0175,0.09225000000000005
2370,5,370,4000,2383,0.001,0.015664347894991687,0.022342799864353214,3622,124,188,66,0.9055,0.031,0.047,0.0165,0.09450000000000003
2371,5,371,4000,2384,0.001,0.015875184069213413,0.02234307585098532,3629,127,182,62,0.90725,0.03175,0.0455,0.0155,0.09275
2372,5,372,4000,2385,0.001,0.01584360660687253,0.022346546607368102,3618,149,168,65,0.9045,0.03725,0.042,0.01625,0.09550000000000003
2373,5,373,4000,2386,0.001,0.015912446173047965,0.02253606367180922,3648,137,154,61,0.912,0.03425,0.0385,0.01525,0.08799999999999997
2374,5,374,4000,2387,0.001,0.016001629319833302,0.022631514895032616,3608,153,185,54,0.902,0.03825,0.04625,0.0135,0.09799999999999998
2375,5,375,4000,2388,0.001,0.0157723697276367,0.02265869579039177,3607,148,181,64,0.90175,0.037,0.04525,0.016,0.09824999999999995
2376,5,376,4000,2389,0.001,0.01571628395771857,0.022820926432851114,3615,151,168,66,0.90375,0.03775,0.042,0.0165,0.09624999999999995
2377,5,377,4000,2390,0.001,0.015536707618610758,0.02289231377103143,3623,149,173,55,0.90575,0.03725,0.04325,0.01375,0.09424999999999994
2378,5,378,4000,2391,0.001,0.015152321886884737,0.022929784403211265,3645,167,141,47,0.91125,0.04175,0.03525,0.01175,0.08875
2379,5,379,4000,2392,0.001,0.015352745543049936,0.022891713627922434,3632,132,174,62,0.908,0.033,0.0435,0.0155,0.09199999999999997
2380,5,380,4000,2393,0.001,0.015426461357915993,0.02279515945283173,3630,130,168,72,0.9075,0.0325,0.042,0.018,0.09250000000000003
2381,5,381,4000,2394,0.001,0.01554807402401502,0.02296271671076474,3624,149,161,66,0.906,0.03725,0.04025,0.0165,0.09399999999999997
2382,5,382,4000,2395,0.001,0.015425897010217095,0.023037806412493075,3643,138,150,69,0.91075,0.0345,0.0375,0.01725,0.08925000000000005
2383,5,383,4000,2396,0.001,0.014940939046168505,0.023049180644733856,3651,133,151,65,0.91275,0.03325,0.03775,0.01625,0.08725000000000005
2384,5,384,4000,2397,0.001,0.0148449473470601,0.023182536308763418,3637,140,166,57,0.90925,0.035,0.0415,0.01425,0.09075
2385,5,385,4000,2398,0.001,0.01515885121352573,0.023188771318379795,3631,132,183,54,0.90775,0.033,0.04575,0.0135,0.09225000000000005
2386,5,386,4000,2399,0.001,0.015170336213740043,0.02308246295859325,3590,153,191,66,0.8975,0.03825,0.04775,0.0165,0.10250000000000004
2387,5,387,4000,2400,0.001,0.01507756782545738,0.02318050847910658,3590,159,179,72,0.8975,0.03975,0.04475,0.018,0.10250000000000004
2388,5,388,4000,2401,0.001,0.014926436744462524,0.023202459450577775,3638,141,162,59,0.9095,0.03525,0.0405,0.01475,0.09050000000000002
2389,5,389,4000,2402,0.001,0.014644101054195568,0.023274476072366955,3611,156,170,63,0.90275,0.039,0.0425,0.01575,0.09724999999999995
2390,5,390,4000,2403,0.001,0.014715501387484009,0.02322366127271036,3606,149,186,59,0.9015,0.03725,0.0465,0.01475,0.09850000000000003
2391,5,391,4000,2404,0.001,0.014890451478008835,0.023223347132855753,3627,162,166,45,0.90675,0.0405,0.0415,0.01125,0.09325000000000006
2392,5,392,4000,2405,0.001,0.015146990214149954,0.02322515292547376,3654,124,174,48,0.9135,0.031,0.0435,0.012,0.08650000000000002
2393,5,393,4000,2406,0.001,0.01551669487206525,0.023109634620005114,3560,173,184,83,0.89,0.04325,0.046,0.02075,0.10999999999999999
2394,5,394,4000,2407,0.001,0.015541389884280787,0.02336699733787182,3626,144,166,64,0.9065,0.036,0.0415,0.016,0.09350000000000003
2395,5,395,4000,2408,0.001,0.015447127919840539,0.023422214848702775,3618,143,182,57,0.9045,0.03575,0.0455,0.01425,0.09550000000000003
2396,5,396,4000,2409,0.001,0.01554641045230396,0.02339219519344655,3609,150,172,69,0.90225,0.0375,0.043,0.01725,0.09775
2397,5,397,4000,2410,0.001,0.015427300522304593,0.023290509506865734,3645,135,157,63,0.91125,0.03375,0.03925,0.01575,0.08875
2398,5,398,4000,2411,0.001,0.015445770944222115,0.023239849948741457,3635,132,176,57,0.90875,0.033,0.044,0.01425,0.09125000000000005
2399,5,399,4000,2412,0.001,0.015276144699574803,0.023431078552272458,3638,145,159,58,0.9095,0.03625,0.03975,0.0145,0.09050000000000002
2400,6,0,4000,2414,0.001,0.009678455555198992,0.020035386430801175,3715,116,125,44,0.92875,0.029,0.03125,0.011,0.07125000000000004
2401,6,1,4000,2415,0.001,0.00988708101893755,0.019907755153874072,3717,103,138,42,0.92925,0.02575,0.0345,0.0105,0.07074999999999998
2402,6,2,4000,2416,0.001,0.00965823760361373,0.019898697025975368,3708,104,131,57,0.927,0.026,0.03275,0.01425,0.07299999999999995
2403,6,3,4000,2417,0.001,0.0098138182719775,0.019753508377549283,3703,107,149,41,0.92575,0.02675,0.03725,0.01025,0.07425000000000004
2404,6,4,4000,2418,0.001,0.00991173185673991,0.01978326891553337,3713,123,123,41,0.92825,0.03075,0.03075,0.01025,0.07174999999999998
2405,6,5,4000,2419,0.001,0.009479898463225507,0.01989923470419346,3716,125,120,39,0.929,0.03125,0.03,0.00975,0.07099999999999995
2406,6,6,4000,2420,0.001,0.009898949446031086,0.019729940611700292,3730,105,119,46,0.9325,0.02625,0.02975,0.0115,0.0675
2407,6,7,4000,2421,0.001,0.009867009643366608,0.01988539926664176,3705,132,122,41,0.92625,0.033,0.0305,0.01025,0.07374999999999998
2408,6,8,4000,2422,0.001,0.00982407381130441,0.020092783265140985,3726,107,131,36,0.9315,0.02675,0.03275,0.009,0.0685
2409,6,9,4000,2423,0.001,0.009721868530943681,0.01999042771022423,3737,108,123,32,0.93425,0.027,0.03075,0.008,0.06574999999999998
2410,6,10,4000,2424,0.001,0.009637510749331061,0.019802000977744465,3725,102,131,42,0.93125,0.0255,0.03275,0.0105,0.06874999999999998
2411,6,11,4000,2425,0.001,0.00963282053731967,0.020027890116113747,3728,100,128,44,0.932,0.025,0.032,0.011,0.06799999999999995
2412,6,12,4000,2426,0.001,0.009408943830080365,0.02001700305507943,3728,118,123,31,0.932,0.0295,0.03075,0.00775,0.06799999999999995
2413,6,13,4000,2427,0.001,0.0095321760867678,0.01993296207441681,3692,125,152,31,0.923,0.03125,0.038,0.00775,0.07699999999999996
2414,6,14,4000,2428,0.001,0.00925113041348621,0.019944187212747374,3708,120,125,47,0.927,0.03,0.03125,0.01175,0.07299999999999995
2415,6,15,4000,2429,0.001,0.009261559315560079,0.02005444113198077,3700,119,129,52,0.925,0.02975,0.03225,0.013,0.07499999999999996
2416,6,16,4000,2430,0.001,0.009647261783056272,0.020144954109780098,3715,109,137,39,0.92875,0.02725,0.03425,0.00975,0.07125000000000004
2417,6,17,4000,2431,0.001,0.009572101019201258,0.020126020529870933,3725,113,123,39,0.93125,0.02825,0.03075,0.00975,0.06874999999999998
2418,6,18,4000,2432,0.001,0.009285007742645086,0.020228826498635565,3733,104,124,39,0.93325,0.026,0.031,0.00975,0.06674999999999998
2419,6,19,4000,2433,0.001,0.009359345788132722,0.020204338290730938,3739,104,119,38,0.93475,0.026,0.02975,0.0095,0.06525000000000003
2420,6,20,4000,2434,0.001,0.009381803549661165,0.020162630289986275,3721,115,125,39,0.93025,0.02875,0.03125,0.00975,0.06974999999999998
2421,6,21,4000,2435,0.001,0.009213178003489529,0.020105278677613907,3694,125,126,55,0.9235,0.03125,0.0315,0.01375,0.07650000000000001
2422,6,22,4000,2436,0.001,0.009382128064823263,0.01990234677360277,3705,124,117,54,0.92625,0.031,0.02925,0.0135,0.07374999999999998
2423,6,23,4000,2437,0.001,0.009229778155950939,0.020052389829394036,3717,102,140,41,0.92925,0.0255,0.035,0.01025,0.07074999999999998
2424,6,24,4000,2438,0.001,0.009063234428437511,0.020076129377334533,3742,96,126,36,0.9355,0.024,0.0315,0.009,0.0645
2425,6,25,4000,2439,0.001,0.0089170501632104,0.020052231535482384,3728,102,138,32,0.932,0.0255,0.0345,0.008,0.06799999999999995
2426,6,26,4000,2440,0.001,0.008974114769936465,0.0200087518022978,3734,113,102,51,0.9335,0.02825,0.0255,0.01275,0.0665
2427,6,27,4000,2441,0.001,0.008839209402997927,0.020014599281044203,3732,107,124,37,0.933,0.02675,0.031,0.00925,0.06699999999999995
2428,6,28,4000,2442,0.001,0.008762234214984309,0.020165783258353408,3717,115,120,48,0.92925,0.02875,0.03,0.012,0.07074999999999998
2429,6,29,4000,2443,0.001,0.009077600137320417,0.02023381144108318,3729,112,125,34,0.93225,0.028,0.03125,0.0085,0.06774999999999998
2430,6,30,4000,2444,0.001,0.008930186612859265,0.020305600423832934,3717,118,116,49,0.92925,0.0295,0.029,0.01225,0.07074999999999998
2431,6,31,4000,2445,0.001,0.009185388316151373,0.020499819826429032,3730,98,139,33,0.9325,0.0245,0.03475,0.00825,0.0675
2432,6,32,4000,2446,0.001,0.009213719488297792,0.02046113122897216,3686,124,146,44,0.9215,0.031,0.0365,0.011,0.07850000000000001
2433,6,33,4000,2447,0.001,0.009154364050847718,0.020463978554108447,3711,131,113,45,0.92775,0.03275,0.02825,0.01125,0.07225000000000004
2434,6,34,4000,2448,0.001,0.009244679252423074,0.020387776502861506,3724,107,136,33,0.931,0.02675,0.034,0.00825,0.06899999999999995
2435,6,35,4000,2449,0.001,0.009073583200019343,0.020359036666914847,3704,109,140,47,0.926,0.02725,0.035,0.01175,0.07399999999999995
2436,6,36,4000,2450,0.001,0.008858860151181713,0.020267475269484837,3724,120,122,34,0.931,0.03,0.0305,0.0085,0.06899999999999995
2437,6,37,4000,2451,0.001,0.009153714816583275,0.0202709254682816,3747,114,109,30,0.93675,0.0285,0.02725,0.0075,0.06325000000000003
2438,6,38,4000,2452,0.001,0.009074487174963694,0.020273113267850407,3743,102,120,35,0.93575,0.0255,0.03,0.00875,0.06425000000000003
2439,6,39,4000,2453,0.001,0.00904266413584721,0.020215037363042313,3700,113,144,43,0.925,0.02825,0.036,0.01075,0.07499999999999996
2440,6,40,4000,2454,0.001,0.009280055622191787,0.020209347250533624,3746,110,109,35,0.9365,0.0275,0.02725,0.00875,0.0635
2441,6,41,4000,2455,0.001,0.00917487768578858,0.020198393101315777,3729,110,116,45,0.93225,0.0275,0.029,0.01125,0.06774999999999998
2442,6,42,4000,2456,0.001,0.009015249808921627,0.02026919716827331,3713,128,121,38,0.92825,0.032,0.03025,0.0095,0.07174999999999998
2443,6,43,4000,2457,0.001,0.008740292666483336,0.02041391650264979,3733,107,136,24,0.93325,0.02675,0.034,0.006,0.06674999999999998
2444,6,44,4000,2458,0.001,0.008735828889203885,0.02051418934467304,3734,95,128,43,0.9335,0.02375,0.032,0.01075,0.0665
2445,6,45,4000,2459,0.001,0.00901123090849322,0.020594401327504022,3694,131,137,38,0.9235,0.03275,0.03425,0.0095,0.07650000000000001
2446,6,46,4000,2460,0.001,0.008782688455385615,0.02052183810172018,3699,136,123,42,0.92475,0.034,0.03075,0.0105,0.07525000000000004
2447,6,47,4000,2461,0.001,0.008423023020509124,0.020590697237329744,3731,105,125,39,0.93275,0.02625,0.03125,0.00975,0.06725000000000003
2448,6,48,4000,2462,0.001,0.008265610358368446,0.02056577943116969,3765,89,118,28,0.94125,0.02225,0.0295,0.007,0.05874999999999997
2449,6,49,4000,2463,0.001,0.008399548425327485,0.020514241779136504,3728,101,133,38,0.932,0.02525,0.03325,0.0095,0.06799999999999995
2450,6,50,4000,2464,0.001,0.008614622987845245,0.020312698678574326,3718,112,124,46,0.9295,0.028,0.031,0.0115,0.07050000000000001
2451,6,51,4000,2465,0.001,0.0086021712945733,0.020281936236867592,3742,91,139,28,0.9355,0.02275,0.03475,0.007,0.0645
2452,6,52,4000,2466,0.001,0.008802734332140417,0.020417314084460122,3730,116,115,39,0.9325,0.029,0.02875,0.00975,0.0675
2453,6,53,4000,2467,0.001,0.008793294803744415,0.020423208231411517,3717,124,124,35,0.92925,0.031,0.031,0.00875,0.07074999999999998
2454,6,54,4000,2468,0.001,0.008922382190522,0.020518933668138048,3721,114,121,44,0.93025,0.0285,0.03025,0.011,0.06974999999999998
2455,6,55,4000,2469,0.001,0.009070700093440416,0.020356175617910734,3678,123,152,47,0.9195,0.03075,0.038,0.01175,0.08050000000000002
2456,6,56,4000,2470,0.001,0.009162986714493011,0.020401492972035196,3726,129,117,28,0.9315,0.03225,0.02925,0.007,0.0685
2457,6,57,4000,2471,0.001,0.009194153957365506,0.02044161747223527,3713,126,126,35,0.92825,0.0315,0.0315,0.00875,0.07174999999999998
2458,6,58,4000,2472,0.001,0.009586786815647749,0.020367795991337513,3704,132,122,42,0.926,0.033,0.0305,0.0105,0.07399999999999995
2459,6,59,4000,2473,0.001,0.009698979355570599,0.020252894770248584,3714,117,116,53,0.9285,0.02925,0.029,0.01325,0.07150000000000001
2460,6,60,4000,2474,0.001,0.00966736345048915,0.020239089195305173,3731,97,134,38,0.93275,0.02425,0.0335,0.0095,0.06725000000000003
2461,6,61,4000,2475,0.001,0.01006869720983609,0.020279985398514885,3728,107,113,52,0.932,0.02675,0.02825,0.013,0.06799999999999995
2462,6,62,4000,2476,0.001,0.010009747454239694,0.020348876216079382,3712,103,146,39,0.928,0.02575,0.0365,0.00975,0.07199999999999995
2463,6,63,4000,2477,0.001,0.010112921663730835,0.020220191575081113,3725,105,127,43,0.93125,0.02625,0.03175,0.01075,0.06874999999999998
2464,6,64,4000,2478,0.001,0.010008889303246192,0.020137462504738222,3726,117,123,34,0.9315,0.02925,0.03075,0.0085,0.0685
2465,6,65,4000,2479,0.001,0.010130334909681698,0.0202592034437372,3738,99,122,41,0.9345,0.02475,0.0305,0.01025,0.0655
2466,6,66,4000,2480,0.001,0.00981701294822041,0.020316168053190534,3695,125,133,47,0.92375,0.03125,0.03325,0.01175,0.07625000000000004
2467,6,67,4000,2481,0.001,0.009758907034503946,0.020267708279051597,3736,103,121,40,0.934,0.02575,0.03025,0.01,0.06599999999999995
2468,6,68,4000,2482,0.001,0.00986026767149924,0.02013454580254025,3708,111,145,36,0.927,0.02775,0.03625,0.009,0.07299999999999995
2469,6,69,4000,2483,0.001,0.010067131681612608,0.02013666588439576,3699,118,138,45,0.92475,0.0295,0.0345,0.01125,0.07525000000000004
2470,6,70,4000,2484,0.001,0.010052440330333638,0.020283782016696977,3712,117,123,48,0.928,0.02925,0.03075,0.012,0.07199999999999995
2471,6,71,4000,2485,0.001,0.01015859747155992,0.02040611184819984,3688,142,130,40,0.922,0.0355,0.0325,0.01,0.07799999999999996
2472,6,72,4000,2486,0.001,0.010297547237024272,0.020446929627589136,3720,121,123,36,0.93,0.03025,0.03075,0.009,0.06999999999999995
2473,6,73,4000,2487,0.001,0.01044982599063359,0.020520685791610396,3704,109,122,65,0.926,0.02725,0.0305,0.01625,0.07399999999999995
2474,6,74,4000,2488,0.001,0.010432347414607412,0.020494273311109566,3681,126,145,48,0.92025,0.0315,0.03625,0.012,0.07974999999999999
2475,6,75,4000,2489,0.001,0.01080948896444752,0.02043947119006429,3699,127,123,51,0.92475,0.03175,0.03075,0.01275,0.07525000000000004
2476,6,76,4000,2490,0.001,0.01077078043953507,0.020535808260669267,3705,124,124,47,0.92625,0.031,0.031,0.01175,0.07374999999999998
2477,6,77,4000,2491,0.001,0.010650420268786454,0.020450571557570817,3717,99,142,42,0.92925,0.02475,0.0355,0.0105,0.07074999999999998
2478,6,78,4000,2492,0.001,0.010657553284919855,0.020363378612990524,3712,104,145,39,0.928,0.026,0.03625,0.00975,0.07199999999999995
2479,6,79,4000,2493,0.001,0.010575648059012427,0.02025993944981766,3713,102,142,43,0.92825,0.0255,0.0355,0.01075,0.07174999999999998
2480,6,80,4000,2494,0.001,0.010859657790148306,0.02017202156224016,3699,121,138,42,0.92475,0.03025,0.0345,0.0105,0.07525000000000004
2481,6,81,4000,2495,0.001,0.010793420357011023,0.020135196898032965,3687,112,146,55,0.92175,0.028,0.0365,0.01375,0.07825000000000004
2482,6,82,4000,2496,0.001,0.010924963095008223,0.02007724917537221,3702,101,152,45,0.9255,0.02525,0.038,0.01125,0.07450000000000001
2483,6,83,4000,2497,0.001,0.01131647125531619,0.02006082393203559,3703,131,128,38,0.92575,0.03275,0.032,0.0095,0.07425000000000004
2484,6,84,4000,2498,0.001,0.011589642077207762,0.019894777809937328,3700,126,134,40,0.925,0.0315,0.0335,0.01,0.07499999999999996
2485,6,85,4000,2499,0.001,0.01152795389597261,0.019812861689609072,3717,118,125,40,0.92925,0.0295,0.03125,0.01,0.07074999999999998
2486,6,86,4000,2500,0.001,0.011552804736402453,0.01991537853701971,3700,106,149,45,0.925,0.0265,0.03725,0.01125,0.07499999999999996
2487,6,87,4000,2501,0.001,0.011959130500991242,0.020075099661556833,3669,144,137,50,0.91725,0.036,0.03425,0.0125,0.08274999999999999
2488,6,88,4000,2502,0.001,0.01178823646033665,0.020082826654029107,3678,135,143,44,0.9195,0.03375,0.03575,0.011,0.08050000000000002
2489,6,89,4000,2503,0.001,0.011558212434004369,0.019980481152875755,3697,119,133,51,0.92425,0.02975,0.03325,0.01275,0.07574999999999998
2490,6,90,4000,2504,0.001,0.01150645892102228,0.01998583876730963,3693,117,141,49,0.92325,0.02925,0.03525,0.01225,0.07674999999999998
2491,6,91,4000,2505,0.001,0.011434494818544368,0.019932883358426745,3709,105,147,39,0.92725,0.02625,0.03675,0.00975,0.07274999999999998
2492,6,92,4000,2506,0.001,0.011028373467936945,0.01988913247131404,3682,123,146,49,0.9205,0.03075,0.0365,0.01225,0.07950000000000002
2493,6,93,4000,2507,0.001,0.011081118026180586,0.01997118298699796,3688,113,148,51,0.922,0.02825,0.037,0.01275,0.07799999999999996
2494,6,94,4000,2508,0.001,0.011083335926082764,0.019953589267508516,3723,111,126,40,0.93075,0.02775,0.0315,0.01,0.06925000000000003
2495,6,95,4000,2509,0.001,0.011681397303666588,0.019892935455050297,3706,101,149,44,0.9265,0.02525,0.03725,0.011,0.07350000000000001
2496,6,96,4000,2510,0.001,0.011557096015313522,0.020031380695741636,3695,125,133,47,0.92375,0.03125,0.03325,0.01175,0.07625000000000004
2497,6,97,4000,2511,0.001,0.011373013399949805,0.020005748152078846,3661,132,148,59,0.91525,0.033,0.037,0.01475,0.08474999999999999
2498,6,98,4000,2512,0.001,0.010969258015443833,0.02001231638650841,3686,139,130,45,0.9215,0.03475,0.0325,0.01125,0.07850000000000001
2499,6,99,4000,2513,0.001,0.010679033757851267,0.0200249855716827,3706,104,133,57,0.9265,0.026,0.03325,0.01425,0.07350000000000001
2500,6,100,4000,2514,0.001,0.01056249096269919,0.020156238184132928,3696,127,135,42,0.924,0.03175,0.03375,0.0105,0.07599999999999996
2501,6,101,4000,2515,0.001,0.010512729735028939,0.019977698406950364,3684,133,133,50,0.921,0.03325,0.03325,0.0125,0.07899999999999996
2502,6,102,4000,2516,0.001,0.010425212537735087,0.020001945767018366,3680,130,136,54,0.92,0.0325,0.034,0.0135,0.07999999999999996
2503,6,103,4000,2517,0.001,0.010355028433510863,0.01996174457057051,3699,108,149,44,0.92475,0.027,0.03725,0.011,0.07525000000000004
2504,6,104,4000,2518,0.001,0.010423851090705934,0.0201680062612028,3690,125,134,51,0.9225,0.03125,0.0335,0.01275,0.07750000000000001
2505,6,105,4000,2519,0.001,0.01042520492931849,0.02010051761921765,3715,103,141,41,0.92875,0.02575,0.03525,0.01025,0.07125000000000004
2506,6,106,4000,2520,0.001,0.010440064778017575,0.020088854046491,3705,120,133,42,0.92625,0.03,0.03325,0.0105,0.07374999999999998
2507,6,107,4000,2521,0.001,0.010797404511077966,0.020227108607818886,3701,122,138,39,0.92525,0.0305,0.0345,0.00975,0.07474999999999998
2508,6,108,4000,2522,0.001,0.010742826944367135,0.020154695453043426,3701,109,132,58,0.92525,0.02725,0.033,0.0145,0.07474999999999998
2509,6,109,4000,2523,0.001,0.010408972243044242,0.020231675507683955,3724,123,121,32,0.931,0.03075,0.03025,0.008,0.06899999999999995
2510,6,110,4000,2524,0.001,0.010409984862300275,0.020250638333765763,3677,116,145,62,0.91925,0.029,0.03625,0.0155,0.08074999999999999
2511,6,111,4000,2525,0.001,0.010369932871496092,0.02025734151261565,3707,114,139,40,0.92675,0.0285,0.03475,0.01,0.07325000000000004
2512,6,112,4000,2526,0.001,0.010231365916131068,0.02024951498325488,3702,109,152,37,0.9255,0.02725,0.038,0.00925,0.07450000000000001
2513,6,113,4000,2527,0.001,0.009912992532032166,0.020263537030393113,3721,105,137,37,0.93025,0.02625,0.03425,0.00925,0.06974999999999998
2514,6,114,4000,2528,0.001,0.010304588012864688,0.020111805927487077,3686,118,147,49,0.9215,0.0295,0.03675,0.01225,0.07850000000000001
2515,6,115,4000,2529,0.001,0.01047835147919675,0.020126197829564003,3731,109,116,44,0.93275,0.02725,0.029,0.011,0.06725000000000003
2516,6,116,4000,2530,0.001,0.010641150870068828,0.020118821767400093,3687,111,152,50,0.92175,0.02775,0.038,0.0125,0.07825000000000004
2517,6,117,4000,2531,0.001,0.010736177550749959,0.020055717164912387,3675,125,148,52,0.91875,0.03125,0.037,0.013,0.08125000000000004
2518,6,118,4000,2532,0.001,0.010699281978576372,0.020348141813306606,3696,116,156,32,0.924,0.029,0.039,0.008,0.07599999999999996
2519,6,119,4000,2533,0.001,0.010656054839987167,0.02037657856581378,3704,111,138,47,0.926,0.02775,0.0345,0.01175,0.07399999999999995
2520,6,120,4000,2534,0.001,0.010802385378825434,0.02036366586635493,3695,121,141,43,0.92375,0.03025,0.03525,0.01075,0.07625000000000004
2521,6,121,4000,2535,0.001,0.011105053124912181,0.020237790205250503,3708,109,137,46,0.927,0.02725,0.03425,0.0115,0.07299999999999995
2522,6,122,4000,2536,0.001,0.010961346385337776,0.020421318366283463,3707,112,136,45,0.92675,0.028,0.034,0.01125,0.07325000000000004
2523,6,123,4000,2537,0.001,0.011050271199426042,0.020334390271229037,3684,126,141,49,0.921,0.0315,0.03525,0.01225,0.07899999999999996
2524,6,124,4000,2538,0.001,0.011279612921179025,0.020388206949265283,3681,123,142,54,0.92025,0.03075,0.0355,0.0135,0.07974999999999999
2525,6,125,4000,2539,0.001,0.011379469479661241,0.020377386220212877,3682,119,147,52,0.9205,0.02975,0.03675,0.013,0.07950000000000002
2526,6,126,4000,2540,0.001,0.011231800096888815,0.02017480910928933,3672,123,146,59,0.918,0.03075,0.0365,0.01475,0.08199999999999996
2527,6,127,4000,2541,0.001,0.011352672129366685,0.020160498018618064,3698,105,147,50,0.9245,0.02625,0.03675,0.0125,0.07550000000000001
2528,6,128,4000,2542,0.001,0.011298373414513225,0.02034573030292136,3679,128,147,46,0.91975,0.032,0.03675,0.0115,0.08025000000000004
2529,6,129,4000,2543,0.001,0.011506180080807333,0.020634459299508905,3667,128,154,51,0.91675,0.032,0.0385,0.01275,0.08325000000000005
2530,6,130,4000,2544,0.001,0.011367061066110115,0.02072337636043212,3673,126,149,52,0.91825,0.0315,0.03725,0.013,0.08174999999999999
2531,6,131,4000,2545,0.001,0.011387021193126092,0.020593486515391217,3661,120,164,55,0.91525,0.03,0.041,0.01375,0.08474999999999999
2532,6,132,4000,2546,0.001,0.011427196169009163,0.02068740017152999,3718,105,132,45,0.9295,0.02625,0.033,0.01125,0.07050000000000001
2533,6,133,4000,2547,0.001,0.01162167786476301,0.02051506534432867,3684,130,130,56,0.921,0.0325,0.0325,0.014,0.07899999999999996
2534,6,134,4000,2548,0.001,0.0113163998740932,0.02047355991934717,3693,123,139,45,0.92325,0.03075,0.03475,0.01125,0.07674999999999998
2535,6,135,4000,2549,0.001,0.011584697632310395,0.020502731392442897,3685,139,131,45,0.92125,0.03475,0.03275,0.01125,0.07874999999999999
2536,6,136,4000,2550,0.001,0.01172787914248457,0.020414887036284447,3692,117,143,48,0.923,0.02925,0.03575,0.012,0.07699999999999996
2537,6,137,4000,2551,0.001,0.012094555697462877,0.020308718304767017,3663,130,157,50,0.91575,0.0325,0.03925,0.0125,0.08425000000000005
2538,6,138,4000,2552,0.001,0.0122492071089926,0.02021197739135257,3720,107,124,49,0.93,0.02675,0.031,0.01225,0.06999999999999995
2539,6,139,4000,2553,0.001,0.012174021886051638,0.020320500964745643,3682,125,144,49,0.9205,0.03125,0.036,0.01225,0.07950000000000002
2540,6,140,4000,2554,0.001,0.012333055247625704,0.020406088704705273,3666,132,154,48,0.9165,0.033,0.0385,0.012,0.08350000000000002
2541,6,141,4000,2555,0.001,0.012200114476136541,0.020388205084925237,3656,134,158,52,0.914,0.0335,0.0395,0.013,0.08599999999999997
2542,6,142,4000,2556,0.001,0.011943849837611096,0.020272166047066963,3695,118,140,47,0.92375,0.0295,0.035,0.01175,0.07625000000000004
2543,6,143,4000,2557,0.001,0.012100076338216107,0.020296821244252645,3644,149,152,55,0.911,0.03725,0.038,0.01375,0.08899999999999997
2544,6,144,4000,2558,0.001,0.012168463605357328,0.020287972365290948,3698,120,134,48,0.9245,0.03,0.0335,0.012,0.07550000000000001
2545,6,145,4000,2559,0.001,0.012332545247481516,0.020396632385304696,3686,120,139,55,0.9215,0.03,0.03475,0.01375,0.07850000000000001
2546,6,146,4000,2560,0.001,0.012291628629713908,0.020559906036875235,3721,125,108,46,0.93025,0.03125,0.027,0.0115,0.06974999999999998
2547,6,147,4000,2561,0.001,0.012703370633642375,0.02052124083606815,3663,127,152,58,0.91575,0.03175,0.038,0.0145,0.08425000000000005
2548,6,148,4000,2562,0.001,0.013032617615297918,0.020336418975555423,3634,154,155,57,0.9085,0.0385,0.03875,0.01425,0.09150000000000003
2549,6,149,4000,2563,0.001,0.013193625160011923,0.020400166488038936,3708,95,141,56,0.927,0.02375,0.03525,0.014,0.07299999999999995
2550,6,150,4000,2564,0.001,0.01301489773661675,0.02033589964244439,3643,127,175,55,0.91075,0.03175,0.04375,0.01375,0.08925000000000005
2551,6,151,4000,2565,0.001,0.012712793673369447,0.020256866162952452,3652,136,161,51,0.913,0.034,0.04025,0.01275,0.08699999999999997
2552,6,152,4000,2566,0.001,0.01261060744312565,0.020375109557394782,3682,132,143,43,0.9205,0.033,0.03575,0.01075,0.07950000000000002
2553,6,153,4000,2567,0.001,0.012785204047228249,0.02030499935045345,3638,125,176,61,0.9095,0.03125,0.044,0.01525,0.09050000000000002
2554,6,154,4000,2568,0.001,0.012792371597912567,0.02024336901610241,3655,134,158,53,0.91375,0.0335,0.0395,0.01325,0.08625000000000005
2555,6,155,4000,2569,0.001,0.0126602450917621,0.020183498191151717,3640,135,166,59,0.91,0.03375,0.0415,0.01475,0.08999999999999997
2556,6,156,4000,2570,0.001,0.01277677682899461,0.020174733137896247,3676,114,155,55,0.919,0.0285,0.03875,0.01375,0.08099999999999996
2557,6,157,4000,2571,0.001,0.012429677588098327,0.020151868127913114,3684,116,152,48,0.921,0.029,0.038,0.012,0.07899999999999996
2558,6,158,4000,2572,0.001,0.012535762554301347,0.020367616613363032,3697,119,131,53,0.92425,0.02975,0.03275,0.01325,0.07574999999999998
2559,6,159,4000,2573,0.001,0.01275600380732263,0.02030426363668008,3650,140,161,49,0.9125,0.035,0.04025,0.01225,0.08750000000000002
2560,6,160,4000,2574,0.001,0.012799733673218036,0.020393025159323338,3678,114,158,50,0.9195,0.0285,0.0395,0.0125,0.08050000000000002
2561,6,161,4000,2575,0.001,0.012878804748097007,0.020429664351224546,3682,124,139,55,0.9205,0.031,0.03475,0.01375,0.07950000000000002
2562,6,162,4000,2576,0.001,0.01283074309661942,0.020691879935595403,3654,123,170,53,0.9135,0.03075,0.0425,0.01325,0.08650000000000002
2563,6,163,4000,2577,0.001,0.012678053131613336,0.020635530992168503,3677,127,139,57,0.91925,0.03175,0.03475,0.01425,0.08074999999999999
2564,6,164,4000,2578,0.001,0.012361847255614842,0.020672882059795575,3684,121,147,48,0.921,0.03025,0.03675,0.012,0.07899999999999996
2565,6,165,4000,2579,0.001,0.012238706133952051,0.020680579991559814,3677,121,150,52,0.91925,0.03025,0.0375,0.013,0.08074999999999999
2566,6,166,4000,2580,0.001,0.012009830239355698,0.020622856576283138,3671,113,162,54,0.91775,0.02825,0.0405,0.0135,0.08225000000000005
2567,6,167,4000,2581,0.001,0.012153207362289429,0.020593034609634818,3695,123,142,40,0.92375,0.03075,0.0355,0.01,0.07625000000000004
2568,6,168,4000,2582,0.001,0.012251524763471657,0.02051050833721617,3702,122,137,39,0.9255,0.0305,0.03425,0.00975,0.07450000000000001
2569,6,169,4000,2583,0.001,0.012178958068405108,0.020549139851565094,3686,130,136,48,0.9215,0.0325,0.034,0.012,0.07850000000000001
2570,6,170,4000,2584,0.001,0.012364498112734778,0.020541904247886548,3685,114,160,41,0.92125,0.0285,0.04,0.01025,0.07874999999999999
2571,6,171,4000,2585,0.001,0.012616663756872726,0.020507946560330247,3672,120,142,66,0.918,0.03,0.0355,0.0165,0.08199999999999996
2572,6,172,4000,2586,0.001,0.012668457158258893,0.020629235423572458,3662,126,158,54,0.9155,0.0315,0.0395,0.0135,0.08450000000000002
2573,6,173,4000,2587,0.001,0.012572943269883301,0.02060155310703162,3680,132,131,57,0.92,0.033,0.03275,0.01425,0.07999999999999996
2574,6,174,4000,2588,0.001,0.01263946735481241,0.020616433962239913,3670,123,154,53,0.9175,0.03075,0.0385,0.01325,0.08250000000000002
2575,6,175,4000,2589,0.001,0.012566791093051937,0.020616930687520976,3680,127,148,45,0.92,0.03175,0.037,0.01125,0.07999999999999996
2576,6,176,4000,2590,0.001,0.012855732400495068,0.02063311947163105,3665,131,149,55,0.91625,0.03275,0.03725,0.01375,0.08374999999999999
2577,6,177,4000,2591,0.001,0.01312297405062303,0.020657384737674023,3675,137,129,59,0.91875,0.03425,0.03225,0.01475,0.08125000000000004
2578,6,178,4000,2592,0.001,0.012931797911803369,0.02050834986612999,3657,122,164,57,0.91425,0.0305,0.041,0.01425,0.08574999999999999
2579,6,179,4000,2593,0.001,0.012966543596146506,0.020501958793957706,3655,119,169,57,0.91375,0.02975,0.04225,0.01425,0.08625000000000005
2580,6,180,4000,2594,0.001,0.013163557263833527,0.020569319139872002,3653,120,175,52,0.91325,0.03,0.04375,0.013,0.08675
2581,6,181,4000,2595,0.001,0.012877785555164854,0.020670416639871653,3671,123,150,56,0.91775,0.03075,0.0375,0.014,0.08225000000000005
2582,6,182,4000,2596,0.001,0.012945619341683414,0.02057661576356286,3646,159,151,44,0.9115,0.03975,0.03775,0.011,0.08850000000000002
2583,6,183,4000,2597,0.001,0.012921002692621848,0.02043266668324151,3667,127,151,55,0.91675,0.03175,0.03775,0.01375,0.08325000000000005
2584,6,184,4000,2598,0.001,0.013062667343520868,0.020397763406571862,3649,127,158,66,0.91225,0.03175,0.0395,0.0165,0.08775
2585,6,185,4000,2599,0.001,0.012825635335890519,0.020335048857122527,3693,119,142,46,0.92325,0.02975,0.0355,0.0115,0.07674999999999998
2586,6,186,4000,2600,0.001,0.012948533577131974,0.020295931145913576,3662,133,157,48,0.9155,0.03325,0.03925,0.012,0.08450000000000002
2587,6,187,4000,2601,0.001,0.012937021215131439,0.020368798011689192,3658,128,160,54,0.9145,0.032,0.04,0.0135,0.08550000000000002
2588,6,188,4000,2602,0.001,0.01320575769070066,0.020402983091820613,3686,136,136,42,0.9215,0.034,0.034,0.0105,0.07850000000000001
2589,6,189,4000,2603,0.001,0.01332623218972434,0.02046067537586272,3646,132,172,50,0.9115,0.033,0.043,0.0125,0.08850000000000002
2590,6,190,4000,2604,0.001,0.013553609839326491,0.02052914164271609,3641,136,165,58,0.91025,0.034,0.04125,0.0145,0.08975
2591,6,191,4000,2605,0.001,0.0136180230064195,0.02068246074596654,3668,120,161,51,0.917,0.03,0.04025,0.01275,0.08299999999999996
2592,6,192,4000,2606,0.001,0.013388219450724898,0.020631685654889008,3680,118,156,46,0.92,0.0295,0.039,0.0115,0.07999999999999996
2593,6,193,4000,2607,0.001,0.013424408255943989,0.020535384932173304,3651,134,156,59,0.91275,0.0335,0.039,0.01475,0.08725000000000005
2594,6,194,4000,2608,0.001,0.013393495775077657,0.020656329861714673,3655,130,162,53,0.91375,0.0325,0.0405,0.01325,0.08625000000000005
2595,6,195,4000,2609,0.001,0.013168318610182621,0.020693075537804674,3662,128,158,52,0.9155,0.032,0.0395,0.013,0.08450000000000002
2596,6,196,4000,2610,0.001,0.013301913080306286,0.020818272483590174,3646,144,150,60,0.9115,0.036,0.0375,0.015,0.08850000000000002
2597,6,197,4000,2611,0.001,0.013433019878538155,0.020841375007011782,3655,126,161,58,0.91375,0.0315,0.04025,0.0145,0.08625000000000005
2598,6,198,4000,2612,0.001,0.013216901874005427,0.020890189966440438,3665,123,151,61,0.91625,0.03075,0.03775,0.01525,0.08374999999999999
2599,6,199,4000,2613,0.001,0.013179468141040311,0.0209136305777095,3663,122,164,51,0.91575,0.0305,0.041,0.01275,0.08425000000000005
2600,6,200,4000,2614,0.001,0.013059111279327936,0.020920557526644602,3653,131,154,62,0.91325,0.03275,0.0385,0.0155,0.08675
2601,6,201,4000,2615,0.001,0.013279520195606105,0.020923199721494992,3649,140,152,59,0.91225,0.035,0.038,0.01475,0.08775
2602,6,202,4000,2616,0.001,0.013682458898176984,0.020933050494547127,3677,133,142,48,0.91925,0.03325,0.0355,0.012,0.08074999999999999
2603,6,203,4000,2617,0.001,0.013970345888894783,0.020719200043916586,3681,110,148,61,0.92025,0.0275,0.037,0.01525,0.07974999999999999
2604,6,204,4000,2618,0.001,0.014096890016272018,0.020945895066007955,3653,128,156,63,0.91325,0.032,0.039,0.01575,0.08675
2605,6,205,4000,2619,0.001,0.014056135970154642,0.020951384033386193,3647,135,160,58,0.91175,0.03375,0.04,0.0145,0.08825000000000005
2606,6,206,4000,2620,0.001,0.014233135988272631,0.020970862966134294,3662,127,148,63,0.9155,0.03175,0.037,0.01575,0.08450000000000002
2607,6,207,4000,2621,0.001,0.014522908711222821,0.02103039247439624,3647,135,167,51,0.91175,0.03375,0.04175,0.01275,0.08825000000000005
2608,6,208,4000,2622,0.001,0.01462662130314111,0.020891737835966345,3621,139,178,62,0.90525,0.03475,0.0445,0.0155,0.09475
2609,6,209,4000,2623,0.001,0.014668858227799569,0.020906468877707984,3635,131,174,60,0.90875,0.03275,0.0435,0.015,0.09125000000000005
2610,6,210,4000,2624,0.001,0.01469550800331847,0.02084882801496113,3663,127,141,69,0.91575,0.03175,0.03525,0.01725,0.08425000000000005
2611,6,211,4000,2625,0.001,0.014905494218910128,0.02084081760803327,3675,121,154,50,0.91875,0.03025,0.0385,0.0125,0.08125000000000004
2612,6,212,4000,2626,0.001,0.014947956893043074,0.020752455282997885,3649,123,157,71,0.91225,0.03075,0.03925,0.01775,0.08775
2613,6,213,4000,2627,0.001,0.01533801926765678,0.020732491815701422,3622,155,160,63,0.9055,0.03875,0.04,0.01575,0.09450000000000003
2614,6,214,4000,2628,0.001,0.01527473396516935,0.020710940098025897,3670,122,139,69,0.9175,0.0305,0.03475,0.01725,0.08250000000000002
2615,6,215,4000,2629,0.001,0.015237703976220809,0.020606874224111733,3648,128,169,55,0.912,0.032,0.04225,0.01375,0.08799999999999997
2616,6,216,4000,2630,0.001,0.015384694784331536,0.0204133283551646,3620,129,185,66,0.905,0.03225,0.04625,0.0165,0.09499999999999997
2617,6,217,4000,2631,0.001,0.015163314495234243,0.02039327128042933,3630,126,174,70,0.9075,0.0315,0.0435,0.0175,0.09250000000000003
2618,6,218,4000,2632,0.001,0.015334811829299954,0.020443262664407512,3635,130,184,51,0.90875,0.0325,0.046,0.01275,0.09125000000000005
2619,6,219,4000,2633,0.001,0.01586553067564075,0.020492045053091112,3652,126,156,66,0.913,0.0315,0.039,0.0165,0.08699999999999997
2620,6,220,4000,2634,0.001,0.01592666876055631,0.020537027250129274,3632,121,181,66,0.908,0.03025,0.04525,0.0165,0.09199999999999997
2621,6,221,4000,2635,0.001,0.015966195682002905,0.020694036670264298,3652,116,170,62,0.913,0.029,0.0425,0.0155,0.08699999999999997
2622,6,222,4000,2636,0.001,0.016005331289136924,0.020869931340773785,3638,126,165,71,0.9095,0.0315,0.04125,0.01775,0.09050000000000002
2623,6,223,4000,2637,0.001,0.016005496162770673,0.020818096986728235,3620,139,176,65,0.905,0.03475,0.044,0.01625,0.09499999999999997
2624,6,224,4000,2638,0.001,0.016204172104381857,0.020566272425086494,3608,127,189,76,0.902,0.03175,0.04725,0.019,0.09799999999999998
2625,6,225,4000,2639,0.001,0.016116200535953955,0.020643883071511035,3602,158,175,65,0.9005,0.0395,0.04375,0.01625,0.09950000000000003
2626,6,226,4000,2640,0.001,0.016262141733175528,0.020501761284533092,3602,158,169,71,0.9005,0.0395,0.04225,0.01775,0.09950000000000003
2627,6,227,4000,2641,0.001,0.016525423496068895,0.020423084410405273,3600,153,180,67,0.9,0.03825,0.045,0.01675,0.09999999999999998
2628,6,228,4000,2642,0.001,0.01637970493360431,0.020445450929548033,3621,151,153,75,0.90525,0.03775,0.03825,0.01875,0.09475
2629,6,229,4000,2643,0.001,0.016194822471260233,0.020287435344850814,3626,140,171,63,0.9065,0.035,0.04275,0.01575,0.09350000000000003
2630,6,230,4000,2644,0.001,0.01603875897057791,0.020443686523660305,3660,140,143,57,0.915,0.035,0.03575,0.01425,0.08499999999999996
2631,6,231,4000,2645,0.001,0.016120863657266823,0.020272304086889965,3629,131,169,71,0.90725,0.03275,0.04225,0.01775,0.09275
2632,6,232,4000,2646,0.001,0.016103578096119765,0.020315178165984566,3646,129,157,68,0.9115,0.03225,0.03925,0.017,0.08850000000000002
2633,6,233,4000,2647,0.001,0.016079872670292327,0.020314773893655054,3631,137,157,75,0.90775,0.03425,0.03925,0.01875,0.09225000000000005
2634,6,234,4000,2648,0.001,0.015977658289525153,0.02036532525082206,3620,134,177,69,0.905,0.0335,0.04425,0.01725,0.09499999999999997
2635,6,235,4000,2649,0.001,0.015664578294410703,0.020330443895950377,3638,146,147,69,0.9095,0.0365,0.03675,0.01725,0.09050000000000002
2636,6,236,4000,2650,0.001,0.01572368933710637,0.020353792854851335,3665,115,162,58,0.91625,0.02875,0.0405,0.0145,0.08374999999999999
2637,6,237,4000,2651,0.001,0.015643745844420607,0.020258246442290524,3633,129,171,67,0.90825,0.03225,0.04275,0.01675,0.09175
2638,6,238,4000,2652,0.001,0.015438881286223475,0.020133532259403095,3629,136,170,65,0.90725,0.034,0.0425,0.01625,0.09275
2639,6,239,4000,2653,0.001,0.015475081921954906,0.020239088862396074,3632,153,149,66,0.908,0.03825,0.03725,0.0165,0.09199999999999997
2640,6,240,4000,2654,0.001,0.015459362378757065,0.02015288072674885,3626,146,167,61,0.9065,0.0365,0.04175,0.01525,0.09350000000000003
2641,6,241,4000,2655,0.001,0.015231281530606074,0.020020347831151242,3674,127,133,66,0.9185,0.03175,0.03325,0.0165,0.08150000000000002
2642,6,242,4000,2656,0.001,0.014895320645842213,0.019802239996753894,3671,116,160,53,0.91775,0.029,0.04,0.01325,0.08225000000000005
2643,6,243,4000,2657,0.001,0.014891551844546599,0.019796270053467346,3643,134,162,61,0.91075,0.0335,0.0405,0.01525,0.08925000000000005
2644,6,244,4000,2658,0.001,0.014888159526318445,0.019840555949330874,3648,122,156,74,0.912,0.0305,0.039,0.0185,0.08799999999999997
2645,6,245,4000,2659,0.001,0.015171369243933319,0.019862520486161644,3641,125,162,72,0.91025,0.03125,0.0405,0.018,0.08975
2646,6,246,4000,2660,0.001,0.015284240135938735,0.01991831275817098,3642,133,176,49,0.9105,0.03325,0.044,0.01225,0.08950000000000002
2647,6,247,4000,2661,0.001,0.015673780130713643,0.01994346719482767,3628,122,173,77,0.907,0.0305,0.04325,0.01925,0.09299999999999997
2648,6,248,4000,2662,0.001,0.015944455701546522,0.019938808006739514,3627,142,160,71,0.90675,0.0355,0.04,0.01775,0.09325000000000006
2649,6,249,4000,2663,0.001,0.01596553662167604,0.020042728800780653,3649,137,145,69,0.91225,0.03425,0.03625,0.01725,0.08775
2650,6,250,4000,2664,0.001,0.015935662108552663,0.019981974439992185,3621,149,160,70,0.90525,0.03725,0.04,0.0175,0.09475
2651,6,251,4000,2665,0.001,0.01594784963214673,0.020034964877794305,3622,131,170,77,0.9055,0.03275,0.0425,0.01925,0.09450000000000003
2652,6,252,4000,2666,0.001,0.01593900102436802,0.02009425199716438,3631,127,169,73,0.90775,0.03175,0.04225,0.01825,0.09225000000000005
2653,6,253,4000,2667,0.001,0.01577824858592467,0.020015280818632464,3651,115,169,65,0.91275,0.02875,0.04225,0.01625,0.08725000000000005
2654,6,254,4000,2668,0.001,0.01586684447075414,0.020101622673070467,3635,137,167,61,0.90875,0.03425,0.04175,0.01525,0.09125000000000005
2655,6,255,4000,2669,0.001,0.01583646483308136,0.02011326817687654,3635,126,175,64,0.90875,0.0315,0.04375,0.016,0.09125000000000005
2656,6,256,4000,2670,0.001,0.015427207461414145,0.019942950125012654,3629,134,183,54,0.90725,0.0335,0.04575,0.0135,0.09275
2657,6,257,4000,2671,0.001,0.015188549551256869,0.019930364342810668,3681,112,159,48,0.92025,0.028,0.03975,0.012,0.07974999999999999
2658,6,258,4000,2672,0.001,0.01549527693511729,0.0199330750566372,3674,103,163,60,0.9185,0.02575,0.04075,0.015,0.08150000000000002
2659,6,259,4000,2673,0.001,0.01572580936597818,0.02000485670873625,3643,143,155,59,0.91075,0.03575,0.03875,0.01475,0.08925000000000005
2660,6,260,4000,2674,0.001,0.015898112221034464,0.020010073161554644,3640,143,160,57,0.91,0.03575,0.04,0.01425,0.08999999999999997
2661,6,261,4000,2675,0.001,0.015643637928587268,0.019968375691603774,3597,156,165,82,0.89925,0.039,0.04125,0.0205,0.10075
2662,6,262,4000,2676,0.001,0.015748047321484063,0.019937626517494006,3638,123,170,69,0.9095,0.03075,0.0425,0.01725,0.09050000000000002
2663,6,263,4000,2677,0.001,0.016073496157579192,0.020023364583323152,3650,121,155,74,0.9125,0.03025,0.03875,0.0185,0.08750000000000002
2664,6,264,4000,2678,0.001,0.016145305318555528,0.01994942419215634,3628,113,187,72,0.907,0.02825,0.04675,0.018,0.09299999999999997
2665,6,265,4000,2679,0.001,0.016346201542957562,0.01990562361330228,3629,134,164,73,0.90725,0.0335,0.041,0.01825,0.09275
2666,6,266,4000,2680,0.001,0.016374854897091465,0.02002979898127833,3609,140,184,67,0.90225,0.035,0.046,0.01675,0.09775
2667,6,267,4000,2681,0.001,0.016393954561982813,0.01996700890678729,3637,138,153,72,0.90925,0.0345,0.03825,0.018,0.09075
2668,6,268,4000,2682,0.001,0.016494360248070314,0.0200220011023179,3626,140,174,60,0.9065,0.035,0.0435,0.015,0.09350000000000003
2669,6,269,4000,2683,0.001,0.01641592629973398,0.019935097056834862,3636,136,168,60,0.909,0.034,0.042,0.015,0.09099999999999997
2670,6,270,4000,2684,0.001,0.016638625382817126,0.01989818642069452,3632,133,172,63,0.908,0.03325,0.043,0.01575,0.09199999999999997
2671,6,271,4000,2685,0.001,0.01694034067736871,0.019696246566674475,3614,150,172,64,0.9035,0.0375,0.043,0.016,0.09650000000000003
2672,6,272,4000,2686,0.001,0.017155534818461562,0.019797918758257496,3636,129,168,67,0.909,0.03225,0.042,0.01675,0.09099999999999997
2673,6,273,4000,2687,0.001,0.01688219360296089,0.019674050883083674,3616,141,174,69,0.904,0.03525,0.0435,0.01725,0.09599999999999997
2674,6,274,4000,2688,0.001,0.016865745546622884,0.01972479651429094,3670,110,161,59,0.9175,0.0275,0.04025,0.01475,0.08250000000000002
2675,6,275,4000,2689,0.001,0.016729344853717524,0.019999573385849064,3644,119,166,71,0.911,0.02975,0.0415,0.01775,0.08899999999999997
2676,6,276,4000,2690,0.001,0.016746915908586638,0.019998795856228054,3643,129,174,54,0.91075,0.03225,0.0435,0.0135,0.08925000000000005
2677,6,277,4000,2691,0.001,0.016895114289840793,0.019972508219549795,3615,157,157,71,0.90375,0.03925,0.03925,0.01775,0.09624999999999995
2678,6,278,4000,2692,0.001,0.016840285738447133,0.019733347821590967,3634,124,171,71,0.9085,0.031,0.04275,0.01775,0.09150000000000003
2679,6,279,4000,2693,0.001,0.016650650534456735,0.019755321835607777,3636,147,146,71,0.909,0.03675,0.0365,0.01775,0.09099999999999997
2680,6,280,4000,2694,0.001,0.016525385041308845,0.019573122632386114,3601,154,164,81,0.90025,0.0385,0.041,0.02025,0.09975
2681,6,281,4000,2695,0.001,0.016452927111075936,0.01947889732437518,3652,133,148,67,0.913,0.03325,0.037,0.01675,0.08699999999999997
2682,6,282,4000,2696,0.001,0.01645483638688448,0.019486626983244826,3628,144,159,69,0.907,0.036,0.03975,0.01725,0.09299999999999997
2683,6,283,4000,2697,0.001,0.016740592253811002,0.01936299615493728,3600,141,195,64,0.9,0.03525,0.04875,0.016,0.09999999999999998
2684,6,284,4000,2698,0.001,0.016475874971555213,0.019466222569547924,3625,135,169,71,0.90625,0.03375,0.04225,0.01775,0.09375
2685,6,285,4000,2699,0.001,0.016526475910511138,0.019372609029309425,3657,117,168,58,0.91425,0.02925,0.042,0.0145,0.08574999999999999
2686,6,286,4000,2700,0.001,0.016530669991564488,0.019350296246760296,3648,132,157,63,0.912,0.033,0.03925,0.01575,0.08799999999999997
2687,6,287,4000,2701,0.001,0.016549301613957183,0.019272377236269952,3629,137,158,76,0.90725,0.03425,0.0395,0.019,0.09275
2688,6,288,4000,2702,0.001,0.016551821330747986,0.01917390539348201,3664,126,148,62,0.916,0.0315,0.037,0.0155,0.08399999999999996
2689,6,289,4000,2703,0.001,0.016226030980749328,0.018930907703325717,3651,125,148,76,0.91275,0.03125,0.037,0.019,0.08725000000000005
2690,6,290,4000,2704,0.001,0.016240705050623916,0.019039756322387587,3607,145,181,67,0.90175,0.03625,0.04525,0.01675,0.09824999999999995
2691,6,291,4000,2705,0.001,0.016404237526846523,0.019067769073363525,3671,119,150,60,0.91775,0.02975,0.0375,0.015,0.08225000000000005
2692,6,292,4000,2706,0.001,0.016494443538400304,0.01906370448879556,3668,120,148,64,0.917,0.03,0.037,0.016,0.08299999999999996
2693,6,293,4000,2707,0.001,0.016459870059387333,0.01921339761256286,3648,130,153,69,0.912,0.0325,0.03825,0.01725,0.08799999999999997
2694,6,294,4000,2708,0.001,0.016483164447951917,0.019103713550509195,3650,115,160,75,0.9125,0.02875,0.04,0.01875,0.08750000000000002
2695,6,295,4000,2709,0.001,0.016777756720057747,0.01920847945019761,3641,131,160,68,0.91025,0.03275,0.04,0.017,0.08975
2696,6,296,4000,2710,0.001,0.01694269740902062,0.019318465499907806,3622,135,173,70,0.9055,0.03375,0.04325,0.0175,0.09450000000000003
2697,6,297,4000,2711,0.001,0.016974865389946605,0.019340299742057317,3648,143,148,61,0.912,0.03575,0.037,0.01525,0.08799999999999997
2698,6,298,4000,2712,0.001,0.016987553809918562,0.01937322248239791,3606,149,174,71,0.9015,0.03725,0.0435,0.01775,0.09850000000000003
2699,6,299,4000,2713,0.001,0.0168537225849579,0.019298826749630387,3659,120,158,63,0.91475,0.03,0.0395,0.01575,0.08525000000000005
2700,6,300,4000,2714,0.001,0.016994325372424478,0.019340066504523454,3662,119,155,64,0.9155,0.02975,0.03875,0.016,0.08450000000000002
2701,6,301,4000,2715,0.001,0.01741954008682964,0.019317369210842417,3648,130,144,78,0.912,0.0325,0.036,0.0195,0.08799999999999997
2702,6,302,4000,2716,0.001,0.017384932614147374,0.019358742048855234,3605,150,179,66,0.90125,0.0375,0.04475,0.0165,0.09875
2703,6,303,4000,2717,0.001,0.01765175629664447,0.01942964333952416,3623,146,156,75,0.90575,0.0365,0.039,0.01875,0.09424999999999994
2704,6,304,4000,2718,0.001,0.017729766022646785,0.01944500487018384,3619,149,176,56,0.90475,0.03725,0.044,0.014,0.09524999999999995
2705,6,305,4000,2719,0.001,0.01762844661166553,0.019452263146494286,3606,139,199,56,0.9015,0.03475,0.04975,0.014,0.09850000000000003
2706,6,306,4000,2720,0.001,0.017914622366441937,0.019401352464564852,3628,147,161,64,0.907,0.03675,0.04025,0.016,0.09299999999999997
2707,6,307,4000,2721,0.001,0.01811362705823968,0.01950980881883962,3638,124,164,74,0.9095,0.031,0.041,0.0185,0.09050000000000002
2708,6,308,4000,2722,0.001,0.018472579630650156,0.01943319892871522,3619,134,173,74,0.90475,0.0335,0.04325,0.0185,0.09524999999999995
2709,6,309,4000,2723,0.001,0.01849124500570458,0.01967167597241215,3623,145,164,68,0.90575,0.03625,0.041,0.017,0.09424999999999994
2710,6,310,4000,2724,0.001,0.018625624499865455,0.019654622374433217,3612,115,186,87,0.903,0.02875,0.0465,0.02175,0.09699999999999998
2711,6,311,4000,2725,0.001,0.01883069752770653,0.019764874197055984,3595,143,173,89,0.89875,0.03575,0.04325,0.02225,0.10124999999999995
2712,6,312,4000,2726,0.001,0.019220564952606465,0.019783470426570388,3613,143,173,71,0.90325,0.03575,0.04325,0.01775,0.09675
2713,6,313,4000,2727,0.001,0.019225906994870864,0.01967832524978304,3606,133,183,78,0.9015,0.03325,0.04575,0.0195,0.09850000000000003
2714,6,314,4000,2728,0.001,0.019330169823640848,0.019721843580456498,3609,151,180,60,0.90225,0.03775,0.045,0.015,0.09775
2715,6,315,4000,2729,0.001,0.019337968273599064,0.019873860115057762,3585,151,185,79,0.89625,0.03775,0.04625,0.01975,0.10375000000000001
2716,6,316,4000,2730,0.001,0.019122261150139222,0.01986674333109152,3602,145,181,72,0.9005,0.03625,0.04525,0.018,0.09950000000000003
2717,6,317,4000,2731,0.001,0.01903438857756705,0.019751372433647253,3581,140,200,79,0.89525,0.035,0.05,0.01975,0.10475000000000001
2718,6,318,4000,2732,0.001,0.018992478811394042,0.019696863579859007,3620,141,161,78,0.905,0.03525,0.04025,0.0195,0.09499999999999997
2719,6,319,4000,2733,0.001,0.019248168107030634,0.019604556063393164,3597,159,164,80,0.89925,0.03975,0.041,0.02,0.10075
2720,6,320,4000,2734,0.001,0.01918871098088721,0.0195890995535109,3589,147,181,83,0.89725,0.03675,0.04525,0.02075,0.10275000000000001
2721,6,321,4000,2735,0.001,0.019824286095646976,0.019628154007366706,3591,142,187,80,0.89775,0.0355,0.04675,0.02,0.10224999999999995
2722,6,322,4000,2736,0.001,0.019608591133126064,0.019648259790842754,3617,134,179,70,0.90425,0.0335,0.04475,0.0175,0.09575
2723,6,323,4000,2737,0.001,0.019443503683073203,0.019774956855361164,3583,156,193,68,0.89575,0.039,0.04825,0.017,0.10424999999999995
2724,6,324,4000,2738,0.001,0.01970014274836046,0.01974410575697351,3609,132,181,78,0.90225,0.033,0.04525,0.0195,0.09775
2725,6,325,4000,2739,0.001,0.01931874665041246,0.019652002200885362,3599,149,176,76,0.89975,0.03725,0.044,0.019,0.10024999999999995
2726,6,326,4000,2740,0.001,0.019250571603237697,0.019637118924630634,3613,151,171,65,0.90325,0.03775,0.04275,0.01625,0.09675
2727,6,327,4000,2741,0.001,0.01938295006124909,0.01968349312793185,3579,139,204,78,0.89475,0.03475,0.051,0.0195,0.10524999999999995
2728,6,328,4000,2742,0.001,0.01941502296806756,0.019739552014166464,3609,160,176,55,0.90225,0.04,0.044,0.01375,0.09775
2729,6,329,4000,2743,0.001,0.01914401490459247,0.01971464661850981,3606,134,188,72,0.9015,0.0335,0.047,0.018,0.09850000000000003
2730,6,330,4000,2744,0.001,0.019228563915722353,0.01969266367680245,3593,158,187,62,0.89825,0.0395,0.04675,0.0155,0.10175000000000001
2731,6,331,4000,2745,0.001,0.019181962843194955,0.01979800295882744,3631,133,157,79,0.90775,0.03325,0.03925,0.01975,0.09225000000000005
2732,6,332,4000,2746,0.001,0.01936794731329705,0.019851324105823208,3604,158,151,87,0.901,0.0395,0.03775,0.02175,0.09899999999999998
2733,6,333,4000,2747,0.001,0.019762218217582023,0.019764317542404035,3577,174,169,80,0.89425,0.0435,0.04225,0.02,0.10575000000000001
2734,6,334,4000,2748,0.001,0.019747074845367793,0.019718902464604848,3598,157,182,63,0.8995,0.03925,0.0455,0.01575,0.10050000000000003
2735,6,335,4000,2749,0.001,0.019907025147693238,0.01966342856513812,3594,151,175,80,0.8985,0.03775,0.04375,0.02,0.10150000000000003
2736,6,336,4000,2750,0.001,0.02002279700875881,0.019737723683340744,3608,140,184,68,0.902,0.035,0.046,0.017,0.09799999999999998
2737,6,337,4000,2751,0.001,0.01995482035109583,0.019749019719938806,3576,127,208,89,0.894,0.03175,0.052,0.02225,0.10599999999999998
2738,6,338,4000,2752,0.001,0.019699941603138947,0.019716339936412943,3616,140,180,64,0.904,0.035,0.045,0.016,0.09599999999999997
2739,6,339,4000,2753,0.001,0.020494703912756377,0.01959161634434655,3551,152,199,98,0.88775,0.038,0.04975,0.0245,0.11224999999999996
2740,6,340,4000,2754,0.001,0.020473461504745643,0.01953777167904995,3560,162,194,84,0.89,0.0405,0.0485,0.021,0.10999999999999999
2741,6,341,4000,2755,0.001,0.020598782638141643,0.019480029151332214,3609,136,186,69,0.90225,0.034,0.0465,0.01725,0.09775
2742,6,342,4000,2756,0.001,0.02027117620947785,0.01960215186836954,3600,148,169,83,0.9,0.037,0.04225,0.02075,0.09999999999999998
2743,6,343,4000,2757,0.001,0.020177273771961223,0.019524259603033285,3561,148,203,88,0.89025,0.037,0.05075,0.022,0.10975000000000001
2744,6,344,4000,2758,0.001,0.020585508823739326,0.019423108497668738,3570,145,193,92,0.8925,0.03625,0.04825,0.023,0.10750000000000004
2745,6,345,4000,2759,0.001,0.0205379217815329,0.01939224524070885,3622,134,167,77,0.9055,0.0335,0.04175,0.01925,0.09450000000000003
2746,6,346,4000,2760,0.001,0.020395501412656617,0.019321695819592748,3570,178,170,82,0.8925,0.0445,0.0425,0.0205,0.10750000000000004
2747,6,347,4000,2761,0.001,0.020463713126997754,0.019338074557205914,3570,144,194,92,0.8925,0.036,0.0485,0.023,0.10750000000000004
2748,6,348,4000,2762,0.001,0.020621927183914285,0.019333303381383306,3548,164,203,85,0.887,0.041,0.05075,0.02125,0.11299999999999999
2749,6,349,4000,2763,0.001,0.020412603244524263,0.019250558380616928,3593,132,176,99,0.89825,0.033,0.044,0.02475,0.10175000000000001
2750,6,350,4000,2764,0.001,0.02037081576895399,0.019276289145845428,3595,148,178,79,0.89875,0.037,0.0445,0.01975,0.10124999999999995
2751,6,351,4000,2765,0.001,0.020209563566719164,0.019211614642424907,3608,129,181,82,0.902,0.03225,0.04525,0.0205,0.09799999999999998
2752,6,352,4000,2766,0.001,0.020067070798554357,0.019195393063840785,3604,127,193,76,0.901,0.03175,0.04825,0.019,0.09899999999999998
2753,6,353,4000,2767,0.001,0.019948449267459152,0.019189006327924155,3591,141,182,86,0.89775,0.03525,0.0455,0.0215,0.10224999999999995
2754,6,354,4000,2768,0.001,0.01981985129144842,0.01906018688259739,3604,145,188,63,0.901,0.03625,0.047,0.01575,0.09899999999999998
2755,6,355,4000,2769,0.001,0.019512380254715102,0.01904338270628962,3602,148,168,82,0.9005,0.037,0.042,0.0205,0.09950000000000003
2756,6,356,4000,2770,0.001,0.019216046293298452,0.019175897434609887,3612,139,181,68,0.903,0.03475,0.04525,0.017,0.09699999999999998
2757,6,357,4000,2771,0.001,0.01946021531932674,0.019066799298127202,3627,147,164,62,0.90675,0.03675,0.041,0.0155,0.09325000000000006
2758,6,358,4000,2772,0.001,0.019520554466065203,0.019144278223028718,3610,141,174,75,0.9025,0.03525,0.0435,0.01875,0.09750000000000003
2759,6,359,4000,2773,0.001,0.019689718757659562,0.019136063735144204,3585,166,168,81,0.89625,0.0415,0.042,0.02025,0.10375000000000001
2760,6,360,4000,2774,0.001,0.019972541922967674,0.01891881050766433,3590,144,174,92,0.8975,0.036,0.0435,0.023,0.10250000000000004
2761,6,361,4000,2775,0.001,0.019815551908374536,0.018789035812510665,3586,155,177,82,0.8965,0.03875,0.04425,0.0205,0.10350000000000004
2762,6,362,4000,2776,0.001,0.019711501353810643,0.018735873968713665,3594,151,182,73,0.8985,0.03775,0.0455,0.01825,0.10150000000000003
2763,6,363,4000,2777,0.001,0.019630898524674915,0.018667685379651924,3595,129,198,78,0.89875,0.03225,0.0495,0.0195,0.10124999999999995
2764,6,364,4000,2778,0.001,0.019497735059069356,0.0186881326521348,3592,146,178,84,0.898,0.0365,0.0445,0.021,0.10199999999999998
2765,6,365,4000,2779,0.001,0.01983597653379022,0.01865689177214626,3613,154,153,80,0.90325,0.0385,0.03825,0.02,0.09675
2766,6,366,4000,2780,0.001,0.019804612917382322,0.018675986745540375,3552,157,200,91,0.888,0.03925,0.05,0.02275,0.11199999999999999
2767,6,367,4000,2781,0.001,0.019442723671912715,0.018709260214364216,3613,121,188,78,0.90325,0.03025,0.047,0.0195,0.09675
2768,6,368,4000,2782,0.001,0.019682486859299082,0.01886172472143384,3596,136,179,89,0.899,0.034,0.04475,0.02225,0.10099999999999998
2769,6,369,4000,2783,0.001,0.02005501843425358,0.018813404246140086,3596,148,178,78,0.899,0.037,0.0445,0.0195,0.10099999999999998
2770,6,370,4000,2784,0.001,0.02014487102951292,0.018766013257583355,3606,146,172,76,0.9015,0.0365,0.043,0.019,0.09850000000000003
2771,6,371,4000,2785,0.001,0.020447186198295463,0.018835610401236262,3573,166,179,82,0.89325,0.0415,0.04475,0.0205,0.10675000000000001
2772,6,372,4000,2786,0.001,0.020644389276222818,0.01867426076668148,3617,132,170,81,0.90425,0.033,0.0425,0.02025,0.09575
2773,6,373,4000,2787,0.001,0.020626813936522343,0.018584240362440694,3599,153,163,85,0.89975,0.03825,0.04075,0.02125,0.10024999999999995
2774,6,374,4000,2788,0.001,0.020615749162904748,0.018588410716106115,3573,137,197,93,0.89325,0.03425,0.04925,0.02325,0.10675000000000001
2775,6,375,4000,2789,0.001,0.020642766688335444,0.018553133920338513,3622,128,176,74,0.9055,0.032,0.044,0.0185,0.09450000000000003
2776,6,376,4000,2790,0.001,0.02046278238083778,0.018495569476386156,3558,153,191,98,0.8895,0.03825,0.04775,0.0245,0.11050000000000004
2777,6,377,4000,2791,0.001,0.02049375899575111,0.01863924627904158,3604,147,175,74,0.901,0.03675,0.04375,0.0185,0.09899999999999998
2778,6,378,4000,2792,0.001,0.020424439097400365,0.01867620780208918,3570,152,209,69,0.8925,0.038,0.05225,0.01725,0.10750000000000004
2779,6,379,4000,2793,0.001,0.020739682116137245,0.018673252392153873,3591,155,182,72,0.89775,0.03875,0.0455,0.018,0.10224999999999995
2780,6,380,4000,2794,0.001,0.02062075919032205,0.018605321883149617,3592,136,174,98,0.898,0.034,0.0435,0.0245,0.10199999999999998
2781,6,381,4000,2795,0.001,0.02017328612633729,0.018686177067970888,3575,164,181,80,0.89375,0.041,0.04525,0.02,0.10624999999999996
2782,6,382,4000,2796,0.001,0.02026408725492655,0.01875074384358962,3601,160,166,73,0.90025,0.04,0.0415,0.01825,0.09975
2783,6,383,4000,2797,0.001,0.019817572000710517,0.01875255024909869,3586,128,193,93,0.8965,0.032,0.04825,0.02325,0.10350000000000004
2784,6,384,4000,2798,0.001,0.019886592825657183,0.018869849185543505,3585,144,193,78,0.89625,0.036,0.04825,0.0195,0.10375000000000001
2785,6,385,4000,2799,0.001,0.019948804336239766,0.018878799327909195,3566,155,195,84,0.8915,0.03875,0.04875,0.021,0.10850000000000004
2786,6,386,4000,2800,0.001,0.020056197527367682,0.019059647036314683,3601,146,167,86,0.90025,0.0365,0.04175,0.0215,0.09975
2787,6,387,4000,2801,0.001,0.02031814612081898,0.019083029804392047,3541,167,194,98,0.88525,0.04175,0.0485,0.0245,0.11475000000000002
2788,6,388,4000,2802,0.001,0.02054171874332636,0.019098966808358927,3568,157,189,86,0.892,0.03925,0.04725,0.0215,0.10799999999999998
2789,6,389,4000,2803,0.001,0.020595276991467522,0.019077395270479226,3592,151,184,73,0.898,0.03775,0.046,0.01825,0.10199999999999998
2790,6,390,4000,2804,0.001,0.02039113118916809,0.01911306068786957,3575,160,189,76,0.89375,0.04,0.04725,0.019,0.10624999999999996
2791,6,391,4000,2805,0.001,0.020022867661042474,0.019094376605619627,3593,156,172,79,0.89825,0.039,0.043,0.01975,0.10175000000000001
2792,6,392,4000,2806,0.001,0.019611679384951685,0.019095337977463954,3624,130,165,81,0.906,0.0325,0.04125,0.02025,0.09399999999999997
2793,6,393,4000,2807,0.001,0.01973474561517601,0.019198463014497662,3606,128,192,74,0.9015,0.032,0.048,0.0185,0.09850000000000003
2794,6,394,4000,2808,0.001,0.019668714512808855,0.019240250009198698,3596,145,193,66,0.899,0.03625,0.04825,0.0165,0.10099999999999998
2795,6,395,4000,2809,0.001,0.019760826826859704,0.019206715222536135,3558,167,203,72,0.8895,0.04175,0.05075,0.018,0.11050000000000004
2796,6,396,4000,2810,0.001,0.020139750729975057,0.019280491667070132,3569,139,202,90,0.89225,0.03475,0.0505,0.0225,0.10775000000000001
2797,6,397,4000,2811,0.001,0.01979855031391578,0.01931540651686197,3593,139,189,79,0.89825,0.03475,0.04725,0.01975,0.10175000000000001
2798,6,398,4000,2812,0.001,0.020121780027994803,0.019382657586305026,3609,138,175,78,0.90225,0.0345,0.04375,0.0195,0.09775
2799,6,399,4000,2813,0.001,0.020157492941105044,0.019588270406343488,3612,123,181,84,0.903,0.03075,0.04525,0.021,0.09699999999999998
2800,7,0,4000,2815,0.001,0.00986698046231172,0.01988775958361995,3735,108,117,40,0.93375,0.027,0.02925,0.01,0.06625000000000003
2801,7,1,4000,2816,0.001,0.009948788164733454,0.019948291989976937,3700,123,128,49,0.925,0.03075,0.032,0.01225,0.07499999999999996
2802,7,2,4000,2817,0.001,0.010094930710484269,0.019946044453370348,3708,116,135,41,0.927,0.029,0.03375,0.01025,0.07299999999999995
2803,7,3,4000,2818,0.001,0.009947711829370908,0.01997777455771363,3706,130,124,40,0.9265,0.0325,0.031,0.01,0.07350000000000001
2804,7,4,4000,2819,0.001,0.009779967999852883,0.02010129196771083,3681,126,150,43,0.92025,0.0315,0.0375,0.01075,0.07974999999999999
2805,7,5,4000,2820,0.001,0.009602478576149574,0.019920519315093824,3715,117,131,37,0.92875,0.02925,0.03275,0.00925,0.07125000000000004
2806,7,6,4000,2821,0.001,0.00971876874223553,0.02000468299400652,3725,95,135,45,0.93125,0.02375,0.03375,0.01125,0.06874999999999998
2807,7,7,4000,2822,0.001,0.009640857745751633,0.02005740650866293,3726,116,125,33,0.9315,0.029,0.03125,0.00825,0.0685
2808,7,8,4000,2823,0.001,0.009736562282000467,0.019957418842391706,3712,119,131,38,0.928,0.02975,0.03275,0.0095,0.07199999999999995
2809,7,9,4000,2824,0.001,0.009734668553721328,0.01987836272229741,3691,125,143,41,0.92275,0.03125,0.03575,0.01025,0.07725000000000004
2810,7,10,4000,2825,0.001,0.010060523928064358,0.0198026285222518,3727,108,129,36,0.93175,0.027,0.03225,0.009,0.06825000000000003
2811,7,11,4000,2826,0.001,0.009934432333971151,0.019719734059581093,3702,123,135,40,0.9255,0.03075,0.03375,0.01,0.07450000000000001
2812,7,12,4000,2827,0.001,0.010018418858019311,0.019621324523707778,3706,111,130,53,0.9265,0.02775,0.0325,0.01325,0.07350000000000001
2813,7,13,4000,2828,0.001,0.010117364469021558,0.019638374068226012,3705,124,125,46,0.92625,0.031,0.03125,0.0115,0.07374999999999998
2814,7,14,4000,2829,0.001,0.009906947885997315,0.01968405631874244,3728,112,133,27,0.932,0.028,0.03325,0.00675,0.06799999999999995
2815,7,15,4000,2830,0.001,0.00956144175062515,0.019686737066550972,3719,117,126,38,0.92975,0.02925,0.0315,0.0095,0.07025000000000003
2816,7,16,4000,2831,0.001,0.009744433588966395,0.01974772903993525,3750,100,115,35,0.9375,0.025,0.02875,0.00875,0.0625
2817,7,17,4000,2832,0.001,0.009373423132632421,0.019697322899894888,3732,106,125,37,0.933,0.0265,0.03125,0.00925,0.06699999999999995
2818,7,18,4000,2833,0.001,0.009578048837475239,0.019750244399937906,3741,104,114,41,0.93525,0.026,0.0285,0.01025,0.06474999999999997
2819,7,19,4000,2834,0.001,0.009680981198552466,0.019686838605590437,3713,116,122,49,0.92825,0.029,0.0305,0.01225,0.07174999999999998
2820,7,20,4000,2835,0.001,0.00966346192022264,0.019912175445169444,3697,119,137,47,0.92425,0.02975,0.03425,0.01175,0.07574999999999998
2821,7,21,4000,2836,0.001,0.009459819046108995,0.01981483962767939,3724,111,121,44,0.931,0.02775,0.03025,0.011,0.06899999999999995
2822,7,22,4000,2837,0.001,0.009070281158287282,0.019865876340666746,3729,119,120,32,0.93225,0.02975,0.03,0.008,0.06774999999999998
2823,7,23,4000,2838,0.001,0.00910684939298629,0.01980847097993365,3739,89,140,32,0.93475,0.02225,0.035,0.008,0.06525000000000003
2824,7,24,4000,2839,0.001,0.008763213830988091,0.019527763230251134,3754,91,125,30,0.9385,0.02275,0.03125,0.0075,0.0615
2825,7,25,4000,2840,0.001,0.008673157105287049,0.01959689212138935,3755,108,111,26,0.93875,0.027,0.02775,0.0065,0.06125000000000003
2826,7,26,4000,2841,0.001,0.00861889883956962,0.019664642534442677,3725,110,126,39,0.93125,0.0275,0.0315,0.00975,0.06874999999999998
2827,7,27,4000,2842,0.001,0.008741606841358256,0.019653899777264755,3740,95,136,29,0.935,0.02375,0.034,0.00725,0.06499999999999995
2828,7,28,4000,2843,0.001,0.00874114733328182,0.01959589884881802,3720,96,144,40,0.93,0.024,0.036,0.01,0.06999999999999995
2829,7,29,4000,2844,0.001,0.008552800444950267,0.01969036047614995,3704,116,143,37,0.926,0.029,0.03575,0.00925,0.07399999999999995
2830,7,30,4000,2845,0.001,0.00870406217436567,0.019649368425685945,3729,117,126,28,0.93225,0.02925,0.0315,0.007,0.06774999999999998
2831,7,31,4000,2846,0.001,0.00855750461135484,0.019706628388696627,3737,110,116,37,0.93425,0.0275,0.029,0.00925,0.06574999999999998
2832,7,32,4000,2847,0.001,0.008333038446949841,0.01972699989210591,3754,104,116,26,0.9385,0.026,0.029,0.0065,0.0615
2833,7,33,4000,2848,0.001,0.008116434173947522,0.019655907589174727,3765,91,104,40,0.94125,0.02275,0.026,0.01,0.05874999999999997
2834,7,34,4000,2849,0.001,0.008276749880517038,0.019638362483910314,3713,114,135,38,0.92825,0.0285,0.03375,0.0095,0.07174999999999998
2835,7,35,4000,2850,0.001,0.008259333993842441,0.019552494017034263,3756,93,114,37,0.939,0.02325,0.0285,0.00925,0.061000000000000054
2836,7,36,4000,2851,0.001,0.008184883567494862,0.019560744473596122,3727,111,128,34,0.93175,0.02775,0.032,0.0085,0.06825000000000003
2837,7,37,4000,2852,0.001,0.008221857180520402,0.019427753793982084,3722,120,122,36,0.9305,0.03,0.0305,0.009,0.0695
2838,7,38,4000,2853,0.001,0.008418893997962005,0.01953595460977615,3761,86,124,29,0.94025,0.0215,0.031,0.00725,0.05974999999999997
2839,7,39,4000,2854,0.001,0.008360501807097664,0.019655261402551694,3747,108,110,35,0.93675,0.027,0.0275,0.00875,0.06325000000000003
2840,7,40,4000,2855,0.001,0.008599465031644538,0.019642486106362354,3711,126,125,38,0.92775,0.0315,0.03125,0.0095,0.07225000000000004
2841,7,41,4000,2856,0.001,0.008473976407220297,0.019717729049033385,3740,83,140,37,0.935,0.02075,0.035,0.00925,0.06499999999999995
2842,7,42,4000,2857,0.001,0.008306818147205679,0.019593150427011305,3728,108,129,35,0.932,0.027,0.03225,0.00875,0.06799999999999995
2843,7,43,4000,2858,0.001,0.007935504711475444,0.01970240867790339,3758,105,105,32,0.9395,0.02625,0.02625,0.008,0.0605
2844,7,44,4000,2859,0.001,0.008601658888386425,0.019756343120910177,3730,115,125,30,0.9325,0.02875,0.03125,0.0075,0.0675
2845,7,45,4000,2860,0.001,0.008660299844671539,0.019838236791730107,3703,114,142,41,0.92575,0.0285,0.0355,0.01025,0.07425000000000004
2846,7,46,4000,2861,0.001,0.00863471648477294,0.0198555889109272,3722,110,119,49,0.9305,0.0275,0.02975,0.01225,0.0695
2847,7,47,4000,2862,0.001,0.0086805394999515,0.019962345329284658,3714,119,128,39,0.9285,0.02975,0.032,0.00975,0.07150000000000001
2848,7,48,4000,2863,0.001,0.008772786816561781,0.01980960148550066,3724,120,120,36,0.931,0.03,0.03,0.009,0.06899999999999995
2849,7,49,4000,2864,0.001,0.008778920503687143,0.01989931299742196,3739,104,126,31,0.93475,0.026,0.0315,0.00775,0.06525000000000003
2850,7,50,4000,2865,0.001,0.008659148955165105,0.01999298224276627,3728,116,125,31,0.932,0.029,0.03125,0.00775,0.06799999999999995
2851,7,51,4000,2866,0.001,0.00886714556312756,0.01983961842554129,3734,104,132,30,0.9335,0.026,0.033,0.0075,0.0665
2852,7,52,4000,2867,0.001,0.00904390127995213,0.01994784463042194,3704,116,147,33,0.926,0.029,0.03675,0.00825,0.07399999999999995
2853,7,53,4000,2868,0.001,0.008832485517737153,0.01981648753094336,3735,110,113,42,0.93375,0.0275,0.02825,0.0105,0.06625000000000003
2854,7,54,4000,2869,0.001,0.009048379124523763,0.01975355267383878,3725,116,121,38,0.93125,0.029,0.03025,0.0095,0.06874999999999998
2855,7,55,4000,2870,0.001,0.009339243670256356,0.019804374015108428,3702,118,135,45,0.9255,0.0295,0.03375,0.01125,0.07450000000000001
2856,7,56,4000,2871,0.001,0.009643316594661147,0.019618457008769605,3717,118,128,37,0.92925,0.0295,0.032,0.00925,0.07074999999999998
2857,7,57,4000,2872,0.001,0.009779174293374849,0.019507288924353366,3690,123,147,40,0.9225,0.03075,0.03675,0.01,0.07750000000000001
2858,7,58,4000,2873,0.001,0.009525421626815345,0.01960590185568208,3730,103,128,39,0.9325,0.02575,0.032,0.00975,0.0675
2859,7,59,4000,2874,0.001,0.00945909321856742,0.019806117516066066,3708,123,124,45,0.927,0.03075,0.031,0.01125,0.07299999999999995
2860,7,60,4000,2875,0.001,0.008996232706688879,0.01950787914807051,3729,114,115,42,0.93225,0.0285,0.02875,0.0105,0.06774999999999998
2861,7,61,4000,2876,0.001,0.00876907499855124,0.01946553093773977,3730,104,135,31,0.9325,0.026,0.03375,0.00775,0.0675
2862,7,62,4000,2877,0.001,0.008749558188803516,0.019538010196864877,3744,113,114,29,0.936,0.02825,0.0285,0.00725,0.06399999999999995
2863,7,63,4000,2878,0.001,0.009016094417907206,0.01963744515025718,3729,111,127,33,0.93225,0.02775,0.03175,0.00825,0.06774999999999998
2864,7,64,4000,2879,0.001,0.00888496104084191,0.019589814616025006,3704,121,139,36,0.926,0.03025,0.03475,0.009,0.07399999999999995
2865,7,65,4000,2880,0.001,0.009364396850098176,0.019576987895476152,3741,107,119,33,0.93525,0.02675,0.02975,0.00825,0.06474999999999997
2866,7,66,4000,2881,0.001,0.009356962076757763,0.019500556081125487,3758,95,118,29,0.9395,0.02375,0.0295,0.00725,0.0605
2867,7,67,4000,2882,0.001,0.009468765378770916,0.0196618708644852,3765,97,108,30,0.94125,0.02425,0.027,0.0075,0.05874999999999997
2868,7,68,4000,2883,0.001,0.00958277529712353,0.019457670498540403,3715,103,143,39,0.92875,0.02575,0.03575,0.00975,0.07125000000000004
2869,7,69,4000,2884,0.001,0.009779590237577412,0.01924727094637461,3719,114,125,42,0.92975,0.0285,0.03125,0.0105,0.07025000000000003
2870,7,70,4000,2885,0.001,0.009602150475933036,0.019126473904421078,3719,121,119,41,0.92975,0.03025,0.02975,0.01025,0.07025000000000003
2871,7,71,4000,2886,0.001,0.009853073766006458,0.019115616606692153,3757,109,99,35,0.93925,0.02725,0.02475,0.00875,0.06074999999999997
2872,7,72,4000,2887,0.001,0.009810967308759945,0.019230390803182694,3722,113,128,37,0.9305,0.02825,0.032,0.00925,0.0695
2873,7,73,4000,2888,0.001,0.009840379406698192,0.019296039153575823,3717,104,139,40,0.92925,0.026,0.03475,0.01,0.07074999999999998
2874,7,74,4000,2889,0.001,0.010249180668101586,0.01935361333174887,3695,120,137,48,0.92375,0.03,0.03425,0.012,0.07625000000000004
2875,7,75,4000,2890,0.001,0.010432431368438685,0.019111580154415202,3698,120,137,45,0.9245,0.03,0.03425,0.01125,0.07550000000000001
2876,7,76,4000,2891,0.001,0.010653750302745593,0.01924820736885662,3735,104,119,42,0.93375,0.026,0.02975,0.0105,0.06625000000000003
2877,7,77,4000,2892,0.001,0.010869951455703818,0.019231817674740595,3675,126,148,51,0.91875,0.0315,0.037,0.01275,0.08125000000000004
2878,7,78,4000,2893,0.001,0.011018182401876494,0.019210656064176372,3708,109,125,58,0.927,0.02725,0.03125,0.0145,0.07299999999999995
2879,7,79,4000,2894,0.001,0.011187749790125372,0.019363502769873118,3693,113,140,54,0.92325,0.02825,0.035,0.0135,0.07674999999999998
2880,7,80,4000,2895,0.001,0.010954247691301404,0.0193926692844223,3696,110,144,50,0.924,0.0275,0.036,0.0125,0.07599999999999996
2881,7,81,4000,2896,0.001,0.01103998599536394,0.019555307382107964,3698,126,127,49,0.9245,0.0315,0.03175,0.01225,0.07550000000000001
2882,7,82,4000,2897,0.001,0.010992037653643625,0.01955317464869389,3703,117,130,50,0.92575,0.02925,0.0325,0.0125,0.07425000000000004
2883,7,83,4000,2898,0.001,0.010757919082157709,0.01930837001711543,3706,122,131,41,0.9265,0.0305,0.03275,0.01025,0.07350000000000001
2884,7,84,4000,2899,0.001,0.010386596070988904,0.019196702506322917,3695,102,157,46,0.92375,0.0255,0.03925,0.0115,0.07625000000000004
2885,7,85,4000,2900,0.001,0.010751373811710629,0.01911339545844193,3726,104,130,40,0.9315,0.026,0.0325,0.01,0.0685
2886,7,86,4000,2901,0.001,0.010461129289971942,0.019262713076161817,3711,101,146,42,0.92775,0.02525,0.0365,0.0105,0.07225000000000004
2887,7,87,4000,2902,0.001,0.010501671074861416,0.019209733171441236,3710,125,124,41,0.9275,0.03125,0.031,0.01025,0.07250000000000001
2888,7,88,4000,2903,0.001,0.010572512095569735,0.01922518742583155,3703,116,138,43,0.92575,0.029,0.0345,0.01075,0.07425000000000004
2889,7,89,4000,2904,0.001,0.010398555275323157,0.019164019101638938,3688,126,140,46,0.922,0.0315,0.035,0.0115,0.07799999999999996
2890,7,90,4000,2905,0.001,0.010553770159128178,0.019086443716301863,3739,92,126,43,0.93475,0.023,0.0315,0.01075,0.06525000000000003
2891,7,91,4000,2906,0.001,0.010734133437398274,0.01897797531926445,3728,103,129,40,0.932,0.02575,0.03225,0.01,0.06799999999999995
2892,7,92,4000,2907,0.001,0.010843687377636697,0.01900705454375943,3727,126,107,40,0.93175,0.0315,0.02675,0.01,0.06825000000000003
2893,7,93,4000,2908,0.001,0.010615115152374819,0.01899099397449289,3714,123,125,38,0.9285,0.03075,0.03125,0.0095,0.07150000000000001
2894,7,94,4000,2909,0.001,0.010672457463361058,0.019006709723682062,3707,102,132,59,0.92675,0.0255,0.033,0.01475,0.07325000000000004
2895,7,95,4000,2910,0.001,0.010698221419409295,0.019190281639165446,3748,101,116,35,0.937,0.02525,0.029,0.00875,0.06299999999999994
2896,7,96,4000,2911,0.001,0.010704765952556667,0.019294902798605667,3734,108,118,40,0.9335,0.027,0.0295,0.01,0.0665
2897,7,97,4000,2912,0.001,0.010583554702529238,0.019157651482428345,3712,105,132,51,0.928,0.02625,0.033,0.01275,0.07199999999999995
2898,7,98,4000,2913,0.001,0.010454668028331112,0.01922403562661692,3705,107,145,43,0.92625,0.02675,0.03625,0.01075,0.07374999999999998
2899,7,99,4000,2914,0.001,0.010453080027180244,0.01939094090568956,3693,113,152,42,0.92325,0.02825,0.038,0.0105,0.07674999999999998
2900,7,100,4000,2915,0.001,0.010511481937346013,0.01937056130333331,3723,115,116,46,0.93075,0.02875,0.029,0.0115,0.06925000000000003
2901,7,101,4000,2916,0.001,0.01042361058224408,0.01918328219339429,3736,101,119,44,0.934,0.02525,0.02975,0.011,0.06599999999999995
2902,7,102,4000,2917,0.001,0.010283171503096166,0.019224238136298397,3735,102,118,45,0.93375,0.0255,0.0295,0.01125,0.06625000000000003
2903,7,103,4000,2918,0.001,0.01031892806128974,0.01942470293421719,3695,109,155,41,0.92375,0.02725,0.03875,0.01025,0.07625000000000004
2904,7,104,4000,2919,0.001,0.010610849297691195,0.019492413268777264,3696,120,142,42,0.924,0.03,0.0355,0.0105,0.07599999999999996
2905,7,105,4000,2920,0.001,0.010722753664865341,0.01948600964214984,3699,111,138,52,0.92475,0.02775,0.0345,0.013,0.07525000000000004
2906,7,106,4000,2921,0.001,0.010577575045313368,0.019645305587650062,3697,124,127,52,0.92425,0.031,0.03175,0.013,0.07574999999999998
2907,7,107,4000,2922,0.001,0.010823104881923935,0.019429371711454046,3682,118,153,47,0.9205,0.0295,0.03825,0.01175,0.07950000000000002
2908,7,108,4000,2923,0.001,0.010642703402489444,0.019288741946249528,3742,110,112,36,0.9355,0.0275,0.028,0.009,0.0645
2909,7,109,4000,2924,0.001,0.010630941554509629,0.01943747408761118,3684,124,150,42,0.921,0.031,0.0375,0.0105,0.07899999999999996
2910,7,110,4000,2925,0.001,0.010724193030027836,0.019603811852002984,3732,106,134,28,0.933,0.0265,0.0335,0.007,0.06699999999999995
2911,7,111,4000,2926,0.001,0.0106900104004724,0.0197090387798921,3706,118,122,54,0.9265,0.0295,0.0305,0.0135,0.07350000000000001
2912,7,112,4000,2927,0.001,0.010887042881795362,0.01957498746362349,3703,121,136,40,0.92575,0.03025,0.034,0.01,0.07425000000000004
2913,7,113,4000,2928,0.001,0.011057379257735875,0.01960772325312133,3710,104,141,45,0.9275,0.026,0.03525,0.01125,0.07250000000000001
2914,7,114,4000,2929,0.001,0.011332243363127404,0.01934546032600697,3700,108,137,55,0.925,0.027,0.03425,0.01375,0.07499999999999996
2915,7,115,4000,2930,0.001,0.011542651806101038,0.019304791361213238,3681,101,162,56,0.92025,0.02525,0.0405,0.014,0.07974999999999999
2916,7,116,4000,2931,0.001,0.011706304652207924,0.019418411638584453,3702,109,141,48,0.9255,0.02725,0.03525,0.012,0.07450000000000001
2917,7,117,4000,2932,0.001,0.011530962715603388,0.019288149546603104,3700,116,140,44,0.925,0.029,0.035,0.011,0.07499999999999996
2918,7,118,4000,2933,0.001,0.011556884487846718,0.019276739282403726,3726,105,124,45,0.9315,0.02625,0.031,0.01125,0.0685
2919,7,119,4000,2934,0.001,0.011593640567277396,0.019334816565585868,3690,127,134,49,0.9225,0.03175,0.0335,0.01225,0.07750000000000001
2920,7,120,4000,2935,0.001,0.011612552991884337,0.019356042790188595,3668,142,145,45,0.917,0.0355,0.03625,0.01125,0.08299999999999996
2921,7,121,4000,2936,0.001,0.011605481522319517,0.01926707157751706,3688,113,154,45,0.922,0.02825,0.0385,0.01125,0.07799999999999996
2922,7,122,4000,2937,0.001,0.011575514114986507,0.019426306739938115,3687,115,145,53,0.92175,0.02875,0.03625,0.01325,0.07825000000000004
2923,7,123,4000,2938,0.001,0.011537930716368291,0.019480778925480606,3689,123,140,48,0.92225,0.03075,0.035,0.012,0.07774999999999999
2924,7,124,4000,2939,0.001,0.011422421237703283,0.01947503006914483,3704,126,133,37,0.926,0.0315,0.03325,0.00925,0.07399999999999995
2925,7,125,4000,2940,0.001,0.011581256608731768,0.01944505885549978,3699,111,149,41,0.92475,0.02775,0.03725,0.01025,0.07525000000000004
2926,7,126,4000,2941,0.001,0.01165749993572378,0.019466603962092096,3716,93,136,55,0.929,0.02325,0.034,0.01375,0.07099999999999995
2927,7,127,4000,2942,0.001,0.011496078537872734,0.019310326358306675,3711,110,131,48,0.92775,0.0275,0.03275,0.012,0.07225000000000004
2928,7,128,4000,2943,0.001,0.011650440144748418,0.019400574925981084,3719,116,132,33,0.92975,0.029,0.033,0.00825,0.07025000000000003
2929,7,129,4000,2944,0.001,0.011682486198622302,0.01950094399623661,3693,108,142,57,0.92325,0.027,0.0355,0.01425,0.07674999999999998
2930,7,130,4000,2945,0.001,0.011587359145711584,0.019481183117086583,3675,138,150,37,0.91875,0.0345,0.0375,0.00925,0.08125000000000004
2931,7,131,4000,2946,0.001,0.01180939400663511,0.019362729675538422,3702,104,151,43,0.9255,0.026,0.03775,0.01075,0.07450000000000001
2932,7,132,4000,2947,0.001,0.011988861356981025,0.019455643524493284,3711,109,127,53,0.92775,0.02725,0.03175,0.01325,0.07225000000000004
2933,7,133,4000,2948,0.001,0.012161616918213176,0.019392274955966685,3728,108,115,49,0.932,0.027,0.02875,0.01225,0.06799999999999995
2934,7,134,4000,2949,0.001,0.012141536170501002,0.019446141046919864,3666,135,141,58,0.9165,0.03375,0.03525,0.0145,0.08350000000000002
2935,7,135,4000,2950,0.001,0.011730574121746941,0.019522795743628835,3661,139,155,45,0.91525,0.03475,0.03875,0.01125,0.08474999999999999
2936,7,136,4000,2951,0.001,0.011998918642797483,0.01941210815144188,3677,123,146,54,0.91925,0.03075,0.0365,0.0135,0.08074999999999999
2937,7,137,4000,2952,0.001,0.011675630953472477,0.019414447649188746,3689,136,139,36,0.92225,0.034,0.03475,0.009,0.07774999999999999
2938,7,138,4000,2953,0.001,0.011654804458868125,0.019380427995845394,3696,116,145,43,0.924,0.029,0.03625,0.01075,0.07599999999999996
2939,7,139,4000,2954,0.001,0.011455651439622197,0.019456197830060914,3672,138,145,45,0.918,0.0345,0.03625,0.01125,0.08199999999999996
2940,7,140,4000,2955,0.001,0.011318069138570733,0.019691852113816195,3698,124,141,37,0.9245,0.031,0.03525,0.00925,0.07550000000000001
2941,7,141,4000,2956,0.001,0.011337690230509082,0.019764723066546717,3730,103,121,46,0.9325,0.02575,0.03025,0.0115,0.0675
2942,7,142,4000,2957,0.001,0.011265432436927233,0.019867378255630005,3718,122,128,32,0.9295,0.0305,0.032,0.008,0.07050000000000001
2943,7,143,4000,2958,0.001,0.011517295716902647,0.019929145602839322,3698,118,139,45,0.9245,0.0295,0.03475,0.01125,0.07550000000000001
2944,7,144,4000,2959,0.001,0.01138776699446288,0.01994210679053452,3694,117,139,50,0.9235,0.02925,0.03475,0.0125,0.07650000000000001
2945,7,145,4000,2960,0.001,0.011609424043880183,0.01984539831961422,3699,128,119,54,0.92475,0.032,0.02975,0.0135,0.07525000000000004
2946,7,146,4000,2961,0.001,0.011593052076411254,0.019956362233020313,3673,131,150,46,0.91825,0.03275,0.0375,0.0115,0.08174999999999999
2947,7,147,4000,2962,0.001,0.011639453104516584,0.019964449262824525,3727,95,126,52,0.93175,0.02375,0.0315,0.013,0.06825000000000003
2948,7,148,4000,2963,0.001,0.01146880360330662,0.019974442951521933,3693,120,139,48,0.92325,0.03,0.03475,0.012,0.07674999999999998
2949,7,149,4000,2964,0.001,0.01140593228214393,0.020068055172764644,3659,148,159,34,0.91475,0.037,0.03975,0.0085,0.08525000000000005
2950,7,150,4000,2965,0.001,0.011551359550896595,0.020077671142156774,3694,122,137,47,0.9235,0.0305,0.03425,0.01175,0.07650000000000001
2951,7,151,4000,2966,0.001,0.011700810883736236,0.020102476129922556,3727,107,117,49,0.93175,0.02675,0.02925,0.01225,0.06825000000000003
2952,7,152,4000,2967,0.001,0.011353269462485886,0.02018749963503841,3667,131,147,55,0.91675,0.03275,0.03675,0.01375,0.08325000000000005
2953,7,153,4000,2968,0.001,0.01121169167646679,0.020312892738086414,3677,130,145,48,0.91925,0.0325,0.03625,0.012,0.08074999999999999
2954,7,154,4000,2969,0.001,0.011107888674081176,0.02041631365731835,3680,129,126,65,0.92,0.03225,0.0315,0.01625,0.07999999999999996
2955,7,155,4000,2970,0.001,0.011512595360105812,0.02047534731081239,3685,124,134,57,0.92125,0.031,0.0335,0.01425,0.07874999999999999
2956,7,156,4000,2971,0.001,0.011715727624228104,0.020459792905285292,3689,125,148,38,0.92225,0.03125,0.037,0.0095,0.07774999999999999
2957,7,157,4000,2972,0.001,0.011598944856162169,0.020510877980757257,3716,112,122,50,0.929,0.028,0.0305,0.0125,0.07099999999999995
2958,7,158,4000,2973,0.001,0.011892720687844393,0.0204629519327886,3686,123,142,49,0.9215,0.03075,0.0355,0.01225,0.07850000000000001
2959,7,159,4000,2974,0.001,0.01177845773559404,0.02048024448237702,3729,120,109,42,0.93225,0.03,0.02725,0.0105,0.06774999999999998
2960,7,160,4000,2975,0.001,0.011525434133257018,0.020473740528036743,3663,128,162,47,0.91575,0.032,0.0405,0.01175,0.08425000000000005
2961,7,161,4000,2976,0.001,0.011534454880975984,0.020463931289206115,3686,125,131,58,0.9215,0.03125,0.03275,0.0145,0.07850000000000001
2962,7,162,4000,2977,0.001,0.011499123053714142,0.0204473560640748,3687,126,146,41,0.92175,0.0315,0.0365,0.01025,0.07825000000000004
2963,7,163,4000,2978,0.001,0.011662300299247143,0.02042357872197847,3696,122,151,31,0.924,0.0305,0.03775,0.00775,0.07599999999999996
2964,7,164,4000,2979,0.001,0.01125721948973907,0.020548529861044107,3707,117,128,48,0.92675,0.02925,0.032,0.012,0.07325000000000004
2965,7,165,4000,2980,0.001,0.011389809445778084,0.020717498977616332,3709,113,126,52,0.92725,0.02825,0.0315,0.013,0.07274999999999998
2966,7,166,4000,2981,0.001,0.011411738261256073,0.020778642936947898,3694,115,135,56,0.9235,0.02875,0.03375,0.014,0.07650000000000001
2967,7,167,4000,2982,0.001,0.011345842275763192,0.020753531564820224,3708,129,111,52,0.927,0.03225,0.02775,0.013,0.07299999999999995
2968,7,168,4000,2983,0.001,0.011425783447403429,0.02076428435081372,3681,110,153,56,0.92025,0.0275,0.03825,0.014,0.07974999999999999
2969,7,169,4000,2984,0.001,0.011434102605515105,0.020753748735491673,3698,122,132,48,0.9245,0.0305,0.033,0.012,0.07550000000000001
2970,7,170,4000,2985,0.001,0.011738361576872577,0.020869413861300007,3695,123,133,49,0.92375,0.03075,0.03325,0.01225,0.07625000000000004
2971,7,171,4000,2986,0.001,0.01156921651657043,0.020875411722695178,3698,119,134,49,0.9245,0.02975,0.0335,0.01225,0.07550000000000001
2972,7,172,4000,2987,0.001,0.011955309318380115,0.020702332655365495,3672,131,145,52,0.918,0.03275,0.03625,0.013,0.08199999999999996
2973,7,173,4000,2988,0.001,0.011893337549620662,0.02071282320067349,3676,123,141,60,0.919,0.03075,0.03525,0.015,0.08099999999999996
2974,7,174,4000,2989,0.001,0.01194083143565469,0.020717755465694564,3706,116,149,29,0.9265,0.029,0.03725,0.00725,0.07350000000000001
2975,7,175,4000,2990,0.001,0.012352087662476105,0.020710555672853334,3692,126,135,47,0.923,0.0315,0.03375,0.01175,0.07699999999999996
2976,7,176,4000,2991,0.001,0.012277738769361828,0.020631824231303282,3691,124,130,55,0.92275,0.031,0.0325,0.01375,0.07725000000000004
2977,7,177,4000,2992,0.001,0.012538104096197248,0.020562793066642313,3702,118,113,67,0.9255,0.0295,0.02825,0.01675,0.07450000000000001
2978,7,178,4000,2993,0.001,0.012243907530174979,0.020564164059639154,3652,140,144,64,0.913,0.035,0.036,0.016,0.08699999999999997
2979,7,179,4000,2994,0.001,0.012269126741070422,0.02066387303706434,3687,121,142,50,0.92175,0.03025,0.0355,0.0125,0.07825000000000004
2980,7,180,4000,2995,0.001,0.012655401324300264,0.02056496374584259,3690,129,129,52,0.9225,0.03225,0.03225,0.013,0.07750000000000001
2981,7,181,4000,2996,0.001,0.012311532651762574,0.020543544195057314,3700,116,136,48,0.925,0.029,0.034,0.012,0.07499999999999996
2982,7,182,4000,2997,0.001,0.01162200365914286,0.02045478653804213,3680,140,138,42,0.92,0.035,0.0345,0.0105,0.07999999999999996
2983,7,183,4000,2998,0.001,0.011705241191328387,0.020538282254408156,3674,127,147,52,0.9185,0.03175,0.03675,0.013,0.08150000000000002
2984,7,184,4000,2999,0.001,0.011519638244494623,0.02057100080273899,3634,148,173,45,0.9085,0.037,0.04325,0.01125,0.09150000000000003
2985,7,185,4000,3000,0.001,0.011696528758720905,0.0205173260049268,3681,116,144,59,0.92025,0.029,0.036,0.01475,0.07974999999999999
2986,7,186,4000,3001,0.001,0.011786256756056431,0.020420978759543712,3700,121,137,42,0.925,0.03025,0.03425,0.0105,0.07499999999999996
2987,7,187,4000,3002,0.001,0.011749079109614969,0.020305360892338982,3687,119,152,42,0.92175,0.02975,0.038,0.0105,0.07825000000000004
2988,7,188,4000,3003,0.001,0.011683622366501438,0.020294780943536928,3678,114,153,55,0.9195,0.0285,0.03825,0.01375,0.08050000000000002
2989,7,189,4000,3004,0.001,0.011554713753473287,0.020422022474493543,3678,122,157,43,0.9195,0.0305,0.03925,0.01075,0.08050000000000002
2990,7,190,4000,3005,0.001,0.011446392549700247,0.02040643732085374,3675,135,153,37,0.91875,0.03375,0.03825,0.00925,0.08125000000000004
2991,7,191,4000,3006,0.001,0.011604193759635692,0.020310338903053053,3708,110,141,41,0.927,0.0275,0.03525,0.01025,0.07299999999999995
2992,7,192,4000,3007,0.001,0.01152390715748367,0.020249954541111167,3702,105,144,49,0.9255,0.02625,0.036,0.01225,0.07450000000000001
2993,7,193,4000,3008,0.001,0.011408434171733314,0.02028053732782268,3708,111,145,36,0.927,0.02775,0.03625,0.009,0.07299999999999995
2994,7,194,4000,3009,0.001,0.01124542164579245,0.020216380083776447,3674,131,148,47,0.9185,0.03275,0.037,0.01175,0.08150000000000002
2995,7,195,4000,3010,0.001,0.011373581550100487,0.02029114238654266,3700,126,123,51,0.925,0.0315,0.03075,0.01275,0.07499999999999996
2996,7,196,4000,3011,0.001,0.011544622401398828,0.020423265852924116,3694,124,132,50,0.9235,0.031,0.033,0.0125,0.07650000000000001
2997,7,197,4000,3012,0.001,0.011733545802168212,0.02052128583923018,3696,113,142,49,0.924,0.02825,0.0355,0.01225,0.07599999999999996
2998,7,198,4000,3013,0.001,0.011569755916930264,0.02047907382872857,3690,106,157,47,0.9225,0.0265,0.03925,0.01175,0.07750000000000001
2999,7,199,4000,3014,0.001,0.012081455764054345,0.020381208155731075,3699,105,146,50,0.92475,0.02625,0.0365,0.0125,0.07525000000000004
3000,7,200,4000,3015,0.001,0.012419670352648515,0.02050251194806295,3669,123,154,54,0.91725,0.03075,0.0385,0.0135,0.08274999999999999
3001,7,201,4000,3016,0.001,0.012274890527471986,0.020478696654006468,3667,135,154,44,0.91675,0.03375,0.0385,0.011,0.08325000000000005
3002,7,202,4000,3017,0.001,0.012388768915546996,0.020504092603023705,3683,127,152,38,0.92075,0.03175,0.038,0.0095,0.07925000000000004
3003,7,203,4000,3018,0.001,0.012741355663121089,0.020497040743210918,3655,131,157,57,0.91375,0.03275,0.03925,0.01425,0.08625000000000005
3004,7,204,4000,3019,0.001,0.01267958724223702,0.020356813982027128,3661,133,142,64,0.91525,0.03325,0.0355,0.016,0.08474999999999999
3005,7,205,4000,3020,0.001,0.012765552742345775,0.02039545019887806,3705,114,130,51,0.92625,0.0285,0.0325,0.01275,0.07374999999999998
3006,7,206,4000,3021,0.001,0.012518989531269887,0.020399633157325476,3678,116,150,56,0.9195,0.029,0.0375,0.014,0.08050000000000002
3007,7,207,4000,3022,0.001,0.012477228242312875,0.020373268876852913,3722,109,123,46,0.9305,0.02725,0.03075,0.0115,0.0695
3008,7,208,4000,3023,0.001,0.01245139143214114,0.020493958380995315,3662,110,166,62,0.9155,0.0275,0.0415,0.0155,0.08450000000000002
3009,7,209,4000,3024,0.001,0.012079030420840199,0.02057827312618975,3658,125,163,54,0.9145,0.03125,0.04075,0.0135,0.08550000000000002
3010,7,210,4000,3025,0.001,0.012068954241394746,0.020477833599166457,3686,136,133,45,0.9215,0.034,0.03325,0.01125,0.07850000000000001
3011,7,211,4000,3026,0.001,0.011860106540702796,0.020462022794796902,3666,136,145,53,0.9165,0.034,0.03625,0.01325,0.08350000000000002
3012,7,212,4000,3027,0.001,0.012236152902174023,0.02061538170356393,3672,127,147,54,0.918,0.03175,0.03675,0.0135,0.08199999999999996
3013,7,213,4000,3028,0.001,0.012429976021001656,0.020667861399256443,3664,122,152,62,0.916,0.0305,0.038,0.0155,0.08399999999999996
3014,7,214,4000,3029,0.001,0.012396377156541995,0.02065278595078063,3663,124,148,65,0.91575,0.031,0.037,0.01625,0.08425000000000005
3015,7,215,4000,3030,0.001,0.012446282781782156,0.020498667995658557,3668,127,157,48,0.917,0.03175,0.03925,0.012,0.08299999999999996
3016,7,216,4000,3031,0.001,0.01258156700000295,0.020466300907537507,3675,122,153,50,0.91875,0.0305,0.03825,0.0125,0.08125000000000004
3017,7,217,4000,3032,0.001,0.0127757337536231,0.020347311133688244,3683,128,143,46,0.92075,0.032,0.03575,0.0115,0.07925000000000004
3018,7,218,4000,3033,0.001,0.0128789289423017,0.02038638281948607,3674,127,140,59,0.9185,0.03175,0.035,0.01475,0.08150000000000002
3019,7,219,4000,3034,0.001,0.012950548919912052,0.02025894032300099,3680,121,143,56,0.92,0.03025,0.03575,0.014,0.07999999999999996
3020,7,220,4000,3035,0.001,0.012909574975810082,0.020220014132049775,3683,121,132,64,0.92075,0.03025,0.033,0.016,0.07925000000000004
3021,7,221,4000,3036,0.001,0.013117453081825568,0.020306006582395918,3631,136,179,54,0.90775,0.034,0.04475,0.0135,0.09225000000000005
3022,7,222,4000,3037,0.001,0.013020965647291329,0.02015193834861449,3659,123,159,59,0.91475,0.03075,0.03975,0.01475,0.08525000000000005
3023,7,223,4000,3038,0.001,0.013517050599274076,0.020261189627825558,3650,148,149,53,0.9125,0.037,0.03725,0.01325,0.08750000000000002
3024,7,224,4000,3039,0.001,0.013586437479780479,0.02013815282275655,3658,131,158,53,0.9145,0.03275,0.0395,0.01325,0.08550000000000002
3025,7,225,4000,3040,0.001,0.013702235954901413,0.020141467847247414,3680,128,140,52,0.92,0.032,0.035,0.013,0.07999999999999996
3026,7,226,4000,3041,0.001,0.013612947187171423,0.02007134014604413,3649,133,165,53,0.91225,0.03325,0.04125,0.01325,0.08775
3027,7,227,4000,3042,0.001,0.013687730649152343,0.020206087510267572,3654,133,153,60,0.9135,0.03325,0.03825,0.015,0.08650000000000002
3028,7,228,4000,3043,0.001,0.013975554027728543,0.02024362059175942,3647,145,144,64,0.91175,0.03625,0.036,0.016,0.08825000000000005
3029,7,229,4000,3044,0.001,0.014135901684596407,0.020298591571302933,3674,123,149,54,0.9185,0.03075,0.03725,0.0135,0.08150000000000002
3030,7,230,4000,3045,0.001,0.014315333186484114,0.020286874490339193,3631,139,168,62,0.90775,0.03475,0.042,0.0155,0.09225000000000005
3031,7,231,4000,3046,0.001,0.014606570793841433,0.0202418349449823,3621,144,171,64,0.90525,0.036,0.04275,0.016,0.09475
3032,7,232,4000,3047,0.001,0.014613342760000718,0.020172905646744656,3687,121,143,49,0.92175,0.03025,0.03575,0.01225,0.07825000000000004
3033,7,233,4000,3048,0.001,0.014959710594888601,0.020054088001367557,3670,146,129,55,0.9175,0.0365,0.03225,0.01375,0.08250000000000002
3034,7,234,4000,3049,0.001,0.01485607735918909,0.020037014228887547,3649,122,169,60,0.91225,0.0305,0.04225,0.015,0.08775
3035,7,235,4000,3050,0.001,0.01492087080248775,0.020260667330781405,3634,149,160,57,0.9085,0.03725,0.04,0.01425,0.09150000000000003
3036,7,236,4000,3051,0.001,0.015007369845298291,0.020197675476256418,3657,133,149,61,0.91425,0.03325,0.03725,0.01525,0.08574999999999999
3037,7,237,4000,3052,0.001,0.015202162816723392,0.020313355044150702,3644,149,148,59,0.911,0.03725,0.037,0.01475,0.08899999999999997
3038,7,238,4000,3053,0.001,0.015284053219691665,0.02036268601006324,3649,131,161,59,0.91225,0.03275,0.04025,0.01475,0.08775
3039,7,239,4000,3054,0.001,0.01560862323807201,0.020488598389630835,3673,136,128,63,0.91825,0.034,0.032,0.01575,0.08174999999999999
3040,7,240,4000,3055,0.001,0.015741962436959522,0.020635629756240174,3645,144,155,56,0.91125,0.036,0.03875,0.014,0.08875
3041,7,241,4000,3056,0.001,0.015941776256103476,0.020719131306695747,3632,130,176,62,0.908,0.0325,0.044,0.0155,0.09199999999999997
3042,7,242,4000,3057,0.001,0.015991869850025913,0.020685677127621455,3627,125,167,81,0.90675,0.03125,0.04175,0.02025,0.09325000000000006
3043,7,243,4000,3058,0.001,0.015879488441966752,0.02072611856118258,3628,148,152,72,0.907,0.037,0.038,0.018,0.09299999999999997
3044,7,244,4000,3059,0.001,0.015867140825089037,0.020820766854741327,3660,114,163,63,0.915,0.0285,0.04075,0.01575,0.08499999999999996
3045,7,245,4000,3060,0.001,0.015981062048277317,0.02084753071548947,3636,139,169,56,0.909,0.03475,0.04225,0.014,0.09099999999999997
3046,7,246,4000,3061,0.001,0.016226259784236672,0.020889306411599792,3607,125,196,72,0.90175,0.03125,0.049,0.018,0.09824999999999995
3047,7,247,4000,3062,0.001,0.016110617471381036,0.02098989021483057,3620,141,159,80,0.905,0.03525,0.03975,0.02,0.09499999999999997
3048,7,248,4000,3063,0.001,0.015953061601334848,0.020936764647139634,3607,150,174,69,0.90175,0.0375,0.0435,0.01725,0.09824999999999995
3049,7,249,4000,3064,0.001,0.01621057756753852,0.020925535975754157,3632,150,166,52,0.908,0.0375,0.0415,0.013,0.09199999999999997
3050,7,250,4000,3065,0.001,0.016486438693025993,0.020890755140623777,3645,144,149,62,0.91125,0.036,0.03725,0.0155,0.08875
3051,7,251,4000,3066,0.001,0.016493551971512956,0.02089444914202665,3627,149,167,57,0.90675,0.03725,0.04175,0.01425,0.09325000000000006
3052,7,252,4000,3067,0.001,0.016720059232922434,0.021163337363826893,3610,137,172,81,0.9025,0.03425,0.043,0.02025,0.09750000000000003
3053,7,253,4000,3068,0.001,0.016723298829459207,0.021246056015510693,3637,147,155,61,0.90925,0.03675,0.03875,0.01525,0.09075
3054,7,254,4000,3069,0.001,0.016799017387151147,0.021286266268884878,3590,152,181,77,0.8975,0.038,0.04525,0.01925,0.10250000000000004
3055,7,255,4000,3070,0.001,0.01680548550119065,0.021419474805343248,3631,145,180,44,0.90775,0.03625,0.045,0.011,0.09225000000000005
3056,7,256,4000,3071,0.001,0.016679224595342792,0.02155486272513358,3621,150,163,66,0.90525,0.0375,0.04075,0.0165,0.09475
3057,7,257,4000,3072,0.001,0.01652667123622763,0.021397859981026897,3585,168,181,66,0.89625,0.042,0.04525,0.0165,0.10375000000000001
3058,7,258,4000,3073,0.001,0.0166935550819863,0.02143795797614637,3615,151,165,69,0.90375,0.03775,0.04125,0.01725,0.09624999999999995
3059,7,259,4000,3074,0.001,0.016866788355167018,0.02132009616840905,3634,148,155,63,0.9085,0.037,0.03875,0.01575,0.09150000000000003
3060,7,260,4000,3075,0.001,0.017284011067438,0.021297697799005387,3668,120,150,62,0.917,0.03,0.0375,0.0155,0.08299999999999996
3061,7,261,4000,3076,0.001,0.017260481250586105,0.021128416927478945,3627,135,173,65,0.90675,0.03375,0.04325,0.01625,0.09325000000000006
3062,7,262,4000,3077,0.001,0.016924903798399966,0.021269432681187375,3608,146,179,67,0.902,0.0365,0.04475,0.01675,0.09799999999999998
3063,7,263,4000,3078,0.001,0.017227309259791768,0.021359084314974276,3655,125,154,66,0.91375,0.03125,0.0385,0.0165,0.08625000000000005
3064,7,264,4000,3079,0.001,0.017298508044843564,0.02150675695699112,3639,118,174,69,0.90975,0.0295,0.0435,0.01725,0.09025000000000005
3065,7,265,4000,3080,0.001,0.01754689438725874,0.021459377336459407,3592,148,186,74,0.898,0.037,0.0465,0.0185,0.10199999999999998
3066,7,266,4000,3081,0.001,0.017654788039059902,0.021520294975214863,3617,143,179,61,0.90425,0.03575,0.04475,0.01525,0.09575
3067,7,267,4000,3082,0.001,0.017838928214474182,0.021349463994078218,3600,146,180,74,0.9,0.0365,0.045,0.0185,0.09999999999999998
3068,7,268,4000,3083,0.001,0.017707593855140227,0.02140148171004635,3640,115,181,64,0.91,0.02875,0.04525,0.016,0.08999999999999997
3069,7,269,4000,3084,0.001,0.017934978639677905,0.021374900205468297,3587,163,186,64,0.89675,0.04075,0.0465,0.016,0.10324999999999995
3070,7,270,4000,3085,0.001,0.017798614136346397,0.02122223024348552,3607,154,151,88,0.90175,0.0385,0.03775,0.022,0.09824999999999995
3071,7,271,4000,3086,0.001,0.017540179347894588,0.021158984686998648,3619,143,185,53,0.90475,0.03575,0.04625,0.01325,0.09524999999999995
3072,7,272,4000,3087,0.001,0.017810291443295444,0.021121969237568313,3613,145,174,68,0.90325,0.03625,0.0435,0.017,0.09675
3073,7,273,4000,3088,0.001,0.017804052017229222,0.021078900000512785,3589,144,192,75,0.89725,0.036,0.048,0.01875,0.10275000000000001
3074,7,274,4000,3089,0.001,0.018043520291503683,0.021134562885152516,3601,126,189,84,0.90025,0.0315,0.04725,0.021,0.09975
3075,7,275,4000,3090,0.001,0.01789741820615505,0.021290833832404047,3592,129,203,76,0.898,0.03225,0.05075,0.019,0.10199999999999998
3076,7,276,4000,3091,0.001,0.01778019073151279,0.021413665214291652,3624,160,153,63,0.906,0.04,0.03825,0.01575,0.09399999999999997
3077,7,277,4000,3092,0.001,0.017788027650483772,0.02134551843552304,3596,140,193,71,0.899,0.035,0.04825,0.01775,0.10099999999999998
3078,7,278,4000,3093,0.001,0.017923986331162253,0.021259994084493052,3615,141,181,63,0.90375,0.03525,0.04525,0.01575,0.09624999999999995
3079,7,279,4000,3094,0.001,0.018172674395531378,0.02128830236501417,3600,139,185,76,0.9,0.03475,0.04625,0.019,0.09999999999999998
3080,7,280,4000,3095,0.001,0.017763680963647523,0.02132509244999703,3610,147,174,69,0.9025,0.03675,0.0435,0.01725,0.09750000000000003
3081,7,281,4000,3096,0.001,0.017741640682994678,0.021234135114212672,3610,152,185,53,0.9025,0.038,0.04625,0.01325,0.09750000000000003
3082,7,282,4000,3097,0.001,0.017524259191137415,0.021311235715765157,3610,146,162,82,0.9025,0.0365,0.0405,0.0205,0.09750000000000003
3083,7,283,4000,3098,0.001,0.017605394409808947,0.021250152191164762,3615,140,182,63,0.90375,0.035,0.0455,0.01575,0.09624999999999995
3084,7,284,4000,3099,0.001,0.01755061217889519,0.021315908367823724,3582,150,198,70,0.8955,0.0375,0.0495,0.0175,0.10450000000000004
3085,7,285,4000,3100,0.001,0.017567270569287214,0.021199657803935998,3581,147,178,94,0.89525,0.03675,0.0445,0.0235,0.10475000000000001
3086,7,286,4000,3101,0.001,0.01773911194139029,0.02105252594557078,3618,143,184,55,0.9045,0.03575,0.046,0.01375,0.09550000000000003
3087,7,287,4000,3102,0.001,0.01802345277865278,0.021022327807175667,3597,154,192,57,0.89925,0.0385,0.048,0.01425,0.10075
3088,7,288,4000,3103,0.001,0.017987380209080566,0.021104240467741894,3609,140,189,62,0.90225,0.035,0.04725,0.0155,0.09775
3089,7,289,4000,3104,0.001,0.01802115735058031,0.021083937014367827,3603,147,180,70,0.90075,0.03675,0.045,0.0175,0.09924999999999995
3090,7,290,4000,3105,0.001,0.018615124414400108,0.021117970887842032,3606,142,177,75,0.9015,0.0355,0.04425,0.01875,0.09850000000000003
3091,7,291,4000,3106,0.001,0.018366540350657743,0.021120693539674842,3590,150,187,73,0.8975,0.0375,0.04675,0.01825,0.10250000000000004
3092,7,292,4000,3107,0.001,0.01809252902638708,0.021144487958308304,3578,154,192,76,0.8945,0.0385,0.048,0.019,0.10550000000000004
3093,7,293,4000,3108,0.001,0.018136861554475747,0.021183680065046485,3619,135,183,63,0.90475,0.03375,0.04575,0.01575,0.09524999999999995
3094,7,294,4000,3109,0.001,0.018503972444760042,0.02120099187381702,3608,143,167,82,0.902,0.03575,0.04175,0.0205,0.09799999999999998
3095,7,295,4000,3110,0.001,0.01840893513085781,0.021226343139954657,3583,164,170,83,0.89575,0.041,0.0425,0.02075,0.10424999999999995
3096,7,296,4000,3111,0.001,0.018044814550575272,0.021389933246030134,3612,140,191,57,0.903,0.035,0.04775,0.01425,0.09699999999999998
3097,7,297,4000,3112,0.001,0.01802495460137498,0.02158174796534887,3613,155,166,66,0.90325,0.03875,0.0415,0.0165,0.09675
3098,7,298,4000,3113,0.001,0.01789605141598828,0.021607227157571882,3615,143,177,65,0.90375,0.03575,0.04425,0.01625,0.09624999999999995
3099,7,299,4000,3114,0.001,0.017754914470455276,0.021524420309161355,3622,134,168,76,0.9055,0.0335,0.042,0.019,0.09450000000000003
3100,7,300,4000,3115,0.001,0.017739195980033307,0.021474386193617204,3589,143,186,82,0.89725,0.03575,0.0465,0.0205,0.10275000000000001
3101,7,301,4000,3116,0.001,0.018133016290408102,0.021656537395036646,3586,155,194,65,0.8965,0.03875,0.0485,0.01625,0.10350000000000004
3102,7,302,4000,3117,0.001,0.018312143028890594,0.02161160116036227,3566,156,202,76,0.8915,0.039,0.0505,0.019,0.10850000000000004
3103,7,303,4000,3118,0.001,0.01857926143761128,0.02168618771236009,3605,130,193,72,0.90125,0.0325,0.04825,0.018,0.09875
3104,7,304,4000,3119,0.001,0.01852663828770025,0.021688959575547232,3584,153,183,80,0.896,0.03825,0.04575,0.02,0.10399999999999998
3105,7,305,4000,3120,0.001,0.01849505548600483,0.021770738055113672,3558,171,188,83,0.8895,0.04275,0.047,0.02075,0.11050000000000004
3106,7,306,4000,3121,0.001,0.018517290225441043,0.021782518374717532,3604,140,181,75,0.901,0.035,0.04525,0.01875,0.09899999999999998
3107,7,307,4000,3122,0.001,0.018097691433652103,0.021816375036981847,3637,134,155,74,0.90925,0.0335,0.03875,0.0185,0.09075
3108,7,308,4000,3123,0.001,0.017933323828318165,0.021752953588662187,3612,141,183,64,0.903,0.03525,0.04575,0.016,0.09699999999999998
3109,7,309,4000,3124,0.001,0.01797323403789078,0.02174979039374673,3624,141,173,62,0.906,0.03525,0.04325,0.0155,0.09399999999999997
3110,7,310,4000,3125,0.001,0.017843304818338294,0.021671810365430092,3592,149,182,77,0.898,0.03725,0.0455,0.01925,0.10199999999999998
3111,7,311,4000,3126,0.001,0.018120297813623044,0.02177500714570135,3595,140,189,76,0.89875,0.035,0.04725,0.019,0.10124999999999995
3112,7,312,4000,3127,0.001,0.018302513024390718,0.021784929683952188,3561,170,198,71,0.89025,0.0425,0.0495,0.01775,0.10975000000000001
3113,7,313,4000,3128,0.001,0.0182176958663885,0.021713535613860174,3597,145,189,69,0.89925,0.03625,0.04725,0.01725,0.10075
3114,7,314,4000,3129,0.001,0.018277684841582587,0.02173888363573972,3575,159,202,64,0.89375,0.03975,0.0505,0.016,0.10624999999999996
3115,7,315,4000,3130,0.001,0.0182806477346503,0.02170576475473155,3614,150,166,70,0.9035,0.0375,0.0415,0.0175,0.09650000000000003
3116,7,316,4000,3131,0.001,0.017883441120109086,0.021725744144865458,3582,147,188,83,0.8955,0.03675,0.047,0.02075,0.10450000000000004
3117,7,317,4000,3132,0.001,0.01815854747667375,0.02188741358886978,3616,137,171,76,0.904,0.03425,0.04275,0.019,0.09599999999999997
3118,7,318,4000,3133,0.001,0.017898117085602412,0.021909574496898006,3613,149,171,67,0.90325,0.03725,0.04275,0.01675,0.09675
3119,7,319,4000,3134,0.001,0.017690083944719767,0.02183066134917934,3608,153,174,65,0.902,0.03825,0.0435,0.01625,0.09799999999999998
3120,7,320,4000,3135,0.001,0.01766274797557433,0.021776796668067387,3608,126,192,74,0.902,0.0315,0.048,0.0185,0.09799999999999998
3121,7,321,4000,3136,0.001,0.017985260930592033,0.02166328255779165,3582,164,189,65,0.8955,0.041,0.04725,0.01625,0.10450000000000004
3122,7,322,4000,3137,0.001,0.018020306046899554,0.02170287610489767,3617,126,184,73,0.90425,0.0315,0.046,0.01825,0.09575
3123,7,323,4000,3138,0.001,0.018099083992542633,0.021685683793479106,3600,155,168,77,0.9,0.03875,0.042,0.01925,0.09999999999999998
3124,7,324,4000,3139,0.001,0.01848281440144146,0.021703654670150105,3587,136,200,77,0.89675,0.034,0.05,0.01925,0.10324999999999995
3125,7,325,4000,3140,0.001,0.01834796433770977,0.02170313344449386,3574,159,198,69,0.8935,0.03975,0.0495,0.01725,0.10650000000000004
3126,7,326,4000,3141,0.001,0.018017427752823105,0.02175110058527499,3587,160,183,70,0.89675,0.04,0.04575,0.0175,0.10324999999999995
3127,7,327,4000,3142,0.001,0.017948606093127192,0.02180598852479708,3573,166,199,62,0.89325,0.0415,0.04975,0.0155,0.10675000000000001
3128,7,328,4000,3143,0.001,0.017417277218223105,0.02175258758549793,3619,163,152,66,0.90475,0.04075,0.038,0.0165,0.09524999999999995
3129,7,329,4000,3144,0.001,0.017315925941562626,0.021746408947652233,3609,153,173,65,0.90225,0.03825,0.04325,0.01625,0.09775
3130,7,330,4000,3145,0.001,0.017283613418479896,0.021657393690227605,3607,141,177,75,0.90175,0.03525,0.04425,0.01875,0.09824999999999995
3131,7,331,4000,3146,0.001,0.018037667025889197,0.02169693063787279,3613,141,173,73,0.90325,0.03525,0.04325,0.01825,0.09675
3132,7,332,4000,3147,0.001,0.018407403656360743,0.02175256996881482,3567,172,193,68,0.89175,0.043,0.04825,0.017,0.10824999999999996
3133,7,333,4000,3148,0.001,0.01838288402354915,0.021934972589032004,3555,165,194,86,0.88875,0.04125,0.0485,0.0215,0.11124999999999996
3134,7,334,4000,3149,0.001,0.018394006281014178,0.02192789794668468,3591,155,194,60,0.89775,0.03875,0.0485,0.015,0.10224999999999995
3135,7,335,4000,3150,0.001,0.018226631496373533,0.021875088900795838,3561,156,196,87,0.89025,0.039,0.049,0.02175,0.10975000000000001
3136,7,336,4000,3151,0.001,0.018405432290469825,0.022074518296910782,3577,165,178,80,0.89425,0.04125,0.0445,0.02,0.10575000000000001
3137,7,337,4000,3152,0.001,0.018826672250762407,0.021889686245653354,3619,142,169,70,0.90475,0.0355,0.04225,0.0175,0.09524999999999995
3138,7,338,4000,3153,0.001,0.018780695223501256,0.021839882239705125,3614,143,169,74,0.9035,0.03575,0.04225,0.0185,0.09650000000000003
3139,7,339,4000,3154,0.001,0.018653638519987577,0.02187863041525919,3579,161,187,73,0.89475,0.04025,0.04675,0.01825,0.10524999999999995
3140,7,340,4000,3155,0.001,0.01857758715743886,0.021897349615061585,3592,157,176,75,0.898,0.03925,0.044,0.01875,0.10199999999999998
3141,7,341,4000,3156,0.001,0.01854167258571958,0.021873252364042584,3588,155,194,63,0.897,0.03875,0.0485,0.01575,0.10299999999999998
3142,7,342,4000,3157,0.001,0.018476779293962783,0.021891741207980167,3572,152,202,74,0.893,0.038,0.0505,0.0185,0.10699999999999998
3143,7,343,4000,3158,0.001,0.018619710381096673,0.021806648666108052,3597,153,182,68,0.89925,0.03825,0.0455,0.017,0.10075
3144,7,344,4000,3159,0.001,0.01885672705476928,0.021728593118815486,3587,150,177,86,0.89675,0.0375,0.04425,0.0215,0.10324999999999995
3145,7,345,4000,3160,0.001,0.019090969084255536,0.021699043755175923,3587,142,194,77,0.89675,0.0355,0.0485,0.01925,0.10324999999999995
3146,7,346,4000,3161,0.001,0.018836324162777657,0.021828379270029962,3568,153,203,76,0.892,0.03825,0.05075,0.019,0.10799999999999998
3147,7,347,4000,3162,0.001,0.018989359175850914,0.021980309638937004,3618,137,172,73,0.9045,0.03425,0.043,0.01825,0.09550000000000003
3148,7,348,4000,3163,0.001,0.01919913265137532,0.021937565080198514,3600,144,178,78,0.9,0.036,0.0445,0.0195,0.09999999999999998
3149,7,349,4000,3164,0.001,0.019162507301512918,0.021928575532598738,3613,131,177,79,0.90325,0.03275,0.04425,0.01975,0.09675
3150,7,350,4000,3165,0.001,0.019276546124450154,0.021678592785128542,3611,129,183,77,0.90275,0.03225,0.04575,0.01925,0.09724999999999995
3151,7,351,4000,3166,0.001,0.01940727843208519,0.02158143037726926,3593,140,188,79,0.89825,0.035,0.047,0.01975,0.10175000000000001
3152,7,352,4000,3167,0.001,0.019614371879830967,0.021394916314868347,3576,151,186,87,0.894,0.03775,0.0465,0.02175,0.10599999999999998
3153,7,353,4000,3168,0.001,0.019666467342406995,0.021429496913829407,3613,141,165,81,0.90325,0.03525,0.04125,0.02025,0.09675
3154,7,354,4000,3169,0.001,0.019759273821835927,0.021398350925967542,3566,150,197,87,0.8915,0.0375,0.04925,0.02175,0.10850000000000004
3155,7,355,4000,3170,0.001,0.020001791854193894,0.021361656034853814,3568,166,188,78,0.892,0.0415,0.047,0.0195,0.10799999999999998
3156,7,356,4000,3171,0.001,0.02002036762078402,0.021208455838271623,3556,156,195,93,0.889,0.039,0.04875,0.02325,0.11099999999999999
3157,7,357,4000,3172,0.001,0.02038627221140111,0.0212247892334407,3575,162,175,88,0.89375,0.0405,0.04375,0.022,0.10624999999999996
3158,7,358,4000,3173,0.001,0.020384265214465517,0.02108078948876827,3616,153,172,59,0.904,0.03825,0.043,0.01475,0.09599999999999997
3159,7,359,4000,3174,0.001,0.02008196752447664,0.02128082227323088,3591,165,177,67,0.89775,0.04125,0.04425,0.01675,0.10224999999999995
3160,7,360,4000,3175,0.001,0.01982075335710721,0.02141114166886816,3587,155,180,78,0.89675,0.03875,0.045,0.0195,0.10324999999999995
3161,7,361,4000,3176,0.001,0.01964231207213944,0.021509775028850226,3571,161,187,81,0.89275,0.04025,0.04675,0.02025,0.10724999999999996
3162,7,362,4000,3177,0.001,0.019937767390569936,0.021531918565313234,3569,170,179,82,0.89225,0.0425,0.04475,0.0205,0.10775000000000001
3163,7,363,4000,3178,0.001,0.01981573031992314,0.021652869848288958,3579,154,187,80,0.89475,0.0385,0.04675,0.02,0.10524999999999995
3164,7,364,4000,3179,0.001,0.02006375123381707,0.0217115566795782,3593,127,202,78,0.89825,0.03175,0.0505,0.0195,0.10175000000000001
3165,7,365,4000,3180,0.001,0.019605384126200335,0.02183540598350756,3589,141,200,70,0.89725,0.03525,0.05,0.0175,0.10275000000000001
3166,7,366,4000,3181,0.001,0.019749276449171533,0.022002348991086662,3583,146,193,78,0.89575,0.0365,0.04825,0.0195,0.10424999999999995
3167,7,367,4000,3182,0.001,0.01974120170356266,0.021913021292394228,3582,145,169,104,0.8955,0.03625,0.04225,0.026,0.10450000000000004
3168,7,368,4000,3183,0.001,0.019778287717154383,0.021882545408393905,3556,169,192,83,0.889,0.04225,0.048,0.02075,0.11099999999999999
3169,7,369,4000,3184,0.001,0.019575148896273226,0.021791083061001377,3581,148,187,84,0.89525,0.037,0.04675,0.021,0.10475000000000001
3170,7,370,4000,3185,0.001,0.019890864717878112,0.021735312264742145,3599,138,183,80,0.89975,0.0345,0.04575,0.02,0.10024999999999995
3171,7,371,4000,3186,0.001,0.02028296637320346,0.021863239960009263,3565,151,198,86,0.89125,0.03775,0.0495,0.0215,0.10875000000000001
3172,7,372,4000,3187,0.001,0.020279639510586395,0.021871211173133773,3592,145,187,76,0.898,0.03625,0.04675,0.019,0.10199999999999998
3173,7,373,4000,3188,0.001,0.020080860295275445,0.021927311680973047,3567,162,185,86,0.89175,0.0405,0.04625,0.0215,0.10824999999999996
3174,7,374,4000,3189,0.001,0.02006915774398158,0.02205385165679925,3593,144,191,72,0.89825,0.036,0.04775,0.018,0.10175000000000001
3175,7,375,4000,3190,0.001,0.020020074672431363,0.022205363777255672,3537,168,210,85,0.88425,0.042,0.0525,0.02125,0.11575000000000002
3176,7,376,4000,3191,0.001,0.020039658063888313,0.02233741529223664,3577,138,186,99,0.89425,0.0345,0.0465,0.02475,0.10575000000000001
3177,7,377,4000,3192,0.001,0.019852995609963085,0.02241723903099687,3566,148,214,72,0.8915,0.037,0.0535,0.018,0.10850000000000004
3178,7,378,4000,3193,0.001,0.019820707770753836,0.0224292867898566,3580,156,179,85,0.895,0.039,0.04475,0.02125,0.10499999999999998
3179,7,379,4000,3194,0.001,0.019779200268018958,0.022405299810401673,3581,146,199,74,0.89525,0.0365,0.04975,0.0185,0.10475000000000001
3180,7,380,4000,3195,0.001,0.019756382444176414,0.022275385173468686,3584,152,183,81,0.896,0.038,0.04575,0.02025,0.10399999999999998
3181,7,381,4000,3196,0.001,0.01964469655110413,0.0222874241462298,3589,158,173,80,0.89725,0.0395,0.04325,0.02,0.10275000000000001
3182,7,382,4000,3197,0.001,0.019706554570674148,0.022322446063139635,3630,129,172,69,0.9075,0.03225,0.043,0.01725,0.09250000000000003
3183,7,383,4000,3198,0.001,0.019401471407476174,0.02222107355620007,3535,162,217,86,0.88375,0.0405,0.05425,0.0215,0.11624999999999996
3184,7,384,4000,3199,0.001,0.01970566545240695,0.022263419898710644,3581,144,199,76,0.89525,0.036,0.04975,0.019,0.10475000000000001
3185,7,385,4000,3200,0.001,0.019375797979432344,0.022344544916393528,3571,150,197,82,0.89275,0.0375,0.04925,0.0205,0.10724999999999996
3186,7,386,4000,3201,0.001,0.019324460114384896,0.022385516135886442,3585,157,177,81,0.89625,0.03925,0.04425,0.02025,0.10375000000000001
3187,7,387,4000,3202,0.001,0.019462161950964275,0.022184222093190563,3603,134,174,89,0.90075,0.0335,0.0435,0.02225,0.09924999999999995
3188,7,388,4000,3203,0.001,0.019511063578002755,0.022109096638899428,3612,128,192,68,0.903,0.032,0.048,0.017,0.09699999999999998
3189,7,389,4000,3204,0.001,0.019495420087225372,0.022200787230506846,3564,176,186,74,0.891,0.044,0.0465,0.0185,0.10899999999999999
3190,7,390,4000,3205,0.001,0.01985244979066745,0.02202053869045368,3562,148,192,98,0.8905,0.037,0.048,0.0245,0.10950000000000004
3191,7,391,4000,3206,0.001,0.020135357015475815,0.021781290717705962,3572,176,183,69,0.893,0.044,0.04575,0.01725,0.10699999999999998
3192,7,392,4000,3207,0.001,0.01997680861063537,0.021921985308413203,3581,157,194,68,0.89525,0.03925,0.0485,0.017,0.10475000000000001
3193,7,393,4000,3208,0.001,0.02010045414910777,0.021901702230335406,3593,141,183,83,0.89825,0.03525,0.04575,0.02075,0.10175000000000001
3194,7,394,4000,3209,0.001,0.019967493329340648,0.021831470703060338,3580,143,182,95,0.895,0.03575,0.0455,0.02375,0.10499999999999998
3195,7,395,4000,3210,0.001,0.01996898446782439,0.02176500215567279,3599,146,170,85,0.89975,0.0365,0.0425,0.02125,0.10024999999999995
3196,7,396,4000,3211,0.001,0.01966292637060436,0.02170100020578655,3545,185,191,79,0.88625,0.04625,0.04775,0.01975,0.11375000000000002
3197,7,397,4000,3212,0.001,0.019695998225304774,0.021532224784636886,3572,153,203,72,0.893,0.03825,0.05075,0.018,0.10699999999999998
3198,7,398,4000,3213,0.001,0.01985588974286089,0.021456158420105488,3592,150,178,80,0.898,0.0375,0.0445,0.02,0.10199999999999998
3199,7,399,4000,3214,0.001,0.01992134594055242,0.021516137574158208,3575,142,192,91,0.89375,0.0355,0.048,0.02275,0.10624999999999996
3200,8,0,4000,3216,0.001,0.009702190071863754,0.019980702775515582,3708,115,133,44,0.927,0.02875,0.03325,0.011,0.07299999999999995
3201,8,1,4000,3217,0.001,0.009802673132346932,0.019838693248043982,3736,112,122,30,0.934,0.028,0.0305,0.0075,0.06599999999999995
3202,8,2,4000,3218,0.001,0.009688311355453724,0.01975516509242837,3702,121,142,35,0.9255,0.03025,0.0355,0.00875,0.07450000000000001
3203,8,3,4000,3219,0.001,0.009944412313913801,0.01972684666533329,3736,123,110,31,0.934,0.03075,0.0275,0.00775,0.06599999999999995
3204,8,4,4000,3220,0.001,0.00979047075346182,0.019882878585017826,3732,120,123,25,0.933,0.03,0.03075,0.00625,0.06699999999999995
3205,8,5,4000,3221,0.001,0.009328767076159714,0.01965882388423573,3737,110,116,37,0.93425,0.0275,0.029,0.00925,0.06574999999999998
3206,8,6,4000,3222,0.001,0.00948856999891725,0.019611926003997686,3727,108,133,32,0.93175,0.027,0.03325,0.008,0.06825000000000003
3207,8,7,4000,3223,0.001,0.009326532681449052,0.019588426021993226,3711,113,139,37,0.92775,0.02825,0.03475,0.00925,0.07225000000000004
3208,8,8,4000,3224,0.001,0.009443579310706334,0.01959332223550979,3730,101,128,41,0.9325,0.02525,0.032,0.01025,0.0675
3209,8,9,4000,3225,0.001,0.009045259027412496,0.01965110296932289,3719,120,123,38,0.92975,0.03,0.03075,0.0095,0.07025000000000003
3210,8,10,4000,3226,0.001,0.008724847579116235,0.019561695715213517,3711,110,137,42,0.92775,0.0275,0.03425,0.0105,0.07225000000000004
3211,8,11,4000,3227,0.001,0.008502410342015161,0.019480215766612744,3738,116,112,34,0.9345,0.029,0.028,0.0085,0.0655
3212,8,12,4000,3228,0.001,0.008535440949753597,0.019440580497180955,3714,113,137,36,0.9285,0.02825,0.03425,0.009,0.07150000000000001
3213,8,13,4000,3229,0.001,0.008701041943569366,0.01951249894031715,3751,104,107,38,0.93775,0.026,0.02675,0.0095,0.06225000000000003
3214,8,14,4000,3230,0.001,0.008589231758149143,0.01942531471121199,3721,110,137,32,0.93025,0.0275,0.03425,0.008,0.06974999999999998
3215,8,15,4000,3231,0.001,0.008885602543517791,0.01929251798277069,3713,101,147,39,0.92825,0.02525,0.03675,0.00975,0.07174999999999998
3216,8,16,4000,3232,0.001,0.008694050535855175,0.019370810557803438,3724,130,110,36,0.931,0.0325,0.0275,0.009,0.06899999999999995
3217,8,17,4000,3233,0.001,0.008153977641591797,0.01942197763545384,3755,95,116,34,0.93875,0.02375,0.029,0.0085,0.06125000000000003
3218,8,18,4000,3234,0.001,0.008297078840613049,0.019364677335415997,3709,114,151,26,0.92725,0.0285,0.03775,0.0065,0.07274999999999998
3219,8,19,4000,3235,0.001,0.00815614684109145,0.019551333755878964,3735,110,119,36,0.93375,0.0275,0.02975,0.009,0.06625000000000003
3220,8,20,4000,3236,0.001,0.007996771158125342,0.019699179786530317,3748,97,127,28,0.937,0.02425,0.03175,0.007,0.06299999999999994
3221,8,21,4000,3237,0.001,0.007978002325097695,0.019563632591573298,3739,118,126,17,0.93475,0.0295,0.0315,0.00425,0.06525000000000003
3222,8,22,4000,3238,0.001,0.007841527737719255,0.019523412436303907,3733,104,121,42,0.93325,0.026,0.03025,0.0105,0.06674999999999998
3223,8,23,4000,3239,0.001,0.00778551892213585,0.019628574745874365,3750,114,103,33,0.9375,0.0285,0.02575,0.00825,0.0625
3224,8,24,4000,3240,0.001,0.007576481837865813,0.01965648804481299,3740,105,118,37,0.935,0.02625,0.0295,0.00925,0.06499999999999995
3225,8,25,4000,3241,0.001,0.007795758579048359,0.019694394374832096,3751,113,113,23,0.93775,0.02825,0.02825,0.00575,0.06225000000000003
3226,8,26,4000,3242,0.001,0.007583026043185594,0.019533655315362972,3719,105,146,30,0.92975,0.02625,0.0365,0.0075,0.07025000000000003
3227,8,27,4000,3243,0.001,0.007535371974548247,0.019742932535065098,3757,95,115,33,0.93925,0.02375,0.02875,0.00825,0.06074999999999997
3228,8,28,4000,3244,0.001,0.0073919061044417575,0.019686040674952835,3729,117,126,28,0.93225,0.02925,0.0315,0.007,0.06774999999999998
3229,8,29,4000,3245,0.001,0.00751558199618888,0.019762207370663802,3755,101,104,40,0.93875,0.02525,0.026,0.01,0.06125000000000003
3230,8,30,4000,3246,0.001,0.007509785545018043,0.01969405778150295,3750,110,103,37,0.9375,0.0275,0.02575,0.00925,0.0625
3231,8,31,4000,3247,0.001,0.007750985488498399,0.01989390582088953,3758,112,94,36,0.9395,0.028,0.0235,0.009,0.0605
3232,8,32,4000,3248,0.001,0.007809989930460577,0.019937471776043172,3713,116,132,39,0.92825,0.029,0.033,0.00975,0.07174999999999998
3233,8,33,4000,3249,0.001,0.007971221979445029,0.019782087527637285,3747,100,122,31,0.93675,0.025,0.0305,0.00775,0.06325000000000003
3234,8,34,4000,3250,0.001,0.00820525428717552,0.019777388807022955,3750,105,121,24,0.9375,0.02625,0.03025,0.006,0.0625
3235,8,35,4000,3251,0.001,0.007921631202340941,0.019840166011179515,3760,95,109,36,0.94,0.02375,0.02725,0.009,0.06000000000000005
3236,8,36,4000,3252,0.001,0.007253418968251558,0.019989599418891314,3753,97,118,32,0.93825,0.02425,0.0295,0.008,0.06174999999999997
3237,8,37,4000,3253,0.001,0.007175134770266817,0.02014336827245467,3735,114,120,31,0.93375,0.0285,0.03,0.00775,0.06625000000000003
3238,8,38,4000,3254,0.001,0.006725700292222286,0.020165484552813674,3795,80,103,22,0.94875,0.02,0.02575,0.0055,0.05125000000000002
3239,8,39,4000,3255,0.001,0.0068588984356100485,0.020314477772792817,3742,110,116,32,0.9355,0.0275,0.029,0.008,0.0645
3240,8,40,4000,3256,0.001,0.006705136629566835,0.020351689833223257,3755,115,106,24,0.93875,0.02875,0.0265,0.006,0.06125000000000003
3241,8,41,4000,3257,0.001,0.006679778010084901,0.02040063554804814,3739,115,129,17,0.93475,0.02875,0.03225,0.00425,0.06525000000000003
3242,8,42,4000,3258,0.001,0.007176192937119685,0.020453274177395443,3751,108,114,27,0.93775,0.027,0.0285,0.00675,0.06225000000000003
3243,8,43,4000,3259,0.001,0.006877491794800259,0.020420175477576734,3750,102,112,36,0.9375,0.0255,0.028,0.009,0.0625
3244,8,44,4000,3260,0.001,0.006988113487784599,0.020428291245211633,3746,100,118,36,0.9365,0.025,0.0295,0.009,0.0635
3245,8,45,4000,3261,0.001,0.007405800982744864,0.02052058552463791,3750,108,117,25,0.9375,0.027,0.02925,0.00625,0.0625
3246,8,46,4000,3262,0.001,0.007688735829752654,0.020540046985204664,3732,106,128,34,0.933,0.0265,0.032,0.0085,0.06699999999999995
3247,8,47,4000,3263,0.001,0.008060853608987277,0.020645568341375882,3747,102,120,31,0.93675,0.0255,0.03,0.00775,0.06325000000000003
3248,8,48,4000,3264,0.001,0.007828995804504628,0.020598870857664636,3719,113,132,36,0.92975,0.02825,0.033,0.009,0.07025000000000003
3249,8,49,4000,3265,0.001,0.007488042254823303,0.02056542714124344,3718,115,129,38,0.9295,0.02875,0.03225,0.0095,0.07050000000000001
3250,8,50,4000,3266,0.001,0.00801544185827844,0.02065683978222084,3739,107,118,36,0.93475,0.02675,0.0295,0.009,0.06525000000000003
3251,8,51,4000,3267,0.001,0.008103876618296191,0.02087221605812228,3722,119,118,41,0.9305,0.02975,0.0295,0.01025,0.0695
3252,8,52,4000,3268,0.001,0.008315062839500093,0.020761267105243442,3718,108,134,40,0.9295,0.027,0.0335,0.01,0.07050000000000001
3253,8,53,4000,3269,0.001,0.00810650660590276,0.02067638698044839,3736,121,104,39,0.934,0.03025,0.026,0.00975,0.06599999999999995
3254,8,54,4000,3270,0.001,0.007996073938389013,0.020563327543009918,3730,122,101,47,0.9325,0.0305,0.02525,0.01175,0.0675
3255,8,55,4000,3271,0.001,0.008263095825028863,0.020543026567475475,3750,111,108,31,0.9375,0.02775,0.027,0.00775,0.0625
3256,8,56,4000,3272,0.001,0.008236486443470987,0.02069572976912875,3750,102,106,42,0.9375,0.0255,0.0265,0.0105,0.0625
3257,8,57,4000,3273,0.001,0.008175447419540363,0.020733976072229394,3743,115,111,31,0.93575,0.02875,0.02775,0.00775,0.06425000000000003
3258,8,58,4000,3274,0.001,0.008095408020699482,0.02070450629632127,3725,117,114,44,0.93125,0.02925,0.0285,0.011,0.06874999999999998
3259,8,59,4000,3275,0.001,0.008120202941631911,0.020699215530831205,3751,93,127,29,0.93775,0.02325,0.03175,0.00725,0.06225000000000003
3260,8,60,4000,3276,0.001,0.008243774583220814,0.02052084113826397,3744,100,107,49,0.936,0.025,0.02675,0.01225,0.06399999999999995
3261,8,61,4000,3277,0.001,0.008488657610058885,0.020540315023426275,3711,135,122,32,0.92775,0.03375,0.0305,0.008,0.07225000000000004
3262,8,62,4000,3278,0.001,0.00887510515914822,0.020546291788349904,3740,110,112,38,0.935,0.0275,0.028,0.0095,0.06499999999999995
3263,8,63,4000,3279,0.001,0.00889836051221685,0.0206166107097064,3685,128,151,36,0.92125,0.032,0.03775,0.009,0.07874999999999999
3264,8,64,4000,3280,0.001,0.00869860115695138,0.020538056336167305,3730,103,128,39,0.9325,0.02575,0.032,0.00975,0.0675
3265,8,65,4000,3281,0.001,0.0083269898904752,0.02047778435802247,3732,115,119,34,0.933,0.02875,0.02975,0.0085,0.06699999999999995
3266,8,66,4000,3282,0.001,0.008375074547851337,0.02049265676540643,3753,89,121,37,0.93825,0.02225,0.03025,0.00925,0.06174999999999997
3267,8,67,4000,3283,0.001,0.008284909888849447,0.02069082028893106,3739,129,100,32,0.93475,0.03225,0.025,0.008,0.06525000000000003
3268,8,68,4000,3284,0.001,0.008251844539177787,0.020579777442022506,3715,124,124,37,0.92875,0.031,0.031,0.00925,0.07125000000000004
3269,8,69,4000,3285,0.001,0.008084379439455065,0.020591627562158456,3740,88,134,38,0.935,0.022,0.0335,0.0095,0.06499999999999995
3270,8,70,4000,3286,0.001,0.008172643845139473,0.020546225368245984,3742,92,131,35,0.9355,0.023,0.03275,0.00875,0.0645
3271,8,71,4000,3287,0.001,0.008155700697386697,0.02061959564226739,3737,113,110,40,0.93425,0.02825,0.0275,0.01,0.06574999999999998
3272,8,72,4000,3288,0.001,0.008073098051664557,0.020600994909175434,3718,115,139,28,0.9295,0.02875,0.03475,0.007,0.07050000000000001
3273,8,73,4000,3289,0.001,0.008161292272644272,0.020740687991292618,3724,121,124,31,0.931,0.03025,0.031,0.00775,0.06899999999999995
3274,8,74,4000,3290,0.001,0.008160635390931132,0.020811171273116557,3718,124,112,46,0.9295,0.031,0.028,0.0115,0.07050000000000001
3275,8,75,4000,3291,0.001,0.00852651931344298,0.02096708693603874,3725,115,117,43,0.93125,0.02875,0.02925,0.01075,0.06874999999999998
3276,8,76,4000,3292,0.001,0.00842498464533248,0.020884221565162103,3742,102,120,36,0.9355,0.0255,0.03,0.009,0.0645
3277,8,77,4000,3293,0.001,0.008404918854501415,0.020864414565314307,3691,122,146,41,0.92275,0.0305,0.0365,0.01025,0.07725000000000004
3278,8,78,4000,3294,0.001,0.00863048870070141,0.02079523943893059,3717,111,135,37,0.92925,0.02775,0.03375,0.00925,0.07074999999999998
3279,8,79,4000,3295,0.001,0.008665317704064215,0.02081085156001487,3730,126,116,28,0.9325,0.0315,0.029,0.007,0.0675
3280,8,80,4000,3296,0.001,0.008567743980054122,0.020630265488835457,3690,124,145,41,0.9225,0.031,0.03625,0.01025,0.07750000000000001
3281,8,81,4000,3297,0.001,0.008335764061622845,0.02076226041070229,3725,101,145,29,0.93125,0.02525,0.03625,0.00725,0.06874999999999998
3282,8,82,4000,3298,0.001,0.00828499970651108,0.020859452171359354,3731,111,130,28,0.93275,0.02775,0.0325,0.007,0.06725000000000003
3283,8,83,4000,3299,0.001,0.008130198883134444,0.02093411841810913,3744,124,101,31,0.936,0.031,0.02525,0.00775,0.06399999999999995
3284,8,84,4000,3300,0.001,0.008223924096783058,0.020923011581507927,3744,117,105,34,0.936,0.02925,0.02625,0.0085,0.06399999999999995
3285,8,85,4000,3301,0.001,0.008204116632977071,0.020881670368818675,3698,126,138,38,0.9245,0.0315,0.0345,0.0095,0.07550000000000001
3286,8,86,4000,3302,0.001,0.008454953807002938,0.0209803683744334,3685,147,118,50,0.92125,0.03675,0.0295,0.0125,0.07874999999999999
3287,8,87,4000,3303,0.001,0.00835780377437359,0.021092060646317516,3725,108,125,42,0.93125,0.027,0.03125,0.0105,0.06874999999999998
3288,8,88,4000,3304,0.001,0.00838936599569846,0.020869079260123855,3733,105,133,29,0.93325,0.02625,0.03325,0.00725,0.06674999999999998
3289,8,89,4000,3305,0.001,0.00845817668432822,0.020886337907966245,3703,119,137,41,0.92575,0.02975,0.03425,0.01025,0.07425000000000004
3290,8,90,4000,3306,0.001,0.008724140581378508,0.020882838580417992,3732,111,120,37,0.933,0.02775,0.03,0.00925,0.06699999999999995
3291,8,91,4000,3307,0.001,0.008968838921393059,0.021078430437100247,3693,139,129,39,0.92325,0.03475,0.03225,0.00975,0.07674999999999998
3292,8,92,4000,3308,0.001,0.008916543411214839,0.02107437302414884,3741,109,106,44,0.93525,0.02725,0.0265,0.011,0.06474999999999997
3293,8,93,4000,3309,0.001,0.008781140002395,0.02104383763595397,3733,102,134,31,0.93325,0.0255,0.0335,0.00775,0.06674999999999998
3294,8,94,4000,3310,0.001,0.008849376724954935,0.021253570793876825,3731,111,112,46,0.93275,0.02775,0.028,0.0115,0.06725000000000003
3295,8,95,4000,3311,0.001,0.008958014452307596,0.02128361110056026,3701,114,137,48,0.92525,0.0285,0.03425,0.012,0.07474999999999998
3296,8,96,4000,3312,0.001,0.009036137531563319,0.021301037876495708,3684,131,137,48,0.921,0.03275,0.03425,0.012,0.07899999999999996
3297,8,97,4000,3313,0.001,0.009066016412478443,0.021268676058071017,3687,142,141,30,0.92175,0.0355,0.03525,0.0075,0.07825000000000004
3298,8,98,4000,3314,0.001,0.0088188938295442,0.02120591834694352,3706,117,137,40,0.9265,0.02925,0.03425,0.01,0.07350000000000001
3299,8,99,4000,3315,0.001,0.009018155732367927,0.02132623608324378,3729,103,122,46,0.93225,0.02575,0.0305,0.0115,0.06774999999999998
3300,8,100,4000,3316,0.001,0.009004021887184074,0.021411392108485295,3723,106,127,44,0.93075,0.0265,0.03175,0.011,0.06925000000000003
3301,8,101,4000,3317,0.001,0.009142459672948163,0.021254128875355514,3728,114,121,37,0.932,0.0285,0.03025,0.00925,0.06799999999999995
3302,8,102,4000,3318,0.001,0.009323080147424974,0.02110669139941409,3729,109,140,22,0.93225,0.02725,0.035,0.0055,0.06774999999999998
3303,8,103,4000,3319,0.001,0.009768670109234571,0.021262327953888802,3710,108,143,39,0.9275,0.027,0.03575,0.00975,0.07250000000000001
3304,8,104,4000,3320,0.001,0.009743479773842049,0.021188965400669956,3690,124,142,44,0.9225,0.031,0.0355,0.011,0.07750000000000001
3305,8,105,4000,3321,0.001,0.009894365486706422,0.02102862745394773,3720,102,151,27,0.93,0.0255,0.03775,0.00675,0.06999999999999995
3306,8,106,4000,3322,0.001,0.009623890118818666,0.02097530620096674,3666,135,158,41,0.9165,0.03375,0.0395,0.01025,0.08350000000000002
3307,8,107,4000,3323,0.001,0.009688971196798556,0.020974889618641288,3677,131,141,51,0.91925,0.03275,0.03525,0.01275,0.08074999999999999
3308,8,108,4000,3324,0.001,0.009844222502363107,0.02097389028294824,3733,109,125,33,0.93325,0.02725,0.03125,0.00825,0.06674999999999998
3309,8,109,4000,3325,0.001,0.010164769622174268,0.020941828337065257,3704,119,130,47,0.926,0.02975,0.0325,0.01175,0.07399999999999995
3310,8,110,4000,3326,0.001,0.01046839028193015,0.02092783507343765,3715,119,136,30,0.92875,0.02975,0.034,0.0075,0.07125000000000004
3311,8,111,4000,3327,0.001,0.010441123760623857,0.02105320897368076,3699,120,127,54,0.92475,0.03,0.03175,0.0135,0.07525000000000004
3312,8,112,4000,3328,0.001,0.010793978739637982,0.021033862016484516,3698,112,141,49,0.9245,0.028,0.03525,0.01225,0.07550000000000001
3313,8,113,4000,3329,0.001,0.011265541077784368,0.02087711707058565,3700,112,142,46,0.925,0.028,0.0355,0.0115,0.07499999999999996
3314,8,114,4000,3330,0.001,0.011279752875024451,0.021043870142350825,3700,105,145,50,0.925,0.02625,0.03625,0.0125,0.07499999999999996
3315,8,115,4000,3331,0.001,0.011502456325391633,0.021115128324708812,3678,122,149,51,0.9195,0.0305,0.03725,0.01275,0.08050000000000002
3316,8,116,4000,3332,0.001,0.011425277164138792,0.02115147389110904,3685,121,143,51,0.92125,0.03025,0.03575,0.01275,0.07874999999999999
3317,8,117,4000,3333,0.001,0.011652626838382885,0.02123949387296297,3695,120,143,42,0.92375,0.03,0.03575,0.0105,0.07625000000000004
3318,8,118,4000,3334,0.001,0.011571110165420893,0.02119691987920042,3695,123,130,52,0.92375,0.03075,0.0325,0.013,0.07625000000000004
3319,8,119,4000,3335,0.001,0.011634311892258229,0.021194959609177517,3671,133,144,52,0.91775,0.03325,0.036,0.013,0.08225000000000005
3320,8,120,4000,3336,0.001,0.012159695086954848,0.021241703572915542,3697,115,148,40,0.92425,0.02875,0.037,0.01,0.07574999999999998
3321,8,121,4000,3337,0.001,0.0118596159062971,0.02123716393168039,3676,115,163,46,0.919,0.02875,0.04075,0.0115,0.08099999999999996
3322,8,122,4000,3338,0.001,0.011764963445902235,0.021267456208378364,3670,124,154,52,0.9175,0.031,0.0385,0.013,0.08250000000000002
3323,8,123,4000,3339,0.001,0.01164727155067446,0.02125652099917843,3699,131,131,39,0.92475,0.03275,0.03275,0.00975,0.07525000000000004
3324,8,124,4000,3340,0.001,0.011559420609445474,0.02119133051492614,3664,131,156,49,0.916,0.03275,0.039,0.01225,0.08399999999999996
3325,8,125,4000,3341,0.001,0.011859196845183207,0.021151190120489625,3688,124,144,44,0.922,0.031,0.036,0.011,0.07799999999999996
3326,8,126,4000,3342,0.001,0.01189060837353027,0.02116013772204632,3677,119,155,49,0.91925,0.02975,0.03875,0.01225,0.08074999999999999
3327,8,127,4000,3343,0.001,0.011708423875573611,0.021255697486379063,3690,117,145,48,0.9225,0.02925,0.03625,0.012,0.07750000000000001
3328,8,128,4000,3344,0.001,0.01163586718933553,0.021321695737209573,3682,134,144,40,0.9205,0.0335,0.036,0.01,0.07950000000000002
3329,8,129,4000,3345,0.001,0.011816597389843,0.021272624741459394,3668,131,152,49,0.917,0.03275,0.038,0.01225,0.08299999999999996
3330,8,130,4000,3346,0.001,0.011752334760448669,0.021327682369609954,3694,120,148,38,0.9235,0.03,0.037,0.0095,0.07650000000000001
3331,8,131,4000,3347,0.001,0.012193942834519475,0.021267170893618972,3671,134,153,42,0.91775,0.0335,0.03825,0.0105,0.08225000000000005
3332,8,132,4000,3348,0.001,0.011987702086301807,0.02121276524581236,3663,113,179,45,0.91575,0.02825,0.04475,0.01125,0.08425000000000005
3333,8,133,4000,3349,0.001,0.012261148651813408,0.02137391172853888,3651,135,152,62,0.91275,0.03375,0.038,0.0155,0.08725000000000005
3334,8,134,4000,3350,0.001,0.012457213234222558,0.021512871672928317,3690,124,149,37,0.9225,0.031,0.03725,0.00925,0.07750000000000001
3335,8,135,4000,3351,0.001,0.012438080303373181,0.021476297371616507,3666,129,142,63,0.9165,0.03225,0.0355,0.01575,0.08350000000000002
3336,8,136,4000,3352,0.001,0.01219912390632361,0.021421758730470267,3702,115,130,53,0.9255,0.02875,0.0325,0.01325,0.07450000000000001
3337,8,137,4000,3353,0.001,0.012043808035201135,0.021543040489911305,3655,143,156,46,0.91375,0.03575,0.039,0.0115,0.08625000000000005
3338,8,138,4000,3354,0.001,0.012148803502496438,0.021496822782499946,3663,129,145,63,0.91575,0.03225,0.03625,0.01575,0.08425000000000005
3339,8,139,4000,3355,0.001,0.012168208418443412,0.021640487904297335,3635,141,171,53,0.90875,0.03525,0.04275,0.01325,0.09125000000000005
3340,8,140,4000,3356,0.001,0.012001408316534993,0.021564380384762237,3685,125,149,41,0.92125,0.03125,0.03725,0.01025,0.07874999999999999
3341,8,141,4000,3357,0.001,0.01204304958916231,0.021588823400012325,3678,112,156,54,0.9195,0.028,0.039,0.0135,0.08050000000000002
3342,8,142,4000,3358,0.001,0.011851751369680617,0.021618235528845276,3686,122,146,46,0.9215,0.0305,0.0365,0.0115,0.07850000000000001
3343,8,143,4000,3359,0.001,0.01192879607608045,0.021585327447195914,3695,119,144,42,0.92375,0.02975,0.036,0.0105,0.07625000000000004
3344,8,144,4000,3360,0.001,0.012150554705154356,0.021540005562428806,3676,118,156,50,0.919,0.0295,0.039,0.0125,0.08099999999999996
3345,8,145,4000,3361,0.001,0.012262676660657562,0.021612877284060545,3668,120,161,51,0.917,0.03,0.04025,0.01275,0.08299999999999996
3346,8,146,4000,3362,0.001,0.012172400181767936,0.021746565529476722,3691,120,138,51,0.92275,0.03,0.0345,0.01275,0.07725000000000004
3347,8,147,4000,3363,0.001,0.012153112289959881,0.021660199652387302,3678,129,137,56,0.9195,0.03225,0.03425,0.014,0.08050000000000002
3348,8,148,4000,3364,0.001,0.012270764555676288,0.021645478518866796,3663,133,143,61,0.91575,0.03325,0.03575,0.01525,0.08425000000000005
3349,8,149,4000,3365,0.001,0.012592959075075056,0.021650404827766985,3676,131,153,40,0.919,0.03275,0.03825,0.01,0.08099999999999996
3350,8,150,4000,3366,0.001,0.012523746249868106,0.02180490766838505,3656,133,157,54,0.914,0.03325,0.03925,0.0135,0.08599999999999997
3351,8,151,4000,3367,0.001,0.012684247176108426,0.02189297612287325,3670,123,142,65,0.9175,0.03075,0.0355,0.01625,0.08250000000000002
3352,8,152,4000,3368,0.001,0.01275809368085792,0.02173454252217774,3668,125,153,54,0.917,0.03125,0.03825,0.0135,0.08299999999999996
3353,8,153,4000,3369,0.001,0.012889142523093557,0.02175742784356628,3630,163,160,47,0.9075,0.04075,0.04,0.01175,0.09250000000000003
3354,8,154,4000,3370,0.001,0.012819746621962226,0.021728730568259465,3679,110,161,50,0.91975,0.0275,0.04025,0.0125,0.08025000000000004
3355,8,155,4000,3371,0.001,0.012925435081159006,0.02168245811502255,3664,129,154,53,0.916,0.03225,0.0385,0.01325,0.08399999999999996
3356,8,156,4000,3372,0.001,0.01275839358823215,0.021722126065775716,3663,128,156,53,0.91575,0.032,0.039,0.01325,0.08425000000000005
3357,8,157,4000,3373,0.001,0.012552012997654842,0.021949149478961903,3716,123,117,44,0.929,0.03075,0.02925,0.011,0.07099999999999995
3358,8,158,4000,3374,0.001,0.01267159095418892,0.021834026749982825,3670,114,178,38,0.9175,0.0285,0.0445,0.0095,0.08250000000000002
3359,8,159,4000,3375,0.001,0.012873637142072411,0.02182141815185131,3661,124,158,57,0.91525,0.031,0.0395,0.01425,0.08474999999999999
3360,8,160,4000,3376,0.001,0.013207088071053108,0.021652903747642414,3655,135,158,52,0.91375,0.03375,0.0395,0.013,0.08625000000000005
3361,8,161,4000,3377,0.001,0.013123583994451592,0.02172358322067297,3637,137,179,47,0.90925,0.03425,0.04475,0.01175,0.09075
3362,8,162,4000,3378,0.001,0.01309812286435379,0.021612834135492455,3660,113,163,64,0.915,0.02825,0.04075,0.016,0.08499999999999996
3363,8,163,4000,3379,0.001,0.012929304572036112,0.02154803892974537,3652,133,167,48,0.913,0.03325,0.04175,0.012,0.08699999999999997
3364,8,164,4000,3380,0.001,0.012877705589615587,0.02164041495160899,3687,105,159,49,0.92175,0.02625,0.03975,0.01225,0.07825000000000004
3365,8,165,4000,3381,0.001,0.01316074416257302,0.02173812708186673,3660,142,154,44,0.915,0.0355,0.0385,0.011,0.08499999999999996
3366,8,166,4000,3382,0.001,0.01347651067809499,0.021689341298402644,3635,129,169,67,0.90875,0.03225,0.04225,0.01675,0.09125000000000005
3367,8,167,4000,3383,0.001,0.013764337176327577,0.02160756201667612,3642,144,147,67,0.9105,0.036,0.03675,0.01675,0.08950000000000002
3368,8,168,4000,3384,0.001,0.013671808850969167,0.021566160696375854,3647,122,185,46,0.91175,0.0305,0.04625,0.0115,0.08825000000000005
3369,8,169,4000,3385,0.001,0.013583336353087384,0.02167086049723303,3661,142,153,44,0.91525,0.0355,0.03825,0.011,0.08474999999999999
3370,8,170,4000,3386,0.001,0.01366929619513984,0.021474491646251856,3663,124,170,43,0.91575,0.031,0.0425,0.01075,0.08425000000000005
3371,8,171,4000,3387,0.001,0.013793803608491997,0.021655796330549197,3658,134,153,55,0.9145,0.0335,0.03825,0.01375,0.08550000000000002
3372,8,172,4000,3388,0.001,0.013972739787289518,0.021702994947741666,3625,146,174,55,0.90625,0.0365,0.0435,0.01375,0.09375
3373,8,173,4000,3389,0.001,0.014070031436015297,0.021685575799094702,3639,133,169,59,0.90975,0.03325,0.04225,0.01475,0.09025000000000005
3374,8,174,4000,3390,0.001,0.01374219441230267,0.021607664861369048,3636,150,159,55,0.909,0.0375,0.03975,0.01375,0.09099999999999997
3375,8,175,4000,3391,0.001,0.013960871282303517,0.02148169157124517,3638,127,180,55,0.9095,0.03175,0.045,0.01375,0.09050000000000002
3376,8,176,4000,3392,0.001,0.014138777717076272,0.021507159154233128,3646,141,160,53,0.9115,0.03525,0.04,0.01325,0.08850000000000002
3377,8,177,4000,3393,0.001,0.014231944063523986,0.021616650435283272,3650,125,167,58,0.9125,0.03125,0.04175,0.0145,0.08750000000000002
3378,8,178,4000,3394,0.001,0.01406906672284475,0.021601701206500408,3646,119,189,46,0.9115,0.02975,0.04725,0.0115,0.08850000000000002
3379,8,179,4000,3395,0.001,0.013900891088411856,0.02164980027137897,3633,143,169,55,0.90825,0.03575,0.04225,0.01375,0.09175
3380,8,180,4000,3396,0.001,0.014026026572490184,0.021692766396547696,3672,119,157,52,0.918,0.02975,0.03925,0.013,0.08199999999999996
3381,8,181,4000,3397,0.001,0.014420175257071701,0.02173792872531313,3668,130,142,60,0.917,0.0325,0.0355,0.015,0.08299999999999996
3382,8,182,4000,3398,0.001,0.014279505692501127,0.021668398852066232,3664,120,155,61,0.916,0.03,0.03875,0.01525,0.08399999999999996
3383,8,183,4000,3399,0.001,0.01404450586835689,0.021731268299307098,3633,138,172,57,0.90825,0.0345,0.043,0.01425,0.09175
3384,8,184,4000,3400,0.001,0.014006982990572134,0.021644187357097056,3646,134,161,59,0.9115,0.0335,0.04025,0.01475,0.08850000000000002
3385,8,185,4000,3401,0.001,0.013790317769402267,0.021880676936166018,3646,134,163,57,0.9115,0.0335,0.04075,0.01425,0.08850000000000002
3386,8,186,4000,3402,0.001,0.013816576484146657,0.021884011369052405,3653,124,166,57,0.91325,0.031,0.0415,0.01425,0.08675
3387,8,187,4000,3403,0.001,0.013899576693620911,0.021955234115046664,3660,129,162,49,0.915,0.03225,0.0405,0.01225,0.08499999999999996
3388,8,188,4000,3404,0.001,0.01393387444975878,0.02224235443142164,3638,144,170,48,0.9095,0.036,0.0425,0.012,0.09050000000000002
3389,8,189,4000,3405,0.001,0.014059872672608475,0.022284974239120323,3652,136,157,55,0.913,0.034,0.03925,0.01375,0.08699999999999997
3390,8,190,4000,3406,0.001,0.014145664057517798,0.022124193238472797,3636,128,168,68,0.909,0.032,0.042,0.017,0.09099999999999997
3391,8,191,4000,3407,0.001,0.014157560575380104,0.022109698158000082,3658,129,160,53,0.9145,0.03225,0.04,0.01325,0.08550000000000002
3392,8,192,4000,3408,0.001,0.014110786385175345,0.022126571193323948,3639,138,170,53,0.90975,0.0345,0.0425,0.01325,0.09025000000000005
3393,8,193,4000,3409,0.001,0.014327323878697553,0.022220602800642024,3694,124,137,45,0.9235,0.031,0.03425,0.01125,0.07650000000000001
3394,8,194,4000,3410,0.001,0.014369134513336204,0.022250056637313796,3645,131,163,61,0.91125,0.03275,0.04075,0.01525,0.08875
3395,8,195,4000,3411,0.001,0.014457720771478841,0.022105625256341133,3640,128,165,67,0.91,0.032,0.04125,0.01675,0.08999999999999997
3396,8,196,4000,3412,0.001,0.014408782779126338,0.022198651923587467,3632,147,168,53,0.908,0.03675,0.042,0.01325,0.09199999999999997
3397,8,197,4000,3413,0.001,0.014569388239297168,0.022338891222071004,3613,155,168,64,0.90325,0.03875,0.042,0.016,0.09675
3398,8,198,4000,3414,0.001,0.01460623047431377,0.0224831279409199,3651,143,152,54,0.91275,0.03575,0.038,0.0135,0.08725000000000005
3399,8,199,4000,3415,0.001,0.014561246862663808,0.022558791538899343,3634,138,160,68,0.9085,0.0345,0.04,0.017,0.09150000000000003
3400,8,200,4000,3416,0.001,0.0147275206396112,0.02257620149250531,3627,149,167,57,0.90675,0.03725,0.04175,0.01425,0.09325000000000006
3401,8,201,4000,3417,0.001,0.014968903583610416,0.022593690810056494,3659,129,152,60,0.91475,0.03225,0.038,0.015,0.08525000000000005
3402,8,202,4000,3418,0.001,0.014994367163756751,0.022705520630683568,3632,152,165,51,0.908,0.038,0.04125,0.01275,0.09199999999999997
3403,8,203,4000,3419,0.001,0.014985393691609148,0.022743832171165518,3606,138,181,75,0.9015,0.0345,0.04525,0.01875,0.09850000000000003
3404,8,204,4000,3420,0.001,0.015205860981635464,0.02269343121529606,3652,136,164,48,0.913,0.034,0.041,0.012,0.08699999999999997
3405,8,205,4000,3421,0.001,0.015358180615176414,0.022763931447518995,3639,156,161,44,0.90975,0.039,0.04025,0.011,0.09025000000000005
3406,8,206,4000,3422,0.001,0.015276206510921134,0.02277360071804574,3612,166,160,62,0.903,0.0415,0.04,0.0155,0.09699999999999998
3407,8,207,4000,3423,0.001,0.014922546582378243,0.022780908310037318,3643,131,151,75,0.91075,0.03275,0.03775,0.01875,0.08925000000000005
3408,8,208,4000,3424,0.001,0.015092733956469467,0.022646931456618103,3628,132,169,71,0.907,0.033,0.04225,0.01775,0.09299999999999997
3409,8,209,4000,3425,0.001,0.014877751422691482,0.02267459798475711,3633,154,148,65,0.90825,0.0385,0.037,0.01625,0.09175
3410,8,210,4000,3426,0.001,0.014711350511105678,0.022625126647965458,3625,142,171,62,0.90625,0.0355,0.04275,0.0155,0.09375
3411,8,211,4000,3427,0.001,0.01456377401869053,0.02274672139012463,3645,119,179,57,0.91125,0.02975,0.04475,0.01425,0.08875
3412,8,212,4000,3428,0.001,0.014755153605082547,0.022891442939451178,3670,126,152,52,0.9175,0.0315,0.038,0.013,0.08250000000000002
3413,8,213,4000,3429,0.001,0.014838526321232004,0.022779734539772112,3633,137,174,56,0.90825,0.03425,0.0435,0.014,0.09175
3414,8,214,4000,3430,0.001,0.014883608855140352,0.022672199789104286,3615,138,179,68,0.90375,0.0345,0.04475,0.017,0.09624999999999995
3415,8,215,4000,3431,0.001,0.01500427603899267,0.02275411843798614,3633,149,160,58,0.90825,0.03725,0.04,0.0145,0.09175
3416,8,216,4000,3432,0.001,0.015067774975669763,0.022959485056534133,3633,126,187,54,0.90825,0.0315,0.04675,0.0135,0.09175
3417,8,217,4000,3433,0.001,0.015181739794260437,0.022972919709289878,3636,148,147,69,0.909,0.037,0.03675,0.01725,0.09099999999999997
3418,8,218,4000,3434,0.001,0.01528525551673916,0.022970413731514476,3630,129,169,72,0.9075,0.03225,0.04225,0.018,0.09250000000000003
3419,8,219,4000,3435,0.001,0.01521311498372844,0.023037567585370365,3632,127,176,65,0.908,0.03175,0.044,0.01625,0.09199999999999997
3420,8,220,4000,3436,0.001,0.015020097702838573,0.023213548750160396,3613,137,185,65,0.90325,0.03425,0.04625,0.01625,0.09675
3421,8,221,4000,3437,0.001,0.015236635606191604,0.023397477343128543,3635,149,162,54,0.90875,0.03725,0.0405,0.0135,0.09125000000000005
3422,8,222,4000,3438,0.001,0.01514376586708146,0.023448400532157014,3630,149,174,47,0.9075,0.03725,0.0435,0.01175,0.09250000000000003
3423,8,223,4000,3439,0.001,0.015128127590662517,0.023494112254192456,3631,132,172,65,0.90775,0.033,0.043,0.01625,0.09225000000000005
3424,8,224,4000,3440,0.001,0.01507806284707664,0.023595137897780016,3629,140,156,75,0.90725,0.035,0.039,0.01875,0.09275
3425,8,225,4000,3441,0.001,0.01476044524959104,0.02364314179326158,3632,146,172,50,0.908,0.0365,0.043,0.0125,0.09199999999999997
3426,8,226,4000,3442,0.001,0.014410600925647506,0.023837437886756768,3635,134,180,51,0.90875,0.0335,0.045,0.01275,0.09125000000000005
3427,8,227,4000,3443,0.001,0.01448800965437489,0.023667099890047796,3631,137,176,56,0.90775,0.03425,0.044,0.014,0.09225000000000005
3428,8,228,4000,3444,0.001,0.01428368799359316,0.023579408331422066,3641,144,155,60,0.91025,0.036,0.03875,0.015,0.08975
3429,8,229,4000,3445,0.001,0.01465247757006537,0.023478749134025034,3628,129,177,66,0.907,0.03225,0.04425,0.0165,0.09299999999999997
3430,8,230,4000,3446,0.001,0.01442753890784002,0.023474967525993252,3641,149,153,57,0.91025,0.03725,0.03825,0.01425,0.08975
3431,8,231,4000,3447,0.001,0.014365810554702872,0.02369901865351345,3638,133,170,59,0.9095,0.03325,0.0425,0.01475,0.09050000000000002
3432,8,232,4000,3448,0.001,0.01441573469077641,0.023459677822177602,3655,130,164,51,0.91375,0.0325,0.041,0.01275,0.08625000000000005
3433,8,233,4000,3449,0.001,0.014401968105636728,0.023391127447907004,3638,153,155,54,0.9095,0.03825,0.03875,0.0135,0.09050000000000002
3434,8,234,4000,3450,0.001,0.014564918278967722,0.023416080463160942,3614,140,182,64,0.9035,0.035,0.0455,0.016,0.09650000000000003
3435,8,235,4000,3451,0.001,0.014551192183868137,0.02339315255649084,3632,148,165,55,0.908,0.037,0.04125,0.01375,0.09199999999999997
3436,8,236,4000,3452,0.001,0.014563519582245254,0.02335222194682775,3628,149,165,58,0.907,0.03725,0.04125,0.0145,0.09299999999999997
3437,8,237,4000,3453,0.001,0.014525770836487699,0.023384549585927998,3625,132,185,58,0.90625,0.033,0.04625,0.0145,0.09375
3438,8,238,4000,3454,0.001,0.014555778371012637,0.0232441330369961,3614,153,167,66,0.9035,0.03825,0.04175,0.0165,0.09650000000000003
3439,8,239,4000,3455,0.001,0.014867211234188315,0.023186821853597002,3615,141,190,54,0.90375,0.03525,0.0475,0.0135,0.09624999999999995
3440,8,240,4000,3456,0.001,0.015210215725009886,0.023272988989383632,3651,139,142,68,0.91275,0.03475,0.0355,0.017,0.08725000000000005
3441,8,241,4000,3457,0.001,0.015145970336248924,0.023131912528394513,3646,150,155,49,0.9115,0.0375,0.03875,0.01225,0.08850000000000002
3442,8,242,4000,3458,0.001,0.015012559120509247,0.02314222533485119,3614,141,181,64,0.9035,0.03525,0.04525,0.016,0.09650000000000003
3443,8,243,4000,3459,0.001,0.014973012113272705,0.023081131751521773,3664,115,164,57,0.916,0.02875,0.041,0.01425,0.08399999999999996
3444,8,244,4000,3460,0.001,0.015028317673314135,0.02296256457151154,3603,144,191,62,0.90075,0.036,0.04775,0.0155,0.09924999999999995
3445,8,245,4000,3461,0.001,0.014736956377601978,0.023009449083326687,3637,149,160,54,0.90925,0.03725,0.04,0.0135,0.09075
3446,8,246,4000,3462,0.001,0.015053380984421187,0.02289019067242706,3613,131,194,62,0.90325,0.03275,0.0485,0.0155,0.09675
3447,8,247,4000,3463,0.001,0.014834249205742642,0.023032702316911412,3643,136,164,57,0.91075,0.034,0.041,0.01425,0.08925000000000005
3448,8,248,4000,3464,0.001,0.014696734115107975,0.02305013281077746,3648,136,159,57,0.912,0.034,0.03975,0.01425,0.08799999999999997
3449,8,249,4000,3465,0.001,0.01450812335878731,0.023195461006276126,3641,138,151,70,0.91025,0.0345,0.03775,0.0175,0.08975
3450,8,250,4000,3466,0.001,0.014645484031913058,0.023106511004685356,3651,139,156,54,0.91275,0.03475,0.039,0.0135,0.08725000000000005
3451,8,251,4000,3467,0.001,0.014422933005777227,0.023233870171299454,3650,125,166,59,0.9125,0.03125,0.0415,0.01475,0.08750000000000002
3452,8,252,4000,3468,0.001,0.014276885867364269,0.02312049186736149,3608,157,180,55,0.902,0.03925,0.045,0.01375,0.09799999999999998
3453,8,253,4000,3469,0.001,0.014302988038923277,0.023220451494000274,3626,138,177,59,0.9065,0.0345,0.04425,0.01475,0.09350000000000003
3454,8,254,4000,3470,0.001,0.01440728692167145,0.023360995045632202,3644,137,156,63,0.911,0.03425,0.039,0.01575,0.08899999999999997
3455,8,255,4000,3471,0.001,0.01434183600175493,0.023357591538067483,3607,147,172,74,0.90175,0.03675,0.043,0.0185,0.09824999999999995
3456,8,256,4000,3472,0.001,0.013820830136470499,0.023262894452341504,3645,134,151,70,0.91125,0.0335,0.03775,0.0175,0.08875
3457,8,257,4000,3473,0.001,0.013901530061482661,0.02322850342959809,3635,152,155,58,0.90875,0.038,0.03875,0.0145,0.09125000000000005
3458,8,258,4000,3474,0.001,0.013872720853863114,0.02330069164486843,3640,139,159,62,0.91,0.03475,0.03975,0.0155,0.08999999999999997
3459,8,259,4000,3475,0.001,0.013768285851177394,0.023228756274126575,3634,128,163,75,0.9085,0.032,0.04075,0.01875,0.09150000000000003
3460,8,260,4000,3476,0.001,0.013857196326517662,0.023212362909339403,3638,162,147,53,0.9095,0.0405,0.03675,0.01325,0.09050000000000002
3461,8,261,4000,3477,0.001,0.013631695287694149,0.023258624985560927,3646,139,160,55,0.9115,0.03475,0.04,0.01375,0.08850000000000002
3462,8,262,4000,3478,0.001,0.013548231039860444,0.023003463375195838,3645,133,155,67,0.91125,0.03325,0.03875,0.01675,0.08875
3463,8,263,4000,3479,0.001,0.013553998256394308,0.022986816276892388,3667,143,142,48,0.91675,0.03575,0.0355,0.012,0.08325000000000005
3464,8,264,4000,3480,0.001,0.013367051433385535,0.023091906344155276,3655,129,161,55,0.91375,0.03225,0.04025,0.01375,0.08625000000000005
3465,8,265,4000,3481,0.001,0.013093736179529861,0.023006240422334862,3654,148,146,52,0.9135,0.037,0.0365,0.013,0.08650000000000002
3466,8,266,4000,3482,0.001,0.012882875468758067,0.023015133874126053,3660,127,162,51,0.915,0.03175,0.0405,0.01275,0.08499999999999996
3467,8,267,4000,3483,0.001,0.012810454569704945,0.0230800918435404,3634,147,165,54,0.9085,0.03675,0.04125,0.0135,0.09150000000000003
3468,8,268,4000,3484,0.001,0.013105800449110125,0.023056060752361957,3663,121,157,59,0.91575,0.03025,0.03925,0.01475,0.08425000000000005
3469,8,269,4000,3485,0.001,0.01310509308782013,0.023097138409613617,3646,133,179,42,0.9115,0.03325,0.04475,0.0105,0.08850000000000002
3470,8,270,4000,3486,0.001,0.012760738503926507,0.02316671338780276,3621,147,184,48,0.90525,0.03675,0.046,0.012,0.09475
3471,8,271,4000,3487,0.001,0.01283387839326226,0.02313719419772476,3656,132,158,54,0.914,0.033,0.0395,0.0135,0.08599999999999997
3472,8,272,4000,3488,0.001,0.012833071574417793,0.023274105195834206,3640,143,162,55,0.91,0.03575,0.0405,0.01375,0.08999999999999997
3473,8,273,4000,3489,0.001,0.012717923087870044,0.023193886093081505,3682,113,158,47,0.9205,0.02825,0.0395,0.01175,0.07950000000000002
3474,8,274,4000,3490,0.001,0.012759682247034968,0.0231191364101017,3646,135,163,56,0.9115,0.03375,0.04075,0.014,0.08850000000000002
3475,8,275,4000,3491,0.001,0.012871698938436291,0.023206873608876237,3649,145,146,60,0.91225,0.03625,0.0365,0.015,0.08775
3476,8,276,4000,3492,0.001,0.012899755918567847,0.02338727165711174,3655,136,164,45,0.91375,0.034,0.041,0.01125,0.08625000000000005
3477,8,277,4000,3493,0.001,0.012991126224571981,0.023405713410727263,3665,146,135,54,0.91625,0.0365,0.03375,0.0135,0.08374999999999999
3478,8,278,4000,3494,0.001,0.012844418554213727,0.023396348434145998,3660,130,166,44,0.915,0.0325,0.0415,0.011,0.08499999999999996
3479,8,279,4000,3495,0.001,0.012551387064046546,0.023401315399249823,3659,141,153,47,0.91475,0.03525,0.03825,0.01175,0.08525000000000005
3480,8,280,4000,3496,0.001,0.012760727923718934,0.023366869788808482,3658,124,164,54,0.9145,0.031,0.041,0.0135,0.08550000000000002
3481,8,281,4000,3497,0.001,0.012792302185449727,0.023169810163060467,3650,140,149,61,0.9125,0.035,0.03725,0.01525,0.08750000000000002
3482,8,282,4000,3498,0.001,0.012538174389423628,0.023331415560229548,3656,129,159,56,0.914,0.03225,0.03975,0.014,0.08599999999999997
3483,8,283,4000,3499,0.001,0.012836669573452187,0.02338560144282589,3636,148,149,67,0.909,0.037,0.03725,0.01675,0.09099999999999997
3484,8,284,4000,3500,0.001,0.012858903622120272,0.023424008344750506,3675,126,161,38,0.91875,0.0315,0.04025,0.0095,0.08125000000000004
3485,8,285,4000,3501,0.001,0.013045344113478703,0.023421665524923436,3662,142,148,48,0.9155,0.0355,0.037,0.012,0.08450000000000002
3486,8,286,4000,3502,0.001,0.013433675107815948,0.023497889956888264,3645,132,168,55,0.91125,0.033,0.042,0.01375,0.08875
3487,8,287,4000,3503,0.001,0.013288976726766922,0.023529973717530354,3657,132,166,45,0.91425,0.033,0.0415,0.01125,0.08574999999999999
3488,8,288,4000,3504,0.001,0.01359132657012111,0.023598727603564854,3645,147,163,45,0.91125,0.03675,0.04075,0.01125,0.08875
3489,8,289,4000,3505,0.001,0.01340963498486784,0.023501640282136162,3674,119,154,53,0.9185,0.02975,0.0385,0.01325,0.08150000000000002
3490,8,290,4000,3506,0.001,0.013012430573154763,0.023550200011314706,3664,143,141,52,0.916,0.03575,0.03525,0.013,0.08399999999999996
3491,8,291,4000,3507,0.001,0.012970219094756983,0.023545069149471395,3676,130,159,35,0.919,0.0325,0.03975,0.00875,0.08099999999999996
3492,8,292,4000,3508,0.001,0.012912062298913214,0.023493891126914558,3664,134,155,47,0.916,0.0335,0.03875,0.01175,0.08399999999999996
3493,8,293,4000,3509,0.001,0.012635518630276323,0.023540467421925493,3642,145,161,52,0.9105,0.03625,0.04025,0.013,0.08950000000000002
3494,8,294,4000,3510,0.001,0.012190476908753526,0.023635148215925494,3646,145,154,55,0.9115,0.03625,0.0385,0.01375,0.08850000000000002
3495,8,295,4000,3511,0.001,0.012007596289910237,0.023705132265731104,3665,135,154,46,0.91625,0.03375,0.0385,0.0115,0.08374999999999999
3496,8,296,4000,3512,0.001,0.011925525267181637,0.02365732470784557,3663,131,171,35,0.91575,0.03275,0.04275,0.00875,0.08425000000000005
3497,8,297,4000,3513,0.001,0.011955391264003069,0.023758982454855537,3618,159,167,56,0.9045,0.03975,0.04175,0.014,0.09550000000000003
3498,8,298,4000,3514,0.001,0.011581294183074502,0.023807902024143658,3635,146,171,48,0.90875,0.0365,0.04275,0.012,0.09125000000000005
3499,8,299,4000,3515,0.001,0.012042607712795283,0.023621167817380603,3651,159,140,50,0.91275,0.03975,0.035,0.0125,0.08725000000000005
3500,8,300,4000,3516,0.001,0.012171734357679286,0.02362505359573628,3622,159,168,51,0.9055,0.03975,0.042,0.01275,0.09450000000000003
3501,8,301,4000,3517,0.001,0.01183473438431689,0.023599074598676155,3663,132,157,48,0.91575,0.033,0.03925,0.012,0.08425000000000005
3502,8,302,4000,3518,0.001,0.011754534456086924,0.02368376511608289,3665,137,154,44,0.91625,0.03425,0.0385,0.011,0.08374999999999999
3503,8,303,4000,3519,0.001,0.011714995167047892,0.023785771848636974,3668,136,157,39,0.917,0.034,0.03925,0.00975,0.08299999999999996
3504,8,304,4000,3520,0.001,0.011874533725164832,0.023692671988950226,3660,136,159,45,0.915,0.034,0.03975,0.01125,0.08499999999999996
3505,8,305,4000,3521,0.001,0.011923724178170728,0.023665245406444824,3654,134,157,55,0.9135,0.0335,0.03925,0.01375,0.08650000000000002
3506,8,306,4000,3522,0.001,0.011854622752022667,0.02361017432558915,3667,116,173,44,0.91675,0.029,0.04325,0.011,0.08325000000000005
3507,8,307,4000,3523,0.001,0.011740043286373786,0.0234439031804221,3641,151,155,53,0.91025,0.03775,0.03875,0.01325,0.08975
3508,8,308,4000,3524,0.001,0.011897820362204003,0.02341845827726889,3657,117,173,53,0.91425,0.02925,0.04325,0.01325,0.08574999999999999
3509,8,309,4000,3525,0.001,0.011878402710615035,0.02339799741858441,3630,139,184,47,0.9075,0.03475,0.046,0.01175,0.09250000000000003
3510,8,310,4000,3526,0.001,0.012057274797117549,0.023334076495485166,3664,151,140,45,0.916,0.03775,0.035,0.01125,0.08399999999999996
3511,8,311,4000,3527,0.001,0.012126728943364473,0.02321292346309977,3694,124,143,39,0.9235,0.031,0.03575,0.00975,0.07650000000000001
3512,8,312,4000,3528,0.001,0.012125577919302702,0.023275072142239388,3648,136,166,50,0.912,0.034,0.0415,0.0125,0.08799999999999997
3513,8,313,4000,3529,0.001,0.012343719870966675,0.023442834863596145,3656,128,158,58,0.914,0.032,0.0395,0.0145,0.08599999999999997
3514,8,314,4000,3530,0.001,0.012403006661635926,0.02331563612383402,3679,135,141,45,0.91975,0.03375,0.03525,0.01125,0.08025000000000004
3515,8,315,4000,3531,0.001,0.012706383845049813,0.023315793386045763,3635,139,180,46,0.90875,0.03475,0.045,0.0115,0.09125000000000005
3516,8,316,4000,3532,0.001,0.01268358402472395,0.023394188319973,3647,153,151,49,0.91175,0.03825,0.03775,0.01225,0.08825000000000005
3517,8,317,4000,3533,0.001,0.012967993557194976,0.02326474605230575,3631,135,173,61,0.90775,0.03375,0.04325,0.01525,0.09225000000000005
3518,8,318,4000,3534,0.001,0.013003831894150813,0.023217156151639527,3653,124,170,53,0.91325,0.031,0.0425,0.01325,0.08675
3519,8,319,4000,3535,0.001,0.012967518994547443,0.023223674197408808,3667,130,139,64,0.91675,0.0325,0.03475,0.016,0.08325000000000005
3520,8,320,4000,3536,0.001,0.013502202479121553,0.023243143131053388,3614,152,173,61,0.9035,0.038,0.04325,0.01525,0.09650000000000003
3521,8,321,4000,3537,0.001,0.013634779957231006,0.023149892418257184,3623,149,183,45,0.90575,0.03725,0.04575,0.01125,0.09424999999999994
3522,8,322,4000,3538,0.001,0.0134500396041395,0.02310437947717869,3654,134,156,56,0.9135,0.0335,0.039,0.014,0.08650000000000002
3523,8,323,4000,3539,0.001,0.01351456820612656,0.022953423488381336,3645,136,159,60,0.91125,0.034,0.03975,0.015,0.08875
3524,8,324,4000,3540,0.001,0.013606775435657168,0.02296127031320807,3633,134,183,50,0.90825,0.0335,0.04575,0.0125,0.09175
3525,8,325,4000,3541,0.001,0.013640524627842546,0.02303433170941271,3641,127,169,63,0.91025,0.03175,0.04225,0.01575,0.08975
3526,8,326,4000,3542,0.001,0.013675860343812919,0.022965786958587465,3686,117,158,39,0.9215,0.02925,0.0395,0.00975,0.07850000000000001
3527,8,327,4000,3543,0.001,0.013636835381756985,0.023004209223405243,3647,143,159,51,0.91175,0.03575,0.03975,0.01275,0.08825000000000005
3528,8,328,4000,3544,0.001,0.013744007748393065,0.023105034411457098,3640,139,175,46,0.91,0.03475,0.04375,0.0115,0.08999999999999997
3529,8,329,4000,3545,0.001,0.013906534223280434,0.023141012723477378,3641,119,191,49,0.91025,0.02975,0.04775,0.01225,0.08975
3530,8,330,4000,3546,0.001,0.01442036835543369,0.023354914784574504,3614,152,182,52,0.9035,0.038,0.0455,0.013,0.09650000000000003
3531,8,331,4000,3547,0.001,0.014411673218432978,0.023305402070046836,3668,137,151,44,0.917,0.03425,0.03775,0.011,0.08299999999999996
3532,8,332,4000,3548,0.001,0.014232554886965086,0.023407135393860377,3638,129,184,49,0.9095,0.03225,0.046,0.01225,0.09050000000000002
3533,8,333,4000,3549,0.001,0.014338353370955405,0.023481301378888198,3655,139,154,52,0.91375,0.03475,0.0385,0.013,0.08625000000000005
3534,8,334,4000,3550,0.001,0.014150647975764236,0.0234806549887669,3626,150,153,71,0.9065,0.0375,0.03825,0.01775,0.09350000000000003
3535,8,335,4000,3551,0.001,0.014080278671662158,0.02349721609173325,3665,134,139,62,0.91625,0.0335,0.03475,0.0155,0.08374999999999999
3536,8,336,4000,3552,0.001,0.01390736862719556,0.023196916754473416,3677,117,149,57,0.91925,0.02925,0.03725,0.01425,0.08074999999999999
3537,8,337,4000,3553,0.001,0.013832692361601723,0.0231707104093274,3636,136,163,65,0.909,0.034,0.04075,0.01625,0.09099999999999997
3538,8,338,4000,3554,0.001,0.01390639353658828,0.02309593609963907,3624,160,162,54,0.906,0.04,0.0405,0.0135,0.09399999999999997
3539,8,339,4000,3555,0.001,0.013951155036101658,0.02318689253281306,3604,172,175,49,0.901,0.043,0.04375,0.01225,0.09899999999999998
3540,8,340,4000,3556,0.001,0.014209971964954255,0.02298672269450095,3623,146,159,72,0.90575,0.0365,0.03975,0.018,0.09424999999999994
3541,8,341,4000,3557,0.001,0.014216376043574515,0.02314292054791496,3637,150,158,55,0.90925,0.0375,0.0395,0.01375,0.09075
3542,8,342,4000,3558,0.001,0.014317321194451081,0.023086035995077032,3645,126,163,66,0.91125,0.0315,0.04075,0.0165,0.08875
3543,8,343,4000,3559,0.001,0.014595031205152254,0.023015878413766046,3664,135,144,57,0.916,0.03375,0.036,0.01425,0.08399999999999996
3544,8,344,4000,3560,0.001,0.01509688256186478,0.022910714845122478,3635,143,167,55,0.90875,0.03575,0.04175,0.01375,0.09125000000000005
3545,8,345,4000,3561,0.001,0.01549233356894144,0.022967060670409736,3625,145,167,63,0.90625,0.03625,0.04175,0.01575,0.09375
3546,8,346,4000,3562,0.001,0.015194058290556596,0.02297217879278809,3605,141,181,73,0.90125,0.03525,0.04525,0.01825,0.09875
3547,8,347,4000,3563,0.001,0.015075111043094029,0.022882805112865456,3615,155,162,68,0.90375,0.03875,0.0405,0.017,0.09624999999999995
3548,8,348,4000,3564,0.001,0.014933515870993178,0.022995248691817054,3653,147,144,56,0.91325,0.03675,0.036,0.014,0.08675
3549,8,349,4000,3565,0.001,0.014826532501842023,0.022959824007078498,3615,140,169,76,0.90375,0.035,0.04225,0.019,0.09624999999999995
3550,8,350,4000,3566,0.001,0.014598848572243967,0.02295534449108047,3631,163,154,52,0.90775,0.04075,0.0385,0.013,0.09225000000000005
3551,8,351,4000,3567,0.001,0.01474313390785617,0.02287281019534047,3638,145,161,56,0.9095,0.03625,0.04025,0.014,0.09050000000000002
3552,8,352,4000,3568,0.001,0.01464437038739977,0.022933707592382876,3650,154,143,53,0.9125,0.0385,0.03575,0.01325,0.08750000000000002
3553,8,353,4000,3569,0.001,0.014946959311295735,0.022857476242040327,3627,157,157,59,0.90675,0.03925,0.03925,0.01475,0.09325000000000006
3554,8,354,4000,3570,0.001,0.014825620661165717,0.0226975335759875,3634,147,155,64,0.9085,0.03675,0.03875,0.016,0.09150000000000003
3555,8,355,4000,3571,0.001,0.014968444679592774,0.022682259430494674,3641,127,175,57,0.91025,0.03175,0.04375,0.01425,0.08975
3556,8,356,4000,3572,0.001,0.015004594424134845,0.022674778411008446,3634,123,167,76,0.9085,0.03075,0.04175,0.019,0.09150000000000003
3557,8,357,4000,3573,0.001,0.015022401794575941,0.022429283639525968,3606,141,178,75,0.9015,0.03525,0.0445,0.01875,0.09850000000000003
3558,8,358,4000,3574,0.001,0.015261961128332795,0.0225727447736556,3639,125,170,66,0.90975,0.03125,0.0425,0.0165,0.09025000000000005
3559,8,359,4000,3575,0.001,0.015384046878439143,0.022503449076722973,3626,139,179,56,0.9065,0.03475,0.04475,0.014,0.09350000000000003
3560,8,360,4000,3576,0.001,0.015459579546213785,0.022609582435064994,3665,123,144,68,0.91625,0.03075,0.036,0.017,0.08374999999999999
3561,8,361,4000,3577,0.001,0.01569003392159783,0.022716320630174137,3612,149,162,77,0.903,0.03725,0.0405,0.01925,0.09699999999999998
3562,8,362,4000,3578,0.001,0.015802820839199535,0.022763608067335597,3648,137,156,59,0.912,0.03425,0.039,0.01475,0.08799999999999997
3563,8,363,4000,3579,0.001,0.015497861188238825,0.022736238394703952,3592,150,189,69,0.898,0.0375,0.04725,0.01725,0.10199999999999998
3564,8,364,4000,3580,0.001,0.015621038178298362,0.02277762206896357,3639,152,151,58,0.90975,0.038,0.03775,0.0145,0.09025000000000005
3565,8,365,4000,3581,0.001,0.015373374621169533,0.022758687398448257,3621,150,165,64,0.90525,0.0375,0.04125,0.016,0.09475
3566,8,366,4000,3582,0.001,0.015445784618488776,0.02274636932830289,3609,144,173,74,0.90225,0.036,0.04325,0.0185,0.09775
3567,8,367,4000,3583,0.001,0.015371938591352144,0.022848923327410963,3608,136,195,61,0.902,0.034,0.04875,0.01525,0.09799999999999998
3568,8,368,4000,3584,0.001,0.015157629126853723,0.022834433465016853,3648,134,154,64,0.912,0.0335,0.0385,0.016,0.08799999999999997
3569,8,369,4000,3585,0.001,0.015230950804188716,0.022799610577696458,3605,155,166,74,0.90125,0.03875,0.0415,0.0185,0.09875
3570,8,370,4000,3586,0.001,0.015597679093292252,0.022850221809112704,3621,142,178,59,0.90525,0.0355,0.0445,0.01475,0.09475
3571,8,371,4000,3587,0.001,0.01573169540113646,0.02290219742109885,3623,145,161,71,0.90575,0.03625,0.04025,0.01775,0.09424999999999994
3572,8,372,4000,3588,0.001,0.01574995924705207,0.022713101882278146,3594,155,181,70,0.8985,0.03875,0.04525,0.0175,0.10150000000000003
3573,8,373,4000,3589,0.001,0.015761570627781663,0.02280581977702722,3598,160,179,63,0.8995,0.04,0.04475,0.01575,0.10050000000000003
3574,8,374,4000,3590,0.001,0.01588760787206456,0.022699609659370436,3616,131,195,58,0.904,0.03275,0.04875,0.0145,0.09599999999999997
3575,8,375,4000,3591,0.001,0.01572150023415861,0.022598345308704647,3621,129,183,67,0.90525,0.03225,0.04575,0.01675,0.09475
3576,8,376,4000,3592,0.001,0.015550680794100578,0.02251985874895841,3621,144,160,75,0.90525,0.036,0.04,0.01875,0.09475
3577,8,377,4000,3593,0.001,0.015518423652721592,0.022549644469959298,3636,142,163,59,0.909,0.0355,0.04075,0.01475,0.09099999999999997
3578,8,378,4000,3594,0.001,0.015498546197941457,0.02258725556426892,3665,138,146,51,0.91625,0.0345,0.0365,0.01275,0.08374999999999999
3579,8,379,4000,3595,0.001,0.015491317469079835,0.022570361329844014,3644,134,152,70,0.911,0.0335,0.038,0.0175,0.08899999999999997
3580,8,380,4000,3596,0.001,0.015317595818977348,0.022638218085922694,3624,140,161,75,0.906,0.035,0.04025,0.01875,0.09399999999999997
3581,8,381,4000,3597,0.001,0.015075953136039709,0.022812827791828343,3629,128,188,55,0.90725,0.032,0.047,0.01375,0.09275
3582,8,382,4000,3598,0.001,0.015356246089803452,0.02276715369577164,3598,157,179,66,0.8995,0.03925,0.04475,0.0165,0.10050000000000003
3583,8,383,4000,3599,0.001,0.015144292951957631,0.022880509096603125,3636,135,171,58,0.909,0.03375,0.04275,0.0145,0.09099999999999997
3584,8,384,4000,3600,0.001,0.014954272544765015,0.02275124806686854,3630,155,157,58,0.9075,0.03875,0.03925,0.0145,0.09250000000000003
3585,8,385,4000,3601,0.001,0.015351620444698084,0.022720593846867938,3601,155,185,59,0.90025,0.03875,0.04625,0.01475,0.09975
3586,8,386,4000,3602,0.001,0.015289263328662785,0.02262766390471909,3594,166,185,55,0.8985,0.0415,0.04625,0.01375,0.10150000000000003
3587,8,387,4000,3603,0.001,0.01529106582709008,0.022614875016690652,3611,169,153,67,0.90275,0.04225,0.03825,0.01675,0.09724999999999995
3588,8,388,4000,3604,0.001,0.015074185415054522,0.022668161692741103,3642,126,161,71,0.9105,0.0315,0.04025,0.01775,0.08950000000000002
3589,8,389,4000,3605,0.001,0.015239606872222334,0.02271840725231531,3629,151,172,48,0.90725,0.03775,0.043,0.012,0.09275
3590,8,390,4000,3606,0.001,0.015463810979387621,0.022741956266421177,3617,153,171,59,0.90425,0.03825,0.04275,0.01475,0.09575
3591,8,391,4000,3607,0.001,0.015596384190464772,0.022568009058042578,3610,154,162,74,0.9025,0.0385,0.0405,0.0185,0.09750000000000003
3592,8,392,4000,3608,0.001,0.015521086535915303,0.022584886364368707,3613,152,162,73,0.90325,0.038,0.0405,0.01825,0.09675
3593,8,393,4000,3609,0.001,0.015355215295797454,0.022513051538322,3621,138,174,67,0.90525,0.0345,0.0435,0.01675,0.09475
3594,8,394,4000,3610,0.001,0.015352124545085204,0.022865511265844213,3621,137,175,67,0.90525,0.03425,0.04375,0.01675,0.09475
3595,8,395,4000,3611,0.001,0.015473664925637478,0.022884015346701113,3643,141,147,69,0.91075,0.03525,0.03675,0.01725,0.08925000000000005
3596,8,396,4000,3612,0.001,0.015249035817753866,0.022868441391290885,3595,159,183,63,0.89875,0.03975,0.04575,0.01575,0.10124999999999995
3597,8,397,4000,3613,0.001,0.015496135634936226,0.02290968991015919,3627,126,186,61,0.90675,0.0315,0.0465,0.01525,0.09325000000000006
3598,8,398,4000,3614,0.001,0.015392439384825032,0.02289725363015187,3600,155,179,66,0.9,0.03875,0.04475,0.0165,0.09999999999999998
3599,8,399,4000,3615,0.001,0.015051599715133451,0.022882003683113484,3620,149,165,66,0.905,0.03725,0.04125,0.0165,0.09499999999999997
3600,9,0,4000,3617,0.001,0.009915698987978235,0.020141726130547866,3702,128,139,31,0.9255,0.032,0.03475,0.00775,0.07450000000000001
3601,9,1,4000,3618,0.001,0.009855590049754863,0.02021975014943556,3704,108,140,48,0.926,0.027,0.035,0.012,0.07399999999999995
3602,9,2,4000,3619,0.001,0.00982332936613568,0.020419524796729566,3696,135,125,44,0.924,0.03375,0.03125,0.011,0.07599999999999996
3603,9,3,4000,3620,0.001,0.009588012893719374,0.0203284676143234,3688,116,143,53,0.922,0.029,0.03575,0.01325,0.07799999999999996
3604,9,4,4000,3621,0.001,0.009585962282537335,0.02042532011535649,3712,100,148,40,0.928,0.025,0.037,0.01,0.07199999999999995
3605,9,5,4000,3622,0.001,0.009848760328702053,0.020289169028859924,3723,100,146,31,0.93075,0.025,0.0365,0.00775,0.06925000000000003
3606,9,6,4000,3623,0.001,0.009778678043138155,0.020312967340473668,3686,125,145,44,0.9215,0.03125,0.03625,0.011,0.07850000000000001
3607,9,7,4000,3624,0.001,0.009801140641109906,0.020429620187234997,3710,118,132,40,0.9275,0.0295,0.033,0.01,0.07250000000000001
3608,9,8,4000,3625,0.001,0.009899131755267613,0.020528347766018015,3711,102,140,47,0.92775,0.0255,0.035,0.01175,0.07225000000000004
3609,9,9,4000,3626,0.001,0.01001717478364744,0.0204519229063405,3724,123,117,36,0.931,0.03075,0.02925,0.009,0.06899999999999995
3610,9,10,4000,3627,0.001,0.010151685010882002,0.02062244103050106,3715,108,133,44,0.92875,0.027,0.03325,0.011,0.07125000000000004
3611,9,11,4000,3628,0.001,0.00998577069320535,0.020756943661511453,3698,118,146,38,0.9245,0.0295,0.0365,0.0095,0.07550000000000001
3612,9,12,4000,3629,0.001,0.009989012883551505,0.02067161237117023,3705,110,148,37,0.92625,0.0275,0.037,0.00925,0.07374999999999998
3613,9,13,4000,3630,0.001,0.010121613481523935,0.020622608330907535,3697,117,136,50,0.92425,0.02925,0.034,0.0125,0.07574999999999998
3614,9,14,4000,3631,0.001,0.0100860761642531,0.02066602727117292,3686,116,145,53,0.9215,0.029,0.03625,0.01325,0.07850000000000001
3615,9,15,4000,3632,0.001,0.009914553210398594,0.020699437805679424,3696,110,145,49,0.924,0.0275,0.03625,0.01225,0.07599999999999996
3616,9,16,4000,3633,0.001,0.010072807755348873,0.02081224759362808,3695,131,140,34,0.92375,0.03275,0.035,0.0085,0.07625000000000004
3617,9,17,4000,3634,0.001,0.010444387802920044,0.020683891690716254,3699,114,144,43,0.92475,0.0285,0.036,0.01075,0.07525000000000004
3618,9,18,4000,3635,0.001,0.010423247046219261,0.02078293444514094,3678,131,139,52,0.9195,0.03275,0.03475,0.013,0.08050000000000002
3619,9,19,4000,3636,0.001,0.010394730831500977,0.02067656226685077,3703,115,145,37,0.92575,0.02875,0.03625,0.00925,0.07425000000000004
3620,9,20,4000,3637,0.001,0.010481262984533985,0.020806476581987733,3704,126,127,43,0.926,0.0315,0.03175,0.01075,0.07399999999999995
3621,9,21,4000,3638,0.001,0.011036060881519538,0.021028377701614084,3696,124,127,53,0.924,0.031,0.03175,0.01325,0.07599999999999996
3622,9,22,4000,3639,0.001,0.011188917356148513,0.021176111243141272,3725,129,108,38,0.93125,0.03225,0.027,0.0095,0.06874999999999998
3623,9,23,4000,3640,0.001,0.011276927518491043,0.021185032944822522,3685,115,147,53,0.92125,0.02875,0.03675,0.01325,0.07874999999999999
3624,9,24,4000,3641,0.001,0.011238399720777136,0.021204698902913516,3686,103,161,50,0.9215,0.02575,0.04025,0.0125,0.07850000000000001
3625,9,25,4000,3642,0.001,0.011233563408326925,0.02119540126598179,3684,123,149,44,0.921,0.03075,0.03725,0.011,0.07899999999999996
3626,9,26,4000,3643,0.001,0.011027572403422904,0.021258271165291418,3680,145,120,55,0.92,0.03625,0.03,0.01375,0.07999999999999996
3627,9,27,4000,3644,0.001,0.011252336083597188,0.021161410279931084,3691,130,138,41,0.92275,0.0325,0.0345,0.01025,0.07725000000000004
3628,9,28,4000,3645,0.001,0.011197389291562413,0.021164623133115706,3659,132,159,50,0.91475,0.033,0.03975,0.0125,0.08525000000000005
3629,9,29,4000,3646,0.001,0.01119659605825654,0.021084627437425,3716,116,127,41,0.929,0.029,0.03175,0.01025,0.07099999999999995
3630,9,30,4000,3647,0.001,0.011294306936416415,0.02116748249259546,3692,114,142,52,0.923,0.0285,0.0355,0.013,0.07699999999999996
3631,9,31,4000,3648,0.001,0.011308580707499993,0.021354458602325772,3718,115,123,44,0.9295,0.02875,0.03075,0.011,0.07050000000000001
3632,9,32,4000,3649,0.001,0.011275709753995677,0.02132979468794172,3702,120,130,48,0.9255,0.03,0.0325,0.012,0.07450000000000001
3633,9,33,4000,3650,0.001,0.011113158600345785,0.021256022678241476,3688,121,154,37,0.922,0.03025,0.0385,0.00925,0.07799999999999996
3634,9,34,4000,3651,0.001,0.011318636901241269,0.02125198694380375,3716,116,126,42,0.929,0.029,0.0315,0.0105,0.07099999999999995
3635,9,35,4000,3652,0.001,0.011943920435283103,0.021320763112976322,3675,131,137,57,0.91875,0.03275,0.03425,0.01425,0.08125000000000004
3636,9,36,4000,3653,0.001,0.01207159406615802,0.021323648132163003,3653,127,170,50,0.91325,0.03175,0.0425,0.0125,0.08675
3637,9,37,4000,3654,0.001,0.011691006974472831,0.021509533186015835,3697,106,165,32,0.92425,0.0265,0.04125,0.008,0.07574999999999998
3638,9,38,4000,3655,0.001,0.011559150402711714,0.021590744553537385,3676,133,141,50,0.919,0.03325,0.03525,0.0125,0.08099999999999996
3639,9,39,4000,3656,0.001,0.01143513512434777,0.021571096108782956,3676,125,147,52,0.919,0.03125,0.03675,0.013,0.08099999999999996
3640,9,40,4000,3657,0.001,0.011180298830593587,0.021547188334804752,3681,135,142,42,0.92025,0.03375,0.0355,0.0105,0.07974999999999999
3641,9,41,4000,3658,0.001,0.011152430153339221,0.021523607932022605,3691,120,149,40,0.92275,0.03,0.03725,0.01,0.07725000000000004
3642,9,42,4000,3659,0.001,0.010973055872972905,0.02156959639537238,3701,120,131,48,0.92525,0.03,0.03275,0.012,0.07474999999999998
3643,9,43,4000,3660,0.001,0.011122560840517345,0.021625076813289627,3700,113,139,48,0.925,0.02825,0.03475,0.012,0.07499999999999996
3644,9,44,4000,3661,0.001,0.01090270127467831,0.02165049530442232,3694,126,140,40,0.9235,0.0315,0.035,0.01,0.07650000000000001
3645,9,45,4000,3662,0.001,0.010918666930193723,0.02178007768487226,3687,130,132,51,0.92175,0.0325,0.033,0.01275,0.07825000000000004
3646,9,46,4000,3663,0.001,0.01092556670775895,0.021753305816472054,3698,119,146,37,0.9245,0.02975,0.0365,0.00925,0.07550000000000001
3647,9,47,4000,3664,0.001,0.011251238518356457,0.021793022603165197,3689,126,140,45,0.92225,0.0315,0.035,0.01125,0.07774999999999999
3648,9,48,4000,3665,0.001,0.01119042632842079,0.021804030803882452,3704,115,137,44,0.926,0.02875,0.03425,0.011,0.07399999999999995
3649,9,49,4000,3666,0.001,0.01137774574269851,0.021732431901946948,3645,156,149,50,0.91125,0.039,0.03725,0.0125,0.08875
3650,9,50,4000,3667,0.001,0.01150432380593847,0.021833440929575277,3677,131,149,43,0.91925,0.03275,0.03725,0.01075,0.08074999999999999
3651,9,51,4000,3668,0.001,0.011689457073924475,0.021982602079539483,3668,143,151,38,0.917,0.03575,0.03775,0.0095,0.08299999999999996
3652,9,52,4000,3669,0.001,0.011380795891674015,0.021918615527273193,3689,145,119,47,0.92225,0.03625,0.02975,0.01175,0.07774999999999999
3653,9,53,4000,3670,0.001,0.011566301553583411,0.022047159882184638,3700,111,145,44,0.925,0.02775,0.03625,0.011,0.07499999999999996
3654,9,54,4000,3671,0.001,0.011473431047754707,0.02227056517497552,3673,127,160,40,0.91825,0.03175,0.04,0.01,0.08174999999999999
3655,9,55,4000,3672,0.001,0.011186032453559657,0.02230728277134495,3690,123,139,48,0.9225,0.03075,0.03475,0.012,0.07750000000000001
3656,9,56,4000,3673,0.001,0.011016056890277792,0.02227035127993243,3684,124,144,48,0.921,0.031,0.036,0.012,0.07899999999999996
3657,9,57,4000,3674,0.001,0.0111100493633983,0.022296953456288827,3692,115,144,49,0.923,0.02875,0.036,0.01225,0.07699999999999996
3658,9,58,4000,3675,0.001,0.010982536425859592,0.02216861528231607,3706,122,131,41,0.9265,0.0305,0.03275,0.01025,0.07350000000000001
3659,9,59,4000,3676,0.001,0.010616023787083883,0.022168134084982076,3703,116,147,34,0.92575,0.029,0.03675,0.0085,0.07425000000000004
3660,9,60,4000,3677,0.001,0.01116645348640285,0.02221785799338974,3668,133,156,43,0.917,0.03325,0.039,0.01075,0.08299999999999996
3661,9,61,4000,3678,0.001,0.011440581948663415,0.022295772247390027,3664,133,159,44,0.916,0.03325,0.03975,0.011,0.08399999999999996
3662,9,62,4000,3679,0.001,0.011346155670796868,0.022298798653458428,3694,111,145,50,0.9235,0.02775,0.03625,0.0125,0.07650000000000001
3663,9,63,4000,3680,0.001,0.011494377103209214,0.022322952532875435,3671,143,146,40,0.91775,0.03575,0.0365,0.01,0.08225000000000005
3664,9,64,4000,3681,0.001,0.011470702295649216,0.022472199776870514,3682,130,143,45,0.9205,0.0325,0.03575,0.01125,0.07950000000000002
3665,9,65,4000,3682,0.001,0.01150611019486689,0.02251957384157506,3659,132,154,55,0.91475,0.033,0.0385,0.01375,0.08525000000000005
3666,9,66,4000,3683,0.001,0.011481312152537287,0.02235760910655033,3672,131,147,50,0.918,0.03275,0.03675,0.0125,0.08199999999999996
3667,9,67,4000,3684,0.001,0.011796691731316871,0.022299629719540325,3651,135,157,57,0.91275,0.03375,0.03925,0.01425,0.08725000000000005
3668,9,68,4000,3685,0.001,0.011782289271077412,0.022413885088769583,3647,143,158,52,0.91175,0.03575,0.0395,0.013,0.08825000000000005
3669,9,69,4000,3686,0.001,0.01174000403262278,0.02226136796660713,3675,125,155,45,0.91875,0.03125,0.03875,0.01125,0.08125000000000004
3670,9,70,4000,3687,0.001,0.011888223386766353,0.022165082351704578,3679,128,143,50,0.91975,0.032,0.03575,0.0125,0.08025000000000004
3671,9,71,4000,3688,0.001,0.012057544768324073,0.022137838436971105,3657,124,177,42,0.91425,0.031,0.04425,0.0105,0.08574999999999999
3672,9,72,4000,3689,0.001,0.012656008352442846,0.02234413012560537,3683,112,154,51,0.92075,0.028,0.0385,0.01275,0.07925000000000004
3673,9,73,4000,3690,0.001,0.012835924740336811,0.02244451809232721,3659,128,154,59,0.91475,0.032,0.0385,0.01475,0.08525000000000005
3674,9,74,4000,3691,0.001,0.013027714452455982,0.022412422047392716,3616,141,176,67,0.904,0.03525,0.044,0.01675,0.09599999999999997
3675,9,75,4000,3692,0.001,0.013006598833364889,0.02235435371255634,3648,137,163,52,0.912,0.03425,0.04075,0.013,0.08799999999999997
3676,9,76,4000,3693,0.001,0.012913739249613681,0.022568031203935433,3644,151,160,45,0.911,0.03775,0.04,0.01125,0.08899999999999997
3677,9,77,4000,3694,0.001,0.013010145369076928,0.022768058188493923,3674,118,156,52,0.9185,0.0295,0.039,0.013,0.08150000000000002
3678,9,78,4000,3695,0.001,0.01260567663659008,0.022678639252545443,3667,119,161,53,0.91675,0.02975,0.04025,0.01325,0.08325000000000005
3679,9,79,4000,3696,0.001,0.0125840508942276,0.022810056883506992,3652,133,147,68,0.913,0.03325,0.03675,0.017,0.08699999999999997
3680,9,80,4000,3697,0.001,0.012617267421159905,0.022782916878020663,3653,129,152,66,0.91325,0.03225,0.038,0.0165,0.08675
3681,9,81,4000,3698,0.001,0.01279277796350534,0.022759457392453903,3619,141,178,62,0.90475,0.03525,0.0445,0.0155,0.09524999999999995
3682,9,82,4000,3699,0.001,0.01300070906823967,0.02278776935349654,3659,130,142,69,0.91475,0.0325,0.0355,0.01725,0.08525000000000005
3683,9,83,4000,3700,0.001,0.012673435592543589,0.022930406620656874,3658,131,158,53,0.9145,0.03275,0.0395,0.01325,0.08550000000000002
3684,9,84,4000,3701,0.001,0.01273584890268622,0.02288759891835064,3653,128,169,50,0.91325,0.032,0.04225,0.0125,0.08675
3685,9,85,4000,3702,0.001,0.012796571552278958,0.022927238577568138,3632,152,155,61,0.908,0.038,0.03875,0.01525,0.09199999999999997
3686,9,86,4000,3703,0.001,0.012695388576109337,0.02298277697438623,3648,141,161,50,0.912,0.03525,0.04025,0.0125,0.08799999999999997
3687,9,87,4000,3704,0.001,0.012787155354790565,0.023040624034779578,3668,129,153,50,0.917,0.03225,0.03825,0.0125,0.08299999999999996
3688,9,88,4000,3705,0.001,0.01297118926152402,0.023035804871385027,3627,158,162,53,0.90675,0.0395,0.0405,0.01325,0.09325000000000006
3689,9,89,4000,3706,0.001,0.012910370818507641,0.023025850684397022,3647,114,166,73,0.91175,0.0285,0.0415,0.01825,0.08825000000000005
3690,9,90,4000,3707,0.001,0.013264359104336754,0.02292487305534903,3685,141,128,46,0.92125,0.03525,0.032,0.0115,0.07874999999999999
3691,9,91,4000,3708,0.001,0.013107401562746443,0.02277110965894526,3635,141,167,57,0.90875,0.03525,0.04175,0.01425,0.09125000000000005
3692,9,92,4000,3709,0.001,0.013255521949115428,0.022738596084385845,3703,123,141,33,0.92575,0.03075,0.03525,0.00825,0.07425000000000004
3693,9,93,4000,3710,0.001,0.013236215272921611,0.022959124600416863,3629,140,172,59,0.90725,0.035,0.043,0.01475,0.09275
3694,9,94,4000,3711,0.001,0.013167829249049573,0.022910831589771093,3652,137,163,48,0.913,0.03425,0.04075,0.012,0.08699999999999997
3695,9,95,4000,3712,0.001,0.01324244516432613,0.02286756743181328,3628,151,160,61,0.907,0.03775,0.04,0.01525,0.09299999999999997
3696,9,96,4000,3713,0.001,0.013309922724145008,0.022867430487906293,3636,132,176,56,0.909,0.033,0.044,0.014,0.09099999999999997
3697,9,97,4000,3714,0.001,0.0129184129724953,0.02279943122329909,3647,138,165,50,0.91175,0.0345,0.04125,0.0125,0.08825000000000005
3698,9,98,4000,3715,0.001,0.012712721894006998,0.02294949131479245,3647,151,147,55,0.91175,0.03775,0.03675,0.01375,0.08825000000000005
3699,9,99,4000,3716,0.001,0.012694104576552508,0.02277261168920034,3689,124,149,38,0.92225,0.031,0.03725,0.0095,0.07774999999999999
3700,9,100,4000,3717,0.001,0.012883234526585186,0.022765717016391695,3608,151,185,56,0.902,0.03775,0.04625,0.014,0.09799999999999998
3701,9,101,4000,3718,0.001,0.012975465849726553,0.02306792735707587,3627,156,167,50,0.90675,0.039,0.04175,0.0125,0.09325000000000006
3702,9,102,4000,3719,0.001,0.01304651115461644,0.023019873308147427,3649,130,168,53,0.91225,0.0325,0.042,0.01325,0.08775
3703,9,103,4000,3720,0.001,0.013073869601885493,0.02299744678272906,3639,131,172,58,0.90975,0.03275,0.043,0.0145,0.09025000000000005
3704,9,104,4000,3721,0.001,0.01319518286933782,0.022969510538564684,3679,113,145,63,0.91975,0.02825,0.03625,0.01575,0.08025000000000004
3705,9,105,4000,3722,0.001,0.013350790913247958,0.023097701151968852,3635,152,158,55,0.90875,0.038,0.0395,0.01375,0.09125000000000005
3706,9,106,4000,3723,0.001,0.013591742145238029,0.02300329571499778,3638,128,165,69,0.9095,0.032,0.04125,0.01725,0.09050000000000002
3707,9,107,4000,3724,0.001,0.013665891396042096,0.02282969262096672,3624,126,189,61,0.906,0.0315,0.04725,0.01525,0.09399999999999997
3708,9,108,4000,3725,0.001,0.014004088084862901,0.022916485276562055,3636,148,165,51,0.909,0.037,0.04125,0.01275,0.09099999999999997
3709,9,109,4000,3726,0.001,0.014253143698686431,0.022925904228798574,3641,135,173,51,0.91025,0.03375,0.04325,0.01275,0.08975
3710,9,110,4000,3727,0.001,0.01421309825310511,0.02278289697968168,3627,129,186,58,0.90675,0.03225,0.0465,0.0145,0.09325000000000006
3711,9,111,4000,3728,0.001,0.014460646553453605,0.022726413381452308,3614,155,163,68,0.9035,0.03875,0.04075,0.017,0.09650000000000003
3712,9,112,4000,3729,0.001,0.014541875136686554,0.02274748707742103,3640,123,169,68,0.91,0.03075,0.04225,0.017,0.08999999999999997
3713,9,113,4000,3730,0.001,0.014913649290619205,0.02265284789274462,3620,151,174,55,0.905,0.03775,0.0435,0.01375,0.09499999999999997
3714,9,114,4000,3731,0.001,0.014805683400613924,0.022394403939638916,3647,129,174,50,0.91175,0.03225,0.0435,0.0125,0.08825000000000005
3715,9,115,4000,3732,0.001,0.01511266295463604,0.022397585750934375,3582,167,179,72,0.8955,0.04175,0.04475,0.018,0.10450000000000004
3716,9,116,4000,3733,0.001,0.015049417496938012,0.022395983163779762,3638,131,162,69,0.9095,0.03275,0.0405,0.01725,0.09050000000000002
3717,9,117,4000,3734,0.001,0.015242461678152438,0.022540365584642057,3656,129,154,61,0.914,0.03225,0.0385,0.01525,0.08599999999999997
3718,9,118,4000,3735,0.001,0.015410769521856833,0.022846048535613,3626,136,178,60,0.9065,0.034,0.0445,0.015,0.09350000000000003
3719,9,119,4000,3736,0.001,0.015546965240834237,0.02307181609075585,3639,141,172,48,0.90975,0.03525,0.043,0.012,0.09025000000000005
3720,9,120,4000,3737,0.001,0.01536966995717036,0.023300603487419656,3606,148,177,69,0.9015,0.037,0.04425,0.01725,0.09850000000000003
3721,9,121,4000,3738,0.001,0.015448863051359129,0.023336210182262083,3625,144,162,69,0.90625,0.036,0.0405,0.01725,0.09375
3722,9,122,4000,3739,0.001,0.016102204364219923,0.02345784195057113,3627,141,179,53,0.90675,0.03525,0.04475,0.01325,0.09325000000000006
3723,9,123,4000,3740,0.001,0.016214746279808394,0.02340531783826025,3587,160,198,55,0.89675,0.04,0.0495,0.01375,0.10324999999999995
3724,9,124,4000,3741,0.001,0.01677441552403107,0.023483660328172888,3592,148,185,75,0.898,0.037,0.04625,0.01875,0.10199999999999998
3725,9,125,4000,3742,0.001,0.016734786735583963,0.023405170293852813,3599,179,159,63,0.89975,0.04475,0.03975,0.01575,0.10024999999999995
3726,9,126,4000,3743,0.001,0.016712665507071407,0.023589371660271738,3599,147,181,73,0.89975,0.03675,0.04525,0.01825,0.10024999999999995
3727,9,127,4000,3744,0.001,0.017038478448194047,0.023651100143392577,3623,147,154,76,0.90575,0.03675,0.0385,0.019,0.09424999999999994
3728,9,128,4000,3745,0.001,0.017111330622899393,0.023828824722850785,3588,167,182,63,0.897,0.04175,0.0455,0.01575,0.10299999999999998
3729,9,129,4000,3746,0.001,0.017180576042474104,0.0240632325781759,3545,184,202,69,0.88625,0.046,0.0505,0.01725,0.11375000000000002
3730,9,130,4000,3747,0.001,0.016877874652696728,0.02402534920522324,3591,143,200,66,0.89775,0.03575,0.05,0.0165,0.10224999999999995
3731,9,131,4000,3748,0.001,0.016856148218496354,0.023961474299152213,3612,151,178,59,0.903,0.03775,0.0445,0.01475,0.09699999999999998
3732,9,132,4000,3749,0.001,0.016773847786783924,0.02390600247158591,3607,138,182,73,0.90175,0.0345,0.0455,0.01825,0.09824999999999995
3733,9,133,4000,3750,0.001,0.016950095880961684,0.023961195043926953,3598,150,174,78,0.8995,0.0375,0.0435,0.0195,0.10050000000000003
3734,9,134,4000,3751,0.001,0.016930630520708766,0.024029748116844784,3575,168,192,65,0.89375,0.042,0.048,0.01625,0.10624999999999996
3735,9,135,4000,3752,0.001,0.01671141209251159,0.023876246892379136,3567,181,196,56,0.89175,0.04525,0.049,0.014,0.10824999999999996
3736,9,136,4000,3753,0.001,0.016500508350644164,0.024036917650612104,3574,152,184,90,0.8935,0.038,0.046,0.0225,0.10650000000000004
3737,9,137,4000,3754,0.001,0.016453188718000996,0.02403554545973413,3576,161,193,70,0.894,0.04025,0.04825,0.0175,0.10599999999999998
3738,9,138,4000,3755,0.001,0.016545512245461535,0.024094985618066785,3608,161,181,50,0.902,0.04025,0.04525,0.0125,0.09799999999999998
3739,9,139,4000,3756,0.001,0.016673232577680653,0.024254667776193374,3589,153,196,62,0.89725,0.03825,0.049,0.0155,0.10275000000000001
3740,9,140,4000,3757,0.001,0.016820181588066155,0.02434629921373437,3580,165,198,57,0.895,0.04125,0.0495,0.01425,0.10499999999999998
3741,9,141,4000,3758,0.001,0.01653899778816223,0.02435039703468373,3579,150,203,68,0.89475,0.0375,0.05075,0.017,0.10524999999999995
3742,9,142,4000,3759,0.001,0.01636120904290425,0.024405779327254126,3609,143,172,76,0.90225,0.03575,0.043,0.019,0.09775
3743,9,143,4000,3760,0.001,0.01626355668405138,0.024420308820540176,3593,145,199,63,0.89825,0.03625,0.04975,0.01575,0.10175000000000001
3744,9,144,4000,3761,0.001,0.01607641047909385,0.024568816013808253,3609,142,185,64,0.90225,0.0355,0.04625,0.016,0.09775
3745,9,145,4000,3762,0.001,0.01577127148036547,0.024515965273558257,3603,157,176,64,0.90075,0.03925,0.044,0.016,0.09924999999999995
3746,9,146,4000,3763,0.001,0.01605554220506035,0.02444702935276712,3593,153,189,65,0.89825,0.03825,0.04725,0.01625,0.10175000000000001
3747,9,147,4000,3764,0.001,0.016275743330942602,0.024515269467580036,3620,153,163,64,0.905,0.03825,0.04075,0.016,0.09499999999999997
3748,9,148,4000,3765,0.001,0.01637079257710104,0.02455374155264837,3602,162,168,68,0.9005,0.0405,0.042,0.017,0.09950000000000003
3749,9,149,4000,3766,0.001,0.0163112319255103,0.024617194774967346,3578,163,189,70,0.8945,0.04075,0.04725,0.0175,0.10550000000000004
3750,9,150,4000,3767,0.001,0.016366120298101455,0.02483301451444157,3589,157,194,60,0.89725,0.03925,0.0485,0.015,0.10275000000000001
3751,9,151,4000,3768,0.001,0.016724661762147822,0.024828399370989823,3618,158,165,59,0.9045,0.0395,0.04125,0.01475,0.09550000000000003
3752,9,152,4000,3769,0.001,0.01660602257298132,0.024675364956880465,3606,142,193,59,0.9015,0.0355,0.04825,0.01475,0.09850000000000003
3753,9,153,4000,3770,0.001,0.01660656299268867,0.024522943848255988,3578,153,190,79,0.8945,0.03825,0.0475,0.01975,0.10550000000000004
3754,9,154,4000,3771,0.001,0.016330268331694393,0.02454568630050431,3592,160,185,63,0.898,0.04,0.04625,0.01575,0.10199999999999998
3755,9,155,4000,3772,0.001,0.01661012897099581,0.024483278718196284,3555,157,209,79,0.88875,0.03925,0.05225,0.01975,0.11124999999999996
3756,9,156,4000,3773,0.001,0.016621182983207687,0.02450846878726977,3611,142,189,58,0.90275,0.0355,0.04725,0.0145,0.09724999999999995
3757,9,157,4000,3774,0.001,0.016756087395913184,0.024322382660890436,3624,138,170,68,0.906,0.0345,0.0425,0.017,0.09399999999999997
3758,9,158,4000,3775,0.001,0.016673797011233636,0.02436040391292515,3601,157,169,73,0.90025,0.03925,0.04225,0.01825,0.09975
3759,9,159,4000,3776,0.001,0.01678099643917527,0.024507479938543266,3625,139,165,71,0.90625,0.03475,0.04125,0.01775,0.09375
3760,9,160,4000,3777,0.001,0.01655373355442254,0.024559841100172466,3565,166,201,68,0.89125,0.0415,0.05025,0.017,0.10875000000000001
3761,9,161,4000,3778,0.001,0.01623497598450127,0.024593935026854315,3586,136,213,65,0.8965,0.034,0.05325,0.01625,0.10350000000000004
3762,9,162,4000,3779,0.001,0.0160646566992172,0.02468295973464825,3619,152,174,55,0.90475,0.038,0.0435,0.01375,0.09524999999999995
3763,9,163,4000,3780,0.001,0.016083324628784496,0.024672270276482743,3638,150,158,54,0.9095,0.0375,0.0395,0.0135,0.09050000000000002
3764,9,164,4000,3781,0.001,0.016195426958724814,0.024697194083939264,3593,164,181,62,0.89825,0.041,0.04525,0.0155,0.10175000000000001
3765,9,165,4000,3782,0.001,0.01608093667313287,0.02485536171081058,3583,179,181,57,0.89575,0.04475,0.04525,0.01425,0.10424999999999995
3766,9,166,4000,3783,0.001,0.01597278282479876,0.02477375638208942,3604,156,177,63,0.901,0.039,0.04425,0.01575,0.09899999999999998
3767,9,167,4000,3784,0.001,0.016083903606736723,0.024827999580270592,3601,137,199,63,0.90025,0.03425,0.04975,0.01575,0.09975
3768,9,168,4000,3785,0.001,0.016345455862894695,0.024770232841987497,3578,164,185,73,0.8945,0.041,0.04625,0.01825,0.10550000000000004
3769,9,169,4000,3786,0.001,0.01632192188591861,0.024887134355661974,3593,156,189,62,0.89825,0.039,0.04725,0.0155,0.10175000000000001
3770,9,170,4000,3787,0.001,0.016404574875923627,0.025050305566683972,3600,157,180,63,0.9,0.03925,0.045,0.01575,0.09999999999999998
3771,9,171,4000,3788,0.001,0.01664777409458996,0.025135999848767993,3605,159,180,56,0.90125,0.03975,0.045,0.014,0.09875
3772,9,172,4000,3789,0.001,0.016583120545333924,0.025265264234110154,3590,159,175,76,0.8975,0.03975,0.04375,0.019,0.10250000000000004
3773,9,173,4000,3790,0.001,0.016859902843135273,0.02526421224946114,3566,167,194,73,0.8915,0.04175,0.0485,0.01825,0.10850000000000004
3774,9,174,4000,3791,0.001,0.01688451463472701,0.025138195813619504,3590,146,194,70,0.8975,0.0365,0.0485,0.0175,0.10250000000000004
3775,9,175,4000,3792,0.001,0.017029442614616034,0.02506110718391686,3613,146,177,64,0.90325,0.0365,0.04425,0.016,0.09675
3776,9,176,4000,3793,0.001,0.016829619145697826,0.025042776316366935,3596,162,167,75,0.899,0.0405,0.04175,0.01875,0.10099999999999998
3777,9,177,4000,3794,0.001,0.016733921267093024,0.024998046998700316,3613,172,164,51,0.90325,0.043,0.041,0.01275,0.09675
3778,9,178,4000,3795,0.001,0.016984756550254724,0.024939014143219036,3578,158,192,72,0.8945,0.0395,0.048,0.018,0.10550000000000004
3779,9,179,4000,3796,0.001,0.017067784024125746,0.024882363838727994,3612,131,184,73,0.903,0.03275,0.046,0.01825,0.09699999999999998
3780,9,180,4000,3797,0.001,0.017019687474879766,0.02515722129587885,3587,163,177,73,0.89675,0.04075,0.04425,0.01825,0.10324999999999995
3781,9,181,4000,3798,0.001,0.01734865454366822,0.02529325533817537,3561,172,195,72,0.89025,0.043,0.04875,0.018,0.10975000000000001
3782,9,182,4000,3799,0.001,0.017442371407139445,0.025209974901315126,3559,162,211,68,0.88975,0.0405,0.05275,0.017,0.11024999999999996
3783,9,183,4000,3800,0.001,0.017197671925326417,0.025311195971418024,3595,169,152,84,0.89875,0.04225,0.038,0.021,0.10124999999999995
3784,9,184,4000,3801,0.001,0.017138449776373358,0.02524145095918398,3585,170,185,60,0.89625,0.0425,0.04625,0.015,0.10375000000000001
3785,9,185,4000,3802,0.001,0.017208057317038197,0.025233413430365465,3612,141,174,73,0.903,0.03525,0.0435,0.01825,0.09699999999999998
3786,9,186,4000,3803,0.001,0.01725263382177173,0.025215856601134932,3590,149,187,74,0.8975,0.03725,0.04675,0.0185,0.10250000000000004
3787,9,187,4000,3804,0.001,0.017455797098628274,0.025103692957822242,3587,161,179,73,0.89675,0.04025,0.04475,0.01825,0.10324999999999995
3788,9,188,4000,3805,0.001,0.01733573020779705,0.025145249202340857,3591,147,187,75,0.89775,0.03675,0.04675,0.01875,0.10224999999999995
3789,9,189,4000,3806,0.001,0.017334840613604914,0.02509197306017545,3593,175,160,72,0.89825,0.04375,0.04,0.018,0.10175000000000001
3790,9,190,4000,3807,0.001,0.01752812211094889,0.025201573817148302,3579,159,193,69,0.89475,0.03975,0.04825,0.01725,0.10524999999999995
3791,9,191,4000,3808,0.001,0.017719460988938635,0.025317069050778924,3597,157,185,61,0.89925,0.03925,0.04625,0.01525,0.10075
3792,9,192,4000,3809,0.001,0.017586495598178063,0.02528064599213678,3563,185,177,75,0.89075,0.04625,0.04425,0.01875,0.10924999999999996
3793,9,193,4000,3810,0.001,0.017460471030859886,0.025248912506068356,3575,174,187,64,0.89375,0.0435,0.04675,0.016,0.10624999999999996
3794,9,194,4000,3811,0.001,0.017451785456395787,0.02518756397175337,3567,176,194,63,0.89175,0.044,0.0485,0.01575,0.10824999999999996
3795,9,195,4000,3812,0.001,0.017306714901768844,0.02528576879289826,3574,163,193,70,0.8935,0.04075,0.04825,0.0175,0.10650000000000004
3796,9,196,4000,3813,0.001,0.01754294458208527,0.02544634075012954,3590,134,200,76,0.8975,0.0335,0.05,0.019,0.10250000000000004
3797,9,197,4000,3814,0.001,0.01754761223211631,0.02541745802710129,3571,152,199,78,0.89275,0.038,0.04975,0.0195,0.10724999999999996
3798,9,198,4000,3815,0.001,0.01730293906438487,0.02552470397219426,3587,146,185,82,0.89675,0.0365,0.04625,0.0205,0.10324999999999995
3799,9,199,4000,3816,0.001,0.01730299673062131,0.025637648863064934,3549,154,214,83,0.88725,0.0385,0.0535,0.02075,0.11275000000000002
3800,9,200,4000,3817,0.001,0.017551708695602436,0.025686911242069038,3560,140,210,90,0.89,0.035,0.0525,0.0225,0.10999999999999999
3801,9,201,4000,3818,0.001,0.017140782881362077,0.025704071429426913,3552,181,197,70,0.888,0.04525,0.04925,0.0175,0.11199999999999999
3802,9,202,4000,3819,0.001,0.01682472641669886,0.02565830505313779,3586,151,195,68,0.8965,0.03775,0.04875,0.017,0.10350000000000004
3803,9,203,4000,3820,0.001,0.0168539939491704,0.025793183521725715,3608,161,160,71,0.902,0.04025,0.04,0.01775,0.09799999999999998
3804,9,204,4000,3821,0.001,0.016764096400969614,0.025802980818416334,3573,168,181,78,0.89325,0.042,0.04525,0.0195,0.10675000000000001
3805,9,205,4000,3822,0.001,0.016622068166050188,0.025890669078388464,3603,135,194,68,0.90075,0.03375,0.0485,0.017,0.09924999999999995
3806,9,206,4000,3823,0.001,0.016446463267530242,0.02596756138291621,3577,146,192,85,0.89425,0.0365,0.048,0.02125,0.10575000000000001
3807,9,207,4000,3824,0.001,0.016234209559022553,0.026059971202268432,3558,174,199,69,0.8895,0.0435,0.04975,0.01725,0.11050000000000004
3808,9,208,4000,3825,0.001,0.016073631357373948,0.02606435238990592,3600,146,190,64,0.9,0.0365,0.0475,0.016,0.09999999999999998
3809,9,209,4000,3826,0.001,0.016075477139894517,0.02612996429078914,3587,170,169,74,0.89675,0.0425,0.04225,0.0185,0.10324999999999995
3810,9,210,4000,3827,0.001,0.01629869359878006,0.026129540237183627,3550,175,198,77,0.8875,0.04375,0.0495,0.01925,0.11250000000000004
3811,9,211,4000,3828,0.001,0.016774079362827946,0.026261681989886352,3598,139,185,78,0.8995,0.03475,0.04625,0.0195,0.10050000000000003
3812,9,212,4000,3829,0.001,0.01666539836592958,0.02637343780750532,3605,150,165,80,0.90125,0.0375,0.04125,0.02,0.09875
3813,9,213,4000,3830,0.001,0.016917798849714786,0.02633296966271064,3557,173,191,79,0.88925,0.04325,0.04775,0.01975,0.11075000000000002
3814,9,214,4000,3831,0.001,0.01693345745260848,0.026481170582487813,3606,144,185,65,0.9015,0.036,0.04625,0.01625,0.09850000000000003
3815,9,215,4000,3832,0.001,0.016869855323981574,0.026445846833179434,3564,171,192,73,0.891,0.04275,0.048,0.01825,0.10899999999999999
3816,9,216,4000,3833,0.001,0.016517889855219455,0.026384675504529175,3594,151,177,78,0.8985,0.03775,0.04425,0.0195,0.10150000000000003
3817,9,217,4000,3834,0.001,0.016731112985398144,0.026300404275380954,3558,175,198,69,0.8895,0.04375,0.0495,0.01725,0.11050000000000004
3818,9,218,4000,3835,0.001,0.01685183797362169,0.02634884391191845,3545,177,201,77,0.88625,0.04425,0.05025,0.01925,0.11375000000000002
3819,9,219,4000,3836,0.001,0.016919425067818038,0.026269831960314165,3549,157,209,85,0.88725,0.03925,0.05225,0.02125,0.11275000000000002
3820,9,220,4000,3837,0.001,0.01692242230284351,0.026294528414073353,3574,164,170,92,0.8935,0.041,0.0425,0.023,0.10650000000000004
3821,9,221,4000,3838,0.001,0.01676383427059208,0.02622269064838057,3605,152,184,59,0.90125,0.038,0.046,0.01475,0.09875
3822,9,222,4000,3839,0.001,0.016617363297753842,0.026319794578472173,3617,138,182,63,0.90425,0.0345,0.0455,0.01575,0.09575
3823,9,223,4000,3840,0.001,0.01645822551161033,0.026449298815245815,3587,167,184,62,0.89675,0.04175,0.046,0.0155,0.10324999999999995
3824,9,224,4000,3841,0.001,0.01669900267300293,0.02646221973358351,3576,163,192,69,0.894,0.04075,0.048,0.01725,0.10599999999999998
3825,9,225,4000,3842,0.001,0.01661218942498179,0.026391651976432704,3592,166,171,71,0.898,0.0415,0.04275,0.01775,0.10199999999999998
3826,9,226,4000,3843,0.001,0.016937544409307694,0.026347947572984892,3588,154,196,62,0.897,0.0385,0.049,0.0155,0.10299999999999998
3827,9,227,4000,3844,0.001,0.016619412632959688,0.026402872035734617,3591,161,181,67,0.89775,0.04025,0.04525,0.01675,0.10224999999999995
3828,9,228,4000,3845,0.001,0.017010385903461992,0.026372651652145716,3578,162,190,70,0.8945,0.0405,0.0475,0.0175,0.10550000000000004
3829,9,229,4000,3846,0.001,0.016816209246462405,0.02653528551693118,3532,183,205,80,0.883,0.04575,0.05125,0.02,0.11699999999999999
3830,9,230,4000,3847,0.001,0.016555727830500896,0.02655869064406095,3551,179,201,69,0.88775,0.04475,0.05025,0.01725,0.11224999999999996
3831,9,231,4000,3848,0.001,0.01661234372518778,0.026583579187612658,3561,177,189,73,0.89025,0.04425,0.04725,0.01825,0.10975000000000001
3832,9,232,4000,3849,0.001,0.016362841157950943,0.026565610757788002,3565,161,199,75,0.89125,0.04025,0.04975,0.01875,0.10875000000000001
3833,9,233,4000,3850,0.001,0.01622676700756316,0.02660010884537825,3579,159,185,77,0.89475,0.03975,0.04625,0.01925,0.10524999999999995
3834,9,234,4000,3851,0.001,0.016385987289333277,0.02658857173286926,3566,166,196,72,0.8915,0.0415,0.049,0.018,0.10850000000000004
3835,9,235,4000,3852,0.001,0.016672130064846656,0.0264841517773596,3608,154,179,59,0.902,0.0385,0.04475,0.01475,0.09799999999999998
3836,9,236,4000,3853,0.001,0.01664672824933148,0.026470326144814142,3589,155,181,75,0.89725,0.03875,0.04525,0.01875,0.10275000000000001
3837,9,237,4000,3854,0.001,0.01661714595150669,0.02657674185616285,3582,155,193,70,0.8955,0.03875,0.04825,0.0175,0.10450000000000004
3838,9,238,4000,3855,0.001,0.016690014753379025,0.026685463568232703,3606,155,179,60,0.9015,0.03875,0.04475,0.015,0.09850000000000003
3839,9,239,4000,3856,0.001,0.016819868412925102,0.026579410669422418,3564,171,197,68,0.891,0.04275,0.04925,0.017,0.10899999999999999
3840,9,240,4000,3857,0.001,0.016904616056209743,0.02651472049366953,3580,155,199,66,0.895,0.03875,0.04975,0.0165,0.10499999999999998
3841,9,241,4000,3858,0.001,0.017143309914604127,0.026439874322339966,3589,158,186,67,0.89725,0.0395,0.0465,0.01675,0.10275000000000001
3842,9,242,4000,3859,0.001,0.01707316070721587,0.026479538825527824,3552,167,222,59,0.888,0.04175,0.0555,0.01475,0.11199999999999999
3843,9,243,4000,3860,0.001,0.01698929529979737,0.026463311539246477,3542,168,216,74,0.8855,0.042,0.054,0.0185,0.11450000000000005
3844,9,244,4000,3861,0.001,0.016863213116652905,0.026568983335948006,3538,157,215,90,0.8845,0.03925,0.05375,0.0225,0.11550000000000005
3845,9,245,4000,3862,0.001,0.016687107052771242,0.026572332690800487,3546,167,209,78,0.8865,0.04175,0.05225,0.0195,0.11350000000000005
3846,9,246,4000,3863,0.001,0.016721445233132393,0.0267179581783156,3571,155,204,70,0.89275,0.03875,0.051,0.0175,0.10724999999999996
3847,9,247,4000,3864,0.001,0.016675573314313276,0.026789030429184485,3546,182,209,63,0.8865,0.0455,0.05225,0.01575,0.11350000000000005
3848,9,248,4000,3865,0.001,0.016786855006433902,0.026879308933558565,3566,168,203,63,0.8915,0.042,0.05075,0.01575,0.10850000000000004
3849,9,249,4000,3866,0.001,0.016885223077218972,0.02687663294900203,3594,162,191,53,0.8985,0.0405,0.04775,0.01325,0.10150000000000003
3850,9,250,4000,3867,0.001,0.016595183988103886,0.02689499268212766,3583,167,183,67,0.89575,0.04175,0.04575,0.01675,0.10424999999999995
3851,9,251,4000,3868,0.001,0.016733999524208534,0.026879884566229827,3585,151,186,78,0.89625,0.03775,0.0465,0.0195,0.10375000000000001
3852,9,252,4000,3869,0.001,0.016715545991992625,0.026896515916898185,3571,169,193,67,0.89275,0.04225,0.04825,0.01675,0.10724999999999996
3853,9,253,4000,3870,0.001,0.01696452074507477,0.02682419231238403,3582,162,188,68,0.8955,0.0405,0.047,0.017,0.10450000000000004
3854,9,254,4000,3871,0.001,0.01708780243202866,0.026856382227857016,3581,165,177,77,0.89525,0.04125,0.04425,0.01925,0.10475000000000001
3855,9,255,4000,3872,0.001,0.017064523461298275,0.026742191855276265,3584,150,204,62,0.896,0.0375,0.051,0.0155,0.10399999999999998
3856,9,256,4000,3873,0.001,0.01691512365885993,0.026739648363370443,3549,155,210,86,0.88725,0.03875,0.0525,0.0215,0.11275000000000002
3857,9,257,4000,3874,0.001,0.01706568602675055,0.026834029380077153,3590,170,181,59,0.8975,0.0425,0.04525,0.01475,0.10250000000000004
3858,9,258,4000,3875,0.001,0.017021529689582086,0.026733166712416153,3599,156,186,59,0.89975,0.039,0.0465,0.01475,0.10024999999999995
3859,9,259,4000,3876,0.001,0.01688071855759349,0.026683045978790502,3586,146,189,79,0.8965,0.0365,0.04725,0.01975,0.10350000000000004
3860,9,260,4000,3877,0.001,0.01679680268077997,0.026831824921260107,3545,158,226,71,0.88625,0.0395,0.0565,0.01775,0.11375000000000002
3861,9,261,4000,3878,0.001,0.01660993744317273,0.02676816688803151,3571,158,195,76,0.89275,0.0395,0.04875,0.019,0.10724999999999996
3862,9,262,4000,3879,0.001,0.016732738472656206,0.026650643999565796,3565,172,189,74,0.89125,0.043,0.04725,0.0185,0.10875000000000001
3863,9,263,4000,3880,0.001,0.016677013021419905,0.02657972753667228,3589,149,199,63,0.89725,0.03725,0.04975,0.01575,0.10275000000000001
3864,9,264,4000,3881,0.001,0.016375087777438534,0.026606801354122335,3607,144,193,56,0.90175,0.036,0.04825,0.014,0.09824999999999995
3865,9,265,4000,3882,0.001,0.016450366993605674,0.02669059051387517,3565,158,199,78,0.89125,0.0395,0.04975,0.0195,0.10875000000000001
3866,9,266,4000,3883,0.001,0.01617209155999001,0.026696323352816884,3585,159,190,66,0.89625,0.03975,0.0475,0.0165,0.10375000000000001
3867,9,267,4000,3884,0.001,0.015963958505566724,0.026651514673904104,3595,147,193,65,0.89875,0.03675,0.04825,0.01625,0.10124999999999995
3868,9,268,4000,3885,0.001,0.01567964932974186,0.026591357180845855,3586,168,177,69,0.8965,0.042,0.04425,0.01725,0.10350000000000004
3869,9,269,4000,3886,0.001,0.015579562317381768,0.026620661799420103,3579,161,186,74,0.89475,0.04025,0.0465,0.0185,0.10524999999999995
3870,9,270,4000,3887,0.001,0.01601696946062976,0.026551838205992724,3603,154,184,59,0.90075,0.0385,0.046,0.01475,0.09924999999999995
3871,9,271,4000,3888,0.001,0.016299039482115203,0.02645568760352382,3606,141,188,65,0.9015,0.03525,0.047,0.01625,0.09850000000000003
3872,9,272,4000,3889,0.001,0.016504688832211283,0.02649070141658979,3537,191,211,61,0.88425,0.04775,0.05275,0.01525,0.11575000000000002
3873,9,273,4000,3890,0.001,0.016584563675388356,0.026455198513329455,3592,145,190,73,0.898,0.03625,0.0475,0.01825,0.10199999999999998
3874,9,274,4000,3891,0.001,0.016498166828224786,0.026476938143170647,3577,177,195,51,0.89425,0.04425,0.04875,0.01275,0.10575000000000001
3875,9,275,4000,3892,0.001,0.01643968555327144,0.026618910367188185,3606,157,178,59,0.9015,0.03925,0.0445,0.01475,0.09850000000000003
3876,9,276,4000,3893,0.001,0.016689572693769934,0.026566834885551043,3546,187,207,60,0.8865,0.04675,0.05175,0.015,0.11350000000000005
3877,9,277,4000,3894,0.001,0.016878512498709253,0.026672008224306234,3561,176,186,77,0.89025,0.044,0.0465,0.01925,0.10975000000000001
3878,9,278,4000,3895,0.001,0.017375265767837697,0.026740740304677532,3568,174,188,70,0.892,0.0435,0.047,0.0175,0.10799999999999998
3879,9,279,4000,3896,0.001,0.01726046724002738,0.02668645272007243,3575,146,206,73,0.89375,0.0365,0.0515,0.01825,0.10624999999999996
3880,9,280,4000,3897,0.001,0.017273495789902896,0.026832018368366732,3606,164,170,60,0.9015,0.041,0.0425,0.015,0.09850000000000003
3881,9,281,4000,3898,0.001,0.01743963247042521,0.026898369037740764,3580,171,179,70,0.895,0.04275,0.04475,0.0175,0.10499999999999998
3882,9,282,4000,3899,0.001,0.01732338861163348,0.026869477135955024,3583,167,178,72,0.89575,0.04175,0.0445,0.018,0.10424999999999995
3883,9,283,4000,3900,0.001,0.017294765995565953,0.02698918449391462,3567,161,192,80,0.89175,0.04025,0.048,0.02,0.10824999999999996
3884,9,284,4000,3901,0.001,0.017264783785096487,0.027082766360665013,3558,188,184,70,0.8895,0.047,0.046,0.0175,0.11050000000000004
3885,9,285,4000,3902,0.001,0.017171283698940675,0.027033514437008934,3574,174,185,67,0.8935,0.0435,0.04625,0.01675,0.10650000000000004
3886,9,286,4000,3903,0.001,0.017273650630716283,0.02690508262068997,3563,169,197,71,0.89075,0.04225,0.04925,0.01775,0.10924999999999996
3887,9,287,4000,3904,0.001,0.01729336462103397,0.0269508493994702,3583,170,175,72,0.89575,0.0425,0.04375,0.018,0.10424999999999995
3888,9,288,4000,3905,0.001,0.017364304928704225,0.026890825975028884,3542,186,201,71,0.8855,0.0465,0.05025,0.01775,0.11450000000000005
3889,9,289,4000,3906,0.001,0.0168808535171701,0.02689716138954095,3563,156,199,82,0.89075,0.039,0.04975,0.0205,0.10924999999999996
3890,9,290,4000,3907,0.001,0.016837701197908228,0.026789892593009974,3599,167,180,54,0.89975,0.04175,0.045,0.0135,0.10024999999999995
3891,9,291,4000,3908,0.001,0.017067592382702796,0.026812002397006485,3602,153,199,46,0.9005,0.03825,0.04975,0.0115,0.09950000000000003
3892,9,292,4000,3909,0.001,0.01676086601653412,0.026841080262637658,3594,176,173,57,0.8985,0.044,0.04325,0.01425,0.10150000000000003
3893,9,293,4000,3910,0.001,0.01682029401176344,0.026938814691988205,3606,156,172,66,0.9015,0.039,0.043,0.0165,0.09850000000000003
3894,9,294,4000,3911,0.001,0.01689333649370815,0.027037254422448725,3564,158,211,67,0.891,0.0395,0.05275,0.01675,0.10899999999999999
3895,9,295,4000,3912,0.001,0.016632891851671248,0.027081955759428768,3587,149,189,75,0.89675,0.03725,0.04725,0.01875,0.10324999999999995
3896,9,296,4000,3913,0.001,0.016723571842227038,0.02716650599512194,3585,163,188,64,0.89625,0.04075,0.047,0.016,0.10375000000000001
3897,9,297,4000,3914,0.001,0.0167217440563033,0.027233851507413025,3540,166,216,78,0.885,0.0415,0.054,0.0195,0.11499999999999999
3898,9,298,4000,3915,0.001,0.01698543035392463,0.02737194546099598,3558,177,197,68,0.8895,0.04425,0.04925,0.017,0.11050000000000004
3899,9,299,4000,3916,0.001,0.01680081902645466,0.027345347958832533,3597,145,189,69,0.89925,0.03625,0.04725,0.01725,0.10075
3900,9,300,4000,3917,0.001,0.016905576254229348,0.027515044892042345,3591,171,174,64,0.89775,0.04275,0.0435,0.016,0.10224999999999995
3901,9,301,4000,3918,0.001,0.0170622683568366,0.027582049644130746,3553,164,202,81,0.88825,0.041,0.0505,0.02025,0.11175000000000002
3902,9,302,4000,3919,0.001,0.016899247404691523,0.0274072703548844,3571,159,194,76,0.89275,0.03975,0.0485,0.019,0.10724999999999996
3903,9,303,4000,3920,0.001,0.016589689345590356,0.02746477547759403,3577,181,182,60,0.89425,0.04525,0.0455,0.015,0.10575000000000001
3904,9,304,4000,3921,0.001,0.016442826585103758,0.027317808645120182,3563,159,205,73,0.89075,0.03975,0.05125,0.01825,0.10924999999999996
3905,9,305,4000,3922,0.001,0.016215747779051513,0.027443846458102748,3594,143,196,67,0.8985,0.03575,0.049,0.01675,0.10150000000000003
3906,9,306,4000,3923,0.001,0.016251459749917468,0.0275010743748587,3580,158,199,63,0.895,0.0395,0.04975,0.01575,0.10499999999999998
3907,9,307,4000,3924,0.001,0.016454927135657917,0.02774142721326035,3607,158,164,71,0.90175,0.0395,0.041,0.01775,0.09824999999999995
3908,9,308,4000,3925,0.001,0.016328522263206635,0.028028198088060417,3564,169,186,81,0.891,0.04225,0.0465,0.02025,0.10899999999999999
3909,9,309,4000,3926,0.001,0.016357645222730328,0.028248521295185434,3591,150,193,66,0.89775,0.0375,0.04825,0.0165,0.10224999999999995
3910,9,310,4000,3927,0.001,0.01647238881383543,0.028290709263110704,3576,164,190,70,0.894,0.041,0.0475,0.0175,0.10599999999999998
3911,9,311,4000,3928,0.001,0.016618182585742353,0.028304720076242424,3562,164,201,73,0.8905,0.041,0.05025,0.01825,0.10950000000000004
3912,9,312,4000,3929,0.001,0.016544714074816377,0.028262488460043915,3541,188,199,72,0.88525,0.047,0.04975,0.018,0.11475000000000002
3913,9,313,4000,3930,0.001,0.0167945013520282,0.028249439519947385,3561,149,208,82,0.89025,0.03725,0.052,0.0205,0.10975000000000001
3914,9,314,4000,3931,0.001,0.016762343876867862,0.028424986195568776,3584,135,216,65,0.896,0.03375,0.054,0.01625,0.10399999999999998
3915,9,315,4000,3932,0.001,0.016940482838593982,0.028259374645515478,3580,151,196,73,0.895,0.03775,0.049,0.01825,0.10499999999999998
3916,9,316,4000,3933,0.001,0.01675466821022621,0.02828875695971142,3548,179,196,77,0.887,0.04475,0.049,0.01925,0.11299999999999999
3917,9,317,4000,3934,0.001,0.016374978886032465,0.028447371653182233,3567,171,194,68,0.89175,0.04275,0.0485,0.017,0.10824999999999996
3918,9,318,4000,3935,0.001,0.01650008919114805,0.028442396918154048,3544,173,202,81,0.886,0.04325,0.0505,0.02025,0.11399999999999999
3919,9,319,4000,3936,0.001,0.01664910907971523,0.028662104951343248,3543,162,210,85,0.88575,0.0405,0.0525,0.02125,0.11424999999999996
3920,9,320,4000,3937,0.001,0.01646674916787794,0.028744694797214167,3596,164,189,51,0.899,0.041,0.04725,0.01275,0.10099999999999998
3921,9,321,4000,3938,0.001,0.016364540723122555,0.028632680678958838,3560,193,182,65,0.89,0.04825,0.0455,0.01625,0.10999999999999999
3922,9,322,4000,3939,0.001,0.016367699464536697,0.028544521737788396,3575,158,211,56,0.89375,0.0395,0.05275,0.014,0.10624999999999996
3923,9,323,4000,3940,0.001,0.01626943604430926,0.028514731134536328,3520,164,234,82,0.88,0.041,0.0585,0.0205,0.12
3924,9,324,4000,3941,0.001,0.0160435396650659,0.02852709224576142,3569,168,182,81,0.89225,0.042,0.0455,0.02025,0.10775000000000001
3925,9,325,4000,3942,0.001,0.015666163594987324,0.02843799380893962,3598,168,160,74,0.8995,0.042,0.04,0.0185,0.10050000000000003
3926,9,326,4000,3943,0.001,0.015320007332324869,0.028477912970812456,3599,161,173,67,0.89975,0.04025,0.04325,0.01675,0.10024999999999995
3927,9,327,4000,3944,0.001,0.015800419080695766,0.02863715545929697,3560,173,195,72,0.89,0.04325,0.04875,0.018,0.10999999999999999
3928,9,328,4000,3945,0.001,0.01580392820594513,0.02857307526353264,3594,173,168,65,0.8985,0.04325,0.042,0.01625,0.10150000000000003
3929,9,329,4000,3946,0.001,0.015640705079176316,0.028528721316879384,3581,147,190,82,0.89525,0.03675,0.0475,0.0205,0.10475000000000001
3930,9,330,4000,3947,0.001,0.015328582578171941,0.028413785789869757,3561,180,203,56,0.89025,0.045,0.05075,0.014,0.10975000000000001
3931,9,331,4000,3948,0.001,0.015131831896381683,0.028525472952532844,3560,178,194,68,0.89,0.0445,0.0485,0.017,0.10999999999999999
3932,9,332,4000,3949,0.001,0.014768734226802704,0.02857236003801185,3606,148,186,60,0.9015,0.037,0.0465,0.015,0.09850000000000003
3933,9,333,4000,3950,0.001,0.014609757137731097,0.02848579018388033,3567,195,176,62,0.89175,0.04875,0.044,0.0155,0.10824999999999996
3934,9,334,4000,3951,0.001,0.014248059504329481,0.02862789675192373,3611,144,189,56,0.90275,0.036,0.04725,0.014,0.09724999999999995
3935,9,335,4000,3952,0.001,0.014334208709512767,0.028599594302095913,3599,148,184,69,0.89975,0.037,0.046,0.01725,0.10024999999999995
3936,9,336,4000,3953,0.001,0.01438755763486942,0.02865597812050106,3629,150,161,60,0.90725,0.0375,0.04025,0.015,0.09275
3937,9,337,4000,3954,0.001,0.014409348942837349,0.028585659014357716,3588,176,182,54,0.897,0.044,0.0455,0.0135,0.10299999999999998
3938,9,338,4000,3955,0.001,0.014337131842287035,0.028622037753950183,3616,152,189,43,0.904,0.038,0.04725,0.01075,0.09599999999999997
3939,9,339,4000,3956,0.001,0.0138939614323965,0.028498781620352808,3643,129,167,61,0.91075,0.03225,0.04175,0.01525,0.08925000000000005
3940,9,340,4000,3957,0.001,0.013833245370908652,0.028632975124708995,3620,147,174,59,0.905,0.03675,0.0435,0.01475,0.09499999999999997
3941,9,341,4000,3958,0.001,0.013996229434726849,0.02854257546999104,3616,161,169,54,0.904,0.04025,0.04225,0.0135,0.09599999999999997
3942,9,342,4000,3959,0.001,0.013928484189187199,0.028469263275687023,3631,137,166,66,0.90775,0.03425,0.0415,0.0165,0.09225000000000005
3943,9,343,4000,3960,0.001,0.013671357905365165,0.02848691457161672,3586,171,199,44,0.8965,0.04275,0.04975,0.011,0.10350000000000004
3944,9,344,4000,3961,0.001,0.01376489171280889,0.02854289811447909,3588,166,183,63,0.897,0.0415,0.04575,0.01575,0.10299999999999998
3945,9,345,4000,3962,0.001,0.013409347554376243,0.028687536498710982,3568,183,189,60,0.892,0.04575,0.04725,0.015,0.10799999999999998
3946,9,346,4000,3963,0.001,0.013525361990937812,0.02860268469367458,3595,153,182,70,0.89875,0.03825,0.0455,0.0175,0.10124999999999995
3947,9,347,4000,3964,0.001,0.013530537386027348,0.02845129827300196,3607,169,174,50,0.90175,0.04225,0.0435,0.0125,0.09824999999999995
3948,9,348,4000,3965,0.001,0.013523859914485835,0.028401117753929297,3608,154,177,61,0.902,0.0385,0.04425,0.01525,0.09799999999999998
3949,9,349,4000,3966,0.001,0.013519503456267833,0.02848133650336605,3632,157,164,47,0.908,0.03925,0.041,0.01175,0.09199999999999997
3950,9,350,4000,3967,0.001,0.013702194788465493,0.02849021026181763,3608,159,181,52,0.902,0.03975,0.04525,0.013,0.09799999999999998
3951,9,351,4000,3968,0.001,0.013670531257269176,0.028581554108033626,3612,157,180,51,0.903,0.03925,0.045,0.01275,0.09699999999999998
3952,9,352,4000,3969,0.001,0.013689181657210704,0.028462827668605504,3600,157,187,56,0.9,0.03925,0.04675,0.014,0.09999999999999998
3953,9,353,4000,3970,0.001,0.013608425997012868,0.028486479869586658,3586,151,211,52,0.8965,0.03775,0.05275,0.013,0.10350000000000004
3954,9,354,4000,3971,0.001,0.013647992296465926,0.028464017236024545,3602,141,182,75,0.9005,0.03525,0.0455,0.01875,0.09950000000000003
3955,9,355,4000,3972,0.001,0.013494514370238698,0.028359008985356034,3627,146,164,63,0.90675,0.0365,0.041,0.01575,0.09325000000000006
3956,9,356,4000,3973,0.001,0.013392577250801412,0.0283005883428002,3633,160,158,49,0.90825,0.04,0.0395,0.01225,0.09175
3957,9,357,4000,3974,0.001,0.013348600083524544,0.028341473770878384,3620,144,176,60,0.905,0.036,0.044,0.015,0.09499999999999997
3958,9,358,4000,3975,0.001,0.013480530374922034,0.028377471465876734,3641,139,148,72,0.91025,0.03475,0.037,0.018,0.08975
3959,9,359,4000,3976,0.001,0.013621244646753546,0.02841228515302671,3601,156,190,53,0.90025,0.039,0.0475,0.01325,0.09975
3960,9,360,4000,3977,0.001,0.01382505433307243,0.028360794318096995,3632,146,159,63,0.908,0.0365,0.03975,0.01575,0.09199999999999997
3961,9,361,4000,3978,0.001,0.013968003777430581,0.02838137471502851,3623,166,161,50,0.90575,0.0415,0.04025,0.0125,0.09424999999999994
3962,9,362,4000,3979,0.001,0.014227686573973823,0.02846075596983078,3578,181,173,68,0.8945,0.04525,0.04325,0.017,0.10550000000000004
3963,9,363,4000,3980,0.001,0.014234634787900463,0.028266738593123807,3621,163,172,44,0.90525,0.04075,0.043,0.011,0.09475
3964,9,364,4000,3981,0.001,0.014534327474169875,0.028216742004479097,3587,173,170,70,0.89675,0.04325,0.0425,0.0175,0.10324999999999995
3965,9,365,4000,3982,0.001,0.01482647564693957,0.02826916329260413,3567,170,181,82,0.89175,0.0425,0.04525,0.0205,0.10824999999999996
3966,9,366,4000,3983,0.001,0.01498885894775433,0.028186103369015697,3606,147,186,61,0.9015,0.03675,0.0465,0.01525,0.09850000000000003
3967,9,367,4000,3984,0.001,0.015096931741536715,0.02828359099287491,3613,152,165,70,0.90325,0.038,0.04125,0.0175,0.09675
3968,9,368,4000,3985,0.001,0.014820698170835186,0.028354845596957376,3604,166,181,49,0.901,0.0415,0.04525,0.01225,0.09899999999999998
3969,9,369,4000,3986,0.001,0.015099150965013838,0.02831963277857958,3554,197,190,59,0.8885,0.04925,0.0475,0.01475,0.11150000000000004
3970,9,370,4000,3987,0.001,0.01511553625113594,0.02843970985647821,3620,135,178,67,0.905,0.03375,0.0445,0.01675,0.09499999999999997
3971,9,371,4000,3988,0.001,0.014664657676948007,0.028337435068924534,3583,149,197,71,0.89575,0.03725,0.04925,0.01775,0.10424999999999995
3972,9,372,4000,3989,0.001,0.014560977851479511,0.028529821700085497,3583,174,172,71,0.89575,0.0435,0.043,0.01775,0.10424999999999995
3973,9,373,4000,3990,0.001,0.014671319980962317,0.028545934842628698,3584,148,198,70,0.896,0.037,0.0495,0.0175,0.10399999999999998
3974,9,374,4000,3991,0.001,0.014505176702908594,0.028471249792299307,3593,161,188,58,0.89825,0.04025,0.047,0.0145,0.10175000000000001
3975,9,375,4000,3992,0.001,0.014397384732750259,0.028579179134809698,3578,168,190,64,0.8945,0.042,0.0475,0.016,0.10550000000000004
3976,9,376,4000,3993,0.001,0.014482409840770184,0.028526175303979592,3576,176,187,61,0.894,0.044,0.04675,0.01525,0.10599999999999998
3977,9,377,4000,3994,0.001,0.01449102893768775,0.028483321414170655,3563,175,190,72,0.89075,0.04375,0.0475,0.018,0.10924999999999996
3978,9,378,4000,3995,0.001,0.014446076725238169,0.02858867225404165,3611,150,174,65,0.90275,0.0375,0.0435,0.01625,0.09724999999999995
3979,9,379,4000,3996,0.001,0.014658587431352885,0.028682254688754204,3592,155,205,48,0.898,0.03875,0.05125,0.012,0.10199999999999998
3980,9,380,4000,3997,0.001,0.014748699781998609,0.02871548968541172,3589,173,187,51,0.89725,0.04325,0.04675,0.01275,0.10275000000000001
3981,9,381,4000,3998,0.001,0.014642185645964903,0.028773951691224122,3561,162,203,74,0.89025,0.0405,0.05075,0.0185,0.10975000000000001
3982,9,382,4000,3999,0.001,0.014687945859357962,0.028930034080510984,3624,123,184,69,0.906,0.03075,0.046,0.01725,0.09399999999999997
3983,9,383,4000,4000,0.001,0.014850361693964729,0.028779817955646048,3571,159,196,74,0.89275,0.03975,0.049,0.0185,0.10724999999999996
3984,9,384,4000,4001,0.001,0.015166445469376164,0.028865882415719277,3601,163,171,65,0.90025,0.04075,0.04275,0.01625,0.09975
3985,9,385,4000,4002,0.001,0.015300372532992938,0.02893716297715267,3604,140,188,68,0.901,0.035,0.047,0.017,0.09899999999999998
3986,9,386,4000,4003,0.001,0.015471564230319264,0.028927097261824825,3547,170,209,74,0.88675,0.0425,0.05225,0.0185,0.11324999999999996
3987,9,387,4000,4004,0.001,0.015138917345444933,0.02890435043380891,3588,167,187,58,0.897,0.04175,0.04675,0.0145,0.10299999999999998
3988,9,388,4000,4005,0.001,0.014898717814882282,0.028868841576169476,3598,162,184,56,0.8995,0.0405,0.046,0.014,0.10050000000000003
3989,9,389,4000,4006,0.001,0.015124892370558914,0.02882375059361316,3582,174,181,63,0.8955,0.0435,0.04525,0.01575,0.10450000000000004
3990,9,390,4000,4007,0.001,0.015103702244637023,0.028753293459425025,3571,162,209,58,0.89275,0.0405,0.05225,0.0145,0.10724999999999996
3991,9,391,4000,4008,0.001,0.01491102188704721,0.028798872322097418,3584,170,186,60,0.896,0.0425,0.0465,0.015,0.10399999999999998
3992,9,392,4000,4009,0.001,0.015135060978322396,0.028889609896267654,3561,184,203,52,0.89025,0.046,0.05075,0.013,0.10975000000000001
3993,9,393,4000,4010,0.001,0.015092805973191929,0.028895449284411092,3561,172,197,70,0.89025,0.043,0.04925,0.0175,0.10975000000000001
3994,9,394,4000,4011,0.001,0.015241939595500879,0.029023636911625524,3597,166,179,58,0.89925,0.0415,0.04475,0.0145,0.10075
3995,9,395,4000,4012,0.001,0.015096023706270827,0.029067815710694805,3579,166,205,50,0.89475,0.0415,0.05125,0.0125,0.10524999999999995
3996,9,396,4000,4013,0.001,0.015548904594777568,0.02931467202123068,3609,164,156,71,0.90225,0.041,0.039,0.01775,0.09775
3997,9,397,4000,4014,0.001,0.015771774766784496,0.0293145890245829,3585,157,199,59,0.89625,0.03925,0.04975,0.01475,0.10375000000000001
3998,9,398,4000,4015,0.001,0.015149938452100407,0.029183740486406914,3581,167,194,58,0.89525,0.04175,0.0485,0.0145,0.10475000000000001
3999,9,399,4000,4016,0.001,0.015463613017733337,0.029040809643629425,3566,180,200,54,0.8915,0.045,0.05,0.0135,0.10850000000000004
4000,10,0,4000,4018,0.001,0.010017249582045572,0.020023295327516292,3721,101,145,33,0.93025,0.02525,0.03625,0.00825,0.06974999999999998
4001,10,1,4000,4019,0.001,0.00987649985578986,0.02019173016269921,3699,127,136,38,0.92475,0.03175,0.034,0.0095,0.07525000000000004
4002,10,2,4000,4020,0.001,0.00962322068325903,0.020189735902737888,3713,131,117,39,0.92825,0.03275,0.02925,0.00975,0.07174999999999998
4003,10,3,4000,4021,0.001,0.009720031733006064,0.020214628475805452,3726,116,125,33,0.9315,0.029,0.03125,0.00825,0.0685
4004,10,4,4000,4022,0.001,0.009232084480512678,0.020192752965676176,3724,107,131,38,0.931,0.02675,0.03275,0.0095,0.06899999999999995
4005,10,5,4000,4023,0.001,0.009499332827715819,0.020211104516263918,3708,111,136,45,0.927,0.02775,0.034,0.01125,0.07299999999999995
4006,10,6,4000,4024,0.001,0.009780414462113191,0.02018749090366003,3688,129,143,40,0.922,0.03225,0.03575,0.01,0.07799999999999996
4007,10,7,4000,4025,0.001,0.010158816852885742,0.020373943543390474,3693,120,138,49,0.92325,0.03,0.0345,0.01225,0.07674999999999998
4008,10,8,4000,4026,0.001,0.010433588208398525,0.020509404650063966,3685,123,146,46,0.92125,0.03075,0.0365,0.0115,0.07874999999999999
4009,10,9,4000,4027,0.001,0.010322461170785198,0.020560322657958128,3717,121,126,36,0.92925,0.03025,0.0315,0.009,0.07074999999999998
4010,10,10,4000,4028,0.001,0.009882066826637819,0.02077087273418111,3697,139,125,39,0.92425,0.03475,0.03125,0.00975,0.07574999999999998
4011,10,11,4000,4029,0.001,0.00998652745395758,0.02084897713073122,3705,124,126,45,0.92625,0.031,0.0315,0.01125,0.07374999999999998
4012,10,12,4000,4030,0.001,0.010212055668276373,0.020807984221428877,3706,118,134,42,0.9265,0.0295,0.0335,0.0105,0.07350000000000001
4013,10,13,4000,4031,0.001,0.01040506966023339,0.020879620392857224,3689,122,137,52,0.92225,0.0305,0.03425,0.013,0.07774999999999999
4014,10,14,4000,4032,0.001,0.010480280693845843,0.020903436640379303,3686,126,147,41,0.9215,0.0315,0.03675,0.01025,0.07850000000000001
4015,10,15,4000,4033,0.001,0.010717377702599049,0.020700838922620417,3662,132,164,42,0.9155,0.033,0.041,0.0105,0.08450000000000002
4016,10,16,4000,4034,0.001,0.011009310893201422,0.020615797137759902,3697,117,137,49,0.92425,0.02925,0.03425,0.01225,0.07574999999999998
4017,10,17,4000,4035,0.001,0.010961253623262682,0.020665157711857705,3688,121,151,40,0.922,0.03025,0.03775,0.01,0.07799999999999996
4018,10,18,4000,4036,0.001,0.010891063650205292,0.020556597279963174,3671,128,149,52,0.91775,0.032,0.03725,0.013,0.08225000000000005
4019,10,19,4000,4037,0.001,0.010813267294445244,0.02082487270984644,3670,135,144,51,0.9175,0.03375,0.036,0.01275,0.08250000000000002
4020,10,20,4000,4038,0.001,0.010835892306636407,0.02081651469137479,3722,115,123,40,0.9305,0.02875,0.03075,0.01,0.0695
4021,10,21,4000,4039,0.001,0.011054513616079002,0.02077593482324453,3715,117,126,42,0.92875,0.02925,0.0315,0.0105,0.07125000000000004
4022,10,22,4000,4040,0.001,0.01104040445490872,0.020668502707163472,3713,108,130,49,0.92825,0.027,0.0325,0.01225,0.07174999999999998
4023,10,23,4000,4041,0.001,0.010815963650312716,0.020843231386412354,3707,114,132,47,0.92675,0.0285,0.033,0.01175,0.07325000000000004
4024,10,24,4000,4042,0.001,0.01069426981562833,0.020909125116997274,3709,112,134,45,0.92725,0.028,0.0335,0.01125,0.07274999999999998
4025,10,25,4000,4043,0.001,0.011104091859323475,0.020923716429852118,3701,125,140,34,0.92525,0.03125,0.035,0.0085,0.07474999999999998
4026,10,26,4000,4044,0.001,0.011081881751235347,0.020967045434627313,3678,136,150,36,0.9195,0.034,0.0375,0.009,0.08050000000000002
4027,10,27,4000,4045,0.001,0.011094245267447664,0.020945721940474227,3680,122,145,53,0.92,0.0305,0.03625,0.01325,0.07999999999999996
4028,10,28,4000,4046,0.001,0.010956424721896455,0.020938881388158567,3680,119,153,48,0.92,0.02975,0.03825,0.012,0.07999999999999996
4029,10,29,4000,4047,0.001,0.011102927323905536,0.02106058754667216,3674,135,149,42,0.9185,0.03375,0.03725,0.0105,0.08150000000000002
4030,10,30,4000,4048,0.001,0.011080463425393476,0.02102113525294287,3714,110,134,42,0.9285,0.0275,0.0335,0.0105,0.07150000000000001
4031,10,31,4000,4049,0.001,0.010837039447196703,0.021075759660694318,3676,120,155,49,0.919,0.03,0.03875,0.01225,0.08099999999999996
4032,10,32,4000,4050,0.001,0.010771296950025058,0.02121113340362946,3682,122,148,48,0.9205,0.0305,0.037,0.012,0.07950000000000002
4033,10,33,4000,4051,0.001,0.010612929640636417,0.021238951830108894,3676,130,145,49,0.919,0.0325,0.03625,0.01225,0.08099999999999996
4034,10,34,4000,4052,0.001,0.010290381934188408,0.021172452762945833,3703,129,115,53,0.92575,0.03225,0.02875,0.01325,0.07425000000000004
4035,10,35,4000,4053,0.001,0.010271543031267894,0.021138580596777843,3726,105,128,41,0.9315,0.02625,0.032,0.01025,0.0685
4036,10,36,4000,4054,0.001,0.010507044059686388,0.02112612298079004,3684,118,162,36,0.921,0.0295,0.0405,0.009,0.07899999999999996
4037,10,37,4000,4055,0.001,0.010205135947982051,0.02124533467955225,3703,126,135,36,0.92575,0.0315,0.03375,0.009,0.07425000000000004
4038,10,38,4000,4056,0.001,0.010645958391572332,0.021151878087259122,3702,115,142,41,0.9255,0.02875,0.0355,0.01025,0.07450000000000001
4039,10,39,4000,4057,0.001,0.010757113167473156,0.021143058956657097,3690,113,147,50,0.9225,0.02825,0.03675,0.0125,0.07750000000000001
4040,10,40,4000,4058,0.001,0.010650975442835255,0.021120630625708358,3712,115,124,49,0.928,0.02875,0.031,0.01225,0.07199999999999995
4041,10,41,4000,4059,0.001,0.01045975297441256,0.02120298010173572,3683,124,142,51,0.92075,0.031,0.0355,0.01275,0.07925000000000004
4042,10,42,4000,4060,0.001,0.010562818033396352,0.021160968376448135,3689,122,150,39,0.92225,0.0305,0.0375,0.00975,0.07774999999999999
4043,10,43,4000,4061,0.001,0.010803608448947037,0.02124031883319227,3667,112,173,48,0.91675,0.028,0.04325,0.012,0.08325000000000005
4044,10,44,4000,4062,0.001,0.011248121949563102,0.021061522883172826,3702,119,133,46,0.9255,0.02975,0.03325,0.0115,0.07450000000000001
4045,10,45,4000,4063,0.001,0.011379861370870532,0.021177129782964366,3680,119,145,56,0.92,0.02975,0.03625,0.014,0.07999999999999996
4046,10,46,4000,4064,0.001,0.011539214773743584,0.021281987064057036,3694,105,162,39,0.9235,0.02625,0.0405,0.00975,0.07650000000000001
4047,10,47,4000,4065,0.001,0.011468355679858185,0.021254228127758498,3661,133,167,39,0.91525,0.03325,0.04175,0.00975,0.08474999999999999
4048,10,48,4000,4066,0.001,0.011541835881055555,0.021309098672940747,3703,103,163,31,0.92575,0.02575,0.04075,0.00775,0.07425000000000004
4049,10,49,4000,4067,0.001,0.0112996676525266,0.021410667634738187,3679,131,133,57,0.91975,0.03275,0.03325,0.01425,0.08025000000000004
4050,10,50,4000,4068,0.001,0.011193318888583801,0.021375945671408336,3683,118,148,51,0.92075,0.0295,0.037,0.01275,0.07925000000000004
4051,10,51,4000,4069,0.001,0.011155848665060293,0.021365554388150496,3666,127,160,47,0.9165,0.03175,0.04,0.01175,0.08350000000000002
4052,10,52,4000,4070,0.001,0.011288270272473535,0.02132218301177156,3690,129,139,42,0.9225,0.03225,0.03475,0.0105,0.07750000000000001
4053,10,53,4000,4071,0.001,0.011583074012438934,0.021230114155716833,3703,123,115,59,0.92575,0.03075,0.02875,0.01475,0.07425000000000004
4054,10,54,4000,4072,0.001,0.011747323176983836,0.021262483302675494,3685,124,148,43,0.92125,0.031,0.037,0.01075,0.07874999999999999
4055,10,55,4000,4073,0.001,0.011938590981715092,0.02129794455437923,3680,131,143,46,0.92,0.03275,0.03575,0.0115,0.07999999999999996
4056,10,56,4000,4074,0.001,0.012199532306586847,0.021234225691889264,3667,123,154,56,0.91675,0.03075,0.0385,0.014,0.08325000000000005
4057,10,57,4000,4075,0.001,0.012201692024846177,0.021110038510011978,3669,121,151,59,0.91725,0.03025,0.03775,0.01475,0.08274999999999999
4058,10,58,4000,4076,0.001,0.01208352186569827,0.021114969204686286,3698,99,154,49,0.9245,0.02475,0.0385,0.01225,0.07550000000000001
4059,10,59,4000,4077,0.001,0.01175205640333644,0.02121809142156312,3678,127,142,53,0.9195,0.03175,0.0355,0.01325,0.08050000000000002
4060,10,60,4000,4078,0.001,0.011662339882213326,0.021236036450311177,3679,127,145,49,0.91975,0.03175,0.03625,0.01225,0.08025000000000004
4061,10,61,4000,4079,0.001,0.011888102766295046,0.021133099146298455,3690,113,148,49,0.9225,0.02825,0.037,0.01225,0.07750000000000001
4062,10,62,4000,4080,0.001,0.011983367365483003,0.02108558272873769,3658,125,155,62,0.9145,0.03125,0.03875,0.0155,0.08550000000000002
4063,10,63,4000,4081,0.001,0.011665221305716587,0.021195976689158857,3685,112,152,51,0.92125,0.028,0.038,0.01275,0.07874999999999999
4064,10,64,4000,4082,0.001,0.01121934181527842,0.02123339493041456,3708,112,148,32,0.927,0.028,0.037,0.008,0.07299999999999995
4065,10,65,4000,4083,0.001,0.01136095971048185,0.021221638027125345,3678,119,154,49,0.9195,0.02975,0.0385,0.01225,0.08050000000000002
4066,10,66,4000,4084,0.001,0.011239154895641527,0.021248998643902034,3668,133,148,51,0.917,0.03325,0.037,0.01275,0.08299999999999996
4067,10,67,4000,4085,0.001,0.011359552931901239,0.021391005833815147,3662,122,161,55,0.9155,0.0305,0.04025,0.01375,0.08450000000000002
4068,10,68,4000,4086,0.001,0.01131996633823574,0.021383502049803486,3713,118,124,45,0.92825,0.0295,0.031,0.01125,0.07174999999999998
4069,10,69,4000,4087,0.001,0.011235181600990626,0.021430574776852746,3693,124,141,42,0.92325,0.031,0.03525,0.0105,0.07674999999999998
4070,10,70,4000,4088,0.001,0.011376927200846567,0.02136347219880997,3647,142,167,44,0.91175,0.0355,0.04175,0.011,0.08825000000000005
4071,10,71,4000,4089,0.001,0.011603325606815703,0.021370969587183212,3661,133,161,45,0.91525,0.03325,0.04025,0.01125,0.08474999999999999
4072,10,72,4000,4090,0.001,0.011589086350760227,0.0214975111307124,3701,126,121,52,0.92525,0.0315,0.03025,0.013,0.07474999999999998
4073,10,73,4000,4091,0.001,0.01183017881458102,0.021573676255817912,3648,140,161,51,0.912,0.035,0.04025,0.01275,0.08799999999999997
4074,10,74,4000,4092,0.001,0.011988938392236007,0.021567265449853438,3675,130,148,47,0.91875,0.0325,0.037,0.01175,0.08125000000000004
4075,10,75,4000,4093,0.001,0.012226922599584251,0.021774561724748374,3648,128,163,61,0.912,0.032,0.04075,0.01525,0.08799999999999997
4076,10,76,4000,4094,0.001,0.012089930514482244,0.02175491543048547,3693,143,121,43,0.92325,0.03575,0.03025,0.01075,0.07674999999999998
4077,10,77,4000,4095,0.001,0.012164945013875519,0.02170306345550111,3652,137,164,47,0.913,0.03425,0.041,0.01175,0.08699999999999997
4078,10,78,4000,4096,0.001,0.01207343450841931,0.02165966551621719,3678,128,139,55,0.9195,0.032,0.03475,0.01375,0.08050000000000002
4079,10,79,4000,4097,0.001,0.011927810446563492,0.02156523167487571,3660,113,165,62,0.915,0.02825,0.04125,0.0155,0.08499999999999996
4080,10,80,4000,4098,0.001,0.011989091821163884,0.021622889696606126,3685,123,134,58,0.92125,0.03075,0.0335,0.0145,0.07874999999999999
4081,10,81,4000,4099,0.001,0.012190193454574783,0.02169750820124684,3673,132,137,58,0.91825,0.033,0.03425,0.0145,0.08174999999999999
4082,10,82,4000,4100,0.001,0.0123711609290865,0.02166180185706364,3657,121,174,48,0.91425,0.03025,0.0435,0.012,0.08574999999999999
4083,10,83,4000,4101,0.001,0.01275349035516822,0.021610711218648593,3659,130,161,50,0.91475,0.0325,0.04025,0.0125,0.08525000000000005
4084,10,84,4000,4102,0.001,0.012617978888342178,0.02159405669237224,3640,142,158,60,0.91,0.0355,0.0395,0.015,0.08999999999999997
4085,10,85,4000,4103,0.001,0.012440853925607016,0.021603277207872557,3648,140,155,57,0.912,0.035,0.03875,0.01425,0.08799999999999997
4086,10,86,4000,4104,0.001,0.012588506154545157,0.021739566594222805,3650,129,169,52,0.9125,0.03225,0.04225,0.013,0.08750000000000002
4087,10,87,4000,4105,0.001,0.01329779435146136,0.021938320754825366,3648,145,160,47,0.912,0.03625,0.04,0.01175,0.08799999999999997
4088,10,88,4000,4106,0.001,0.013421467106597015,0.022079205001537715,3664,125,149,62,0.916,0.03125,0.03725,0.0155,0.08399999999999996
4089,10,89,4000,4107,0.001,0.013484257219866893,0.022313573355533082,3640,144,165,51,0.91,0.036,0.04125,0.01275,0.08999999999999997
4090,10,90,4000,4108,0.001,0.013402988863838053,0.02223807498730384,3652,142,150,56,0.913,0.0355,0.0375,0.014,0.08699999999999997
4091,10,91,4000,4109,0.001,0.013225786755659797,0.0221384472132522,3654,150,144,52,0.9135,0.0375,0.036,0.013,0.08650000000000002
4092,10,92,4000,4110,0.001,0.012886812430429833,0.022243400708740178,3640,134,167,59,0.91,0.0335,0.04175,0.01475,0.08999999999999997
4093,10,93,4000,4111,0.001,0.013036047025431043,0.02233824119497947,3644,132,164,60,0.911,0.033,0.041,0.015,0.08899999999999997
4094,10,94,4000,4112,0.001,0.013218905807557566,0.022482606762413596,3653,139,163,45,0.91325,0.03475,0.04075,0.01125,0.08675
4095,10,95,4000,4113,0.001,0.013250430002408092,0.022376412285866742,3682,126,140,52,0.9205,0.0315,0.035,0.013,0.07950000000000002
4096,10,96,4000,4114,0.001,0.013116706889671646,0.022252646199919603,3660,126,160,54,0.915,0.0315,0.04,0.0135,0.08499999999999996
4097,10,97,4000,4115,0.001,0.013319758401886527,0.022302854677788326,3671,137,148,44,0.91775,0.03425,0.037,0.011,0.08225000000000005
4098,10,98,4000,4116,0.001,0.013469670237570775,0.02231563415140726,3636,137,159,68,0.909,0.03425,0.03975,0.017,0.09099999999999997
4099,10,99,4000,4117,0.001,0.013797032701487896,0.02239404943891374,3625,155,156,64,0.90625,0.03875,0.039,0.016,0.09375
4100,10,100,4000,4118,0.001,0.013978058827949169,0.022467380782150725,3632,131,171,66,0.908,0.03275,0.04275,0.0165,0.09199999999999997
4101,10,101,4000,4119,0.001,0.013875700613574238,0.02246832610235613,3655,132,161,52,0.91375,0.033,0.04025,0.013,0.08625000000000005
4102,10,102,4000,4120,0.001,0.013544002912946718,0.02238472115170146,3647,130,153,70,0.91175,0.0325,0.03825,0.0175,0.08825000000000005
4103,10,103,4000,4121,0.001,0.013569002145829871,0.022483534307636107,3657,135,151,57,0.91425,0.03375,0.03775,0.01425,0.08574999999999999
4104,10,104,4000,4122,0.001,0.013195423534914957,0.022492685901162286,3638,154,164,44,0.9095,0.0385,0.041,0.011,0.09050000000000002
4105,10,105,4000,4123,0.001,0.013018651056474411,0.022400587185388853,3626,147,177,50,0.9065,0.03675,0.04425,0.0125,0.09350000000000003
4106,10,106,4000,4124,0.001,0.013123051980555593,0.02251738725226159,3674,135,131,60,0.9185,0.03375,0.03275,0.015,0.08150000000000002
4107,10,107,4000,4125,0.001,0.013335494232524777,0.022468220788713623,3628,147,158,67,0.907,0.03675,0.0395,0.01675,0.09299999999999997
4108,10,108,4000,4126,0.001,0.013347310891895683,0.022308102496762242,3660,116,170,54,0.915,0.029,0.0425,0.0135,0.08499999999999996
4109,10,109,4000,4127,0.001,0.013468966060136487,0.022351391233074495,3656,140,158,46,0.914,0.035,0.0395,0.0115,0.08599999999999997
4110,10,110,4000,4128,0.001,0.013537481261931264,0.02230768791895515,3647,134,161,58,0.91175,0.0335,0.04025,0.0145,0.08825000000000005
4111,10,111,4000,4129,0.001,0.01325940969189513,0.02218661188339407,3610,147,184,59,0.9025,0.03675,0.046,0.01475,0.09750000000000003
4112,10,112,4000,4130,0.001,0.013417075157816694,0.02222687128268294,3660,137,147,56,0.915,0.03425,0.03675,0.014,0.08499999999999996
4113,10,113,4000,4131,0.001,0.013479339731944442,0.022411150849220848,3655,139,156,50,0.91375,0.03475,0.039,0.0125,0.08625000000000005
4114,10,114,4000,4132,0.001,0.013737389294987292,0.02243646812195452,3640,144,161,55,0.91,0.036,0.04025,0.01375,0.08999999999999997
4115,10,115,4000,4133,0.001,0.013854906446767089,0.022556361677222175,3616,147,183,54,0.904,0.03675,0.04575,0.0135,0.09599999999999997
4116,10,116,4000,4134,0.001,0.013877814346295184,0.02257013577871954,3658,129,160,53,0.9145,0.03225,0.04,0.01325,0.08550000000000002
4117,10,117,4000,4135,0.001,0.014193195367249388,0.02249252965266179,3679,120,152,49,0.91975,0.03,0.038,0.01225,0.08025000000000004
4118,10,118,4000,4136,0.001,0.014739628810409074,0.0226848702140738,3663,144,144,49,0.91575,0.036,0.036,0.01225,0.08425000000000005
4119,10,119,4000,4137,0.001,0.014651581307297604,0.02266500482376785,3655,125,156,64,0.91375,0.03125,0.039,0.016,0.08625000000000005
4120,10,120,4000,4138,0.001,0.014420153458396721,0.022647719462315866,3655,115,171,59,0.91375,0.02875,0.04275,0.01475,0.08625000000000005
4121,10,121,4000,4139,0.001,0.014494791883273368,0.022619986253825063,3641,136,160,63,0.91025,0.034,0.04,0.01575,0.08975
4122,10,122,4000,4140,0.001,0.014320185683767018,0.022532785270808146,3643,133,166,58,0.91075,0.03325,0.0415,0.0145,0.08925000000000005
4123,10,123,4000,4141,0.001,0.014501450444311345,0.022602038376473396,3649,132,166,53,0.91225,0.033,0.0415,0.01325,0.08775
4124,10,124,4000,4142,0.001,0.014492479607418843,0.022582989424671185,3674,143,128,55,0.9185,0.03575,0.032,0.01375,0.08150000000000002
4125,10,125,4000,4143,0.001,0.014319387817619902,0.02288145448217732,3625,121,198,56,0.90625,0.03025,0.0495,0.014,0.09375
4126,10,126,4000,4144,0.001,0.01436912618568547,0.022773760053505437,3623,135,180,62,0.90575,0.03375,0.045,0.0155,0.09424999999999994
4127,10,127,4000,4145,0.001,0.014521939550722705,0.022698661683139127,3642,134,173,51,0.9105,0.0335,0.04325,0.01275,0.08950000000000002
4128,10,128,4000,4146,0.001,0.01441482887850038,0.022769636791235254,3639,142,152,67,0.90975,0.0355,0.038,0.01675,0.09025000000000005
4129,10,129,4000,4147,0.001,0.014574469758691535,0.022729167438009047,3608,148,188,56,0.902,0.037,0.047,0.014,0.09799999999999998
4130,10,130,4000,4148,0.001,0.014442905066503184,0.02263810621540434,3620,142,175,63,0.905,0.0355,0.04375,0.01575,0.09499999999999997
4131,10,131,4000,4149,0.001,0.014354586515559722,0.02261701088168005,3624,151,158,67,0.906,0.03775,0.0395,0.01675,0.09399999999999997
4132,10,132,4000,4150,0.001,0.014337027336496394,0.022697238950235024,3666,123,157,54,0.9165,0.03075,0.03925,0.0135,0.08350000000000002
4133,10,133,4000,4151,0.001,0.014363750371990962,0.022679341015164178,3640,144,161,55,0.91,0.036,0.04025,0.01375,0.08999999999999997
4134,10,134,4000,4152,0.001,0.0136541115785393,0.02270756988982759,3643,147,155,55,0.91075,0.03675,0.03875,0.01375,0.08925000000000005
4135,10,135,4000,4153,0.001,0.013971286056464815,0.022680243805956592,3661,136,154,49,0.91525,0.034,0.0385,0.01225,0.08474999999999999
4136,10,136,4000,4154,0.001,0.013791898149148588,0.022870059588037447,3650,125,158,67,0.9125,0.03125,0.0395,0.01675,0.08750000000000002
4137,10,137,4000,4155,0.001,0.013726414924294718,0.022926917373827967,3632,141,166,61,0.908,0.03525,0.0415,0.01525,0.09199999999999997
4138,10,138,4000,4156,0.001,0.014014392437530145,0.02282328355354073,3663,123,162,52,0.91575,0.03075,0.0405,0.013,0.08425000000000005
4139,10,139,4000,4157,0.001,0.014000724869553158,0.02295715187844221,3646,130,168,56,0.9115,0.0325,0.042,0.014,0.08850000000000002
4140,10,140,4000,4158,0.001,0.014322596989834097,0.022907998835501948,3629,152,165,54,0.90725,0.038,0.04125,0.0135,0.09275
4141,10,141,4000,4159,0.001,0.014152634911188705,0.022821906842144617,3620,141,186,53,0.905,0.03525,0.0465,0.01325,0.09499999999999997
4142,10,142,4000,4160,0.001,0.013952978352319876,0.022963595800554043,3638,145,160,57,0.9095,0.03625,0.04,0.01425,0.09050000000000002
4143,10,143,4000,4161,0.001,0.013503087044645845,0.02314561638459757,3638,147,154,61,0.9095,0.03675,0.0385,0.01525,0.09050000000000002
4144,10,144,4000,4162,0.001,0.013484352466268675,0.023048013748294897,3661,149,137,53,0.91525,0.03725,0.03425,0.01325,0.08474999999999999
4145,10,145,4000,4163,0.001,0.0134464497181456,0.02300684607547697,3655,117,164,64,0.91375,0.02925,0.041,0.016,0.08625000000000005
4146,10,146,4000,4164,0.001,0.013902817834836946,0.02290554088172249,3646,119,177,58,0.9115,0.02975,0.04425,0.0145,0.08850000000000002
4147,10,147,4000,4165,0.001,0.013795099881812644,0.023011058420304396,3658,138,154,50,0.9145,0.0345,0.0385,0.0125,0.08550000000000002
4148,10,148,4000,4166,0.001,0.013384011201702696,0.023152695323066876,3639,149,158,54,0.90975,0.03725,0.0395,0.0135,0.09025000000000005
4149,10,149,4000,4167,0.001,0.013328308032665763,0.023217333929330754,3650,160,145,45,0.9125,0.04,0.03625,0.01125,0.08750000000000002
4150,10,150,4000,4168,0.001,0.01310092413412377,0.023386472413411477,3650,140,151,59,0.9125,0.035,0.03775,0.01475,0.08750000000000002
4151,10,151,4000,4169,0.001,0.013076296393467232,0.023278659018646286,3659,134,142,65,0.91475,0.0335,0.0355,0.01625,0.08525000000000005
4152,10,152,4000,4170,0.001,0.013407553713439433,0.02311756201596307,3675,117,153,55,0.91875,0.02925,0.03825,0.01375,0.08125000000000004
4153,10,153,4000,4171,0.001,0.01334770701620679,0.023234520163917777,3648,141,149,62,0.912,0.03525,0.03725,0.0155,0.08799999999999997
4154,10,154,4000,4172,0.001,0.013000112923978817,0.02345764341313865,3645,152,153,50,0.91125,0.038,0.03825,0.0125,0.08875
4155,10,155,4000,4173,0.001,0.012687468070591693,0.02353320365022928,3635,154,155,56,0.90875,0.0385,0.03875,0.014,0.09125000000000005
4156,10,156,4000,4174,0.001,0.012986832244138005,0.023540899223566267,3647,126,175,52,0.91175,0.0315,0.04375,0.013,0.08825000000000005
4157,10,157,4000,4175,0.001,0.012892065741062072,0.02352872788810994,3659,126,157,58,0.91475,0.0315,0.03925,0.0145,0.08525000000000005
4158,10,158,4000,4176,0.001,0.012892928750309222,0.023567073601424883,3654,138,157,51,0.9135,0.0345,0.03925,0.01275,0.08650000000000002
4159,10,159,4000,4177,0.001,0.013035056586374614,0.023631292955341787,3630,154,156,60,0.9075,0.0385,0.039,0.015,0.09250000000000003
4160,10,160,4000,4178,0.001,0.012993126429651843,0.02368891592744483,3626,150,163,61,0.9065,0.0375,0.04075,0.01525,0.09350000000000003
4161,10,161,4000,4179,0.001,0.013328702473480383,0.02380925109193475,3604,133,192,71,0.901,0.03325,0.048,0.01775,0.09899999999999998
4162,10,162,4000,4180,0.001,0.013119600171303107,0.023823796995474385,3651,152,146,51,0.91275,0.038,0.0365,0.01275,0.08725000000000005
4163,10,163,4000,4181,0.001,0.013117679175237172,0.023961150013819967,3635,133,181,51,0.90875,0.03325,0.04525,0.01275,0.09125000000000005
4164,10,164,4000,4182,0.001,0.013161346289978006,0.023889796056118667,3636,139,166,59,0.909,0.03475,0.0415,0.01475,0.09099999999999997
4165,10,165,4000,4183,0.001,0.012989082711401242,0.02372767252574947,3646,131,152,71,0.9115,0.03275,0.038,0.01775,0.08850000000000002
4166,10,166,4000,4184,0.001,0.013276579517944143,0.023648916738605957,3673,136,143,48,0.91825,0.034,0.03575,0.012,0.08174999999999999
4167,10,167,4000,4185,0.001,0.013209446770019204,0.023721579301422522,3617,157,170,56,0.90425,0.03925,0.0425,0.014,0.09575
4168,10,168,4000,4186,0.001,0.01357211393333179,0.023669756116004585,3679,128,143,50,0.91975,0.032,0.03575,0.0125,0.08025000000000004
4169,10,169,4000,4187,0.001,0.013934686643691617,0.023685426155260703,3676,118,154,52,0.919,0.0295,0.0385,0.013,0.08099999999999996
4170,10,170,4000,4188,0.001,0.014019345051630005,0.02368795511840459,3619,138,183,60,0.90475,0.0345,0.04575,0.015,0.09524999999999995
4171,10,171,4000,4189,0.001,0.014018615835318698,0.023802373946247644,3629,151,174,46,0.90725,0.03775,0.0435,0.0115,0.09275
4172,10,172,4000,4190,0.001,0.01407903881855072,0.02384683987612896,3633,122,165,80,0.90825,0.0305,0.04125,0.02,0.09175
4173,10,173,4000,4191,0.001,0.014370963941649075,0.023807679349684543,3634,148,160,58,0.9085,0.037,0.04,0.0145,0.09150000000000003
4174,10,174,4000,4192,0.001,0.01451994128694504,0.02370126929533327,3641,150,155,54,0.91025,0.0375,0.03875,0.0135,0.08975
4175,10,175,4000,4193,0.001,0.014609584972279889,0.023681304652569592,3629,127,179,65,0.90725,0.03175,0.04475,0.01625,0.09275
4176,10,176,4000,4194,0.001,0.01439686256892513,0.023600666537999675,3614,149,181,56,0.9035,0.03725,0.04525,0.014,0.09650000000000003
4177,10,177,4000,4195,0.001,0.014494569352938939,0.023635744940008294,3662,140,145,53,0.9155,0.035,0.03625,0.01325,0.08450000000000002
4178,10,178,4000,4196,0.001,0.01434987082620546,0.02350242946142472,3608,142,179,71,0.902,0.0355,0.04475,0.01775,0.09799999999999998
4179,10,179,4000,4197,0.001,0.014258636253466645,0.023601266189523507,3640,138,166,56,0.91,0.0345,0.0415,0.014,0.08999999999999997
4180,10,180,4000,4198,0.001,0.014143442575187381,0.023889680689288158,3613,135,189,63,0.90325,0.03375,0.04725,0.01575,0.09675
4181,10,181,4000,4199,0.001,0.014030064003302853,0.023788223447792748,3632,134,177,57,0.908,0.0335,0.04425,0.01425,0.09199999999999997
4182,10,182,4000,4200,0.001,0.01388656084781687,0.02380021169733146,3629,134,174,63,0.90725,0.0335,0.0435,0.01575,0.09275
4183,10,183,4000,4201,0.001,0.013674701014831276,0.02392446387161411,3634,160,158,48,0.9085,0.04,0.0395,0.012,0.09150000000000003
4184,10,184,4000,4202,0.001,0.013839139628580972,0.024008502628218586,3594,173,176,57,0.8985,0.04325,0.044,0.01425,0.10150000000000003
4185,10,185,4000,4203,0.001,0.014003714746779953,0.02417384713996703,3657,136,164,43,0.91425,0.034,0.041,0.01075,0.08574999999999999
4186,10,186,4000,4204,0.001,0.014113562521631363,0.024243623016644136,3639,136,176,49,0.90975,0.034,0.044,0.01225,0.09025000000000005
4187,10,187,4000,4205,0.001,0.013859058995744473,0.024303282080290946,3620,130,184,66,0.905,0.0325,0.046,0.0165,0.09499999999999997
4188,10,188,4000,4206,0.001,0.013825778377901058,0.02440054852681143,3622,138,182,58,0.9055,0.0345,0.0455,0.0145,0.09450000000000003
4189,10,189,4000,4207,0.001,0.014128327812892243,0.02427386883783545,3663,133,154,50,0.91575,0.03325,0.0385,0.0125,0.08425000000000005
4190,10,190,4000,4208,0.001,0.013997153093062658,0.024238382117244942,3620,141,188,51,0.905,0.03525,0.047,0.01275,0.09499999999999997
4191,10,191,4000,4209,0.001,0.01405368574307242,0.024214822044654364,3649,132,175,44,0.91225,0.033,0.04375,0.011,0.08775
4192,10,192,4000,4210,0.001,0.014195520644866864,0.02422121042652518,3663,141,136,60,0.91575,0.03525,0.034,0.015,0.08425000000000005
4193,10,193,4000,4211,0.001,0.01421529750561602,0.0240895623946282,3630,159,167,44,0.9075,0.03975,0.04175,0.011,0.09250000000000003
4194,10,194,4000,4212,0.001,0.014389294522907142,0.02401174003682177,3639,142,168,51,0.90975,0.0355,0.042,0.01275,0.09025000000000005
4195,10,195,4000,4213,0.001,0.014119524436453841,0.024020509670769484,3668,136,148,48,0.917,0.034,0.037,0.012,0.08299999999999996
4196,10,196,4000,4214,0.001,0.014121890420176558,0.024054622403685954,3656,143,150,51,0.914,0.03575,0.0375,0.01275,0.08599999999999997
4197,10,197,4000,4215,0.001,0.014321960082043648,0.024016471852823407,3615,146,184,55,0.90375,0.0365,0.046,0.01375,0.09624999999999995
4198,10,198,4000,4216,0.001,0.014301023229169131,0.0239453652716152,3608,169,170,53,0.902,0.04225,0.0425,0.01325,0.09799999999999998
4199,10,199,4000,4217,0.001,0.014192692258742234,0.023959798490140106,3605,171,174,50,0.90125,0.04275,0.0435,0.0125,0.09875
4200,10,200,4000,4218,0.001,0.014393934796099564,0.02398026889523394,3623,157,159,61,0.90575,0.03925,0.03975,0.01525,0.09424999999999994
4201,10,201,4000,4219,0.001,0.014424105599931746,0.023858772579060362,3638,133,169,60,0.9095,0.03325,0.04225,0.015,0.09050000000000002
4202,10,202,4000,4220,0.001,0.014729349020349036,0.02407008081810534,3645,154,156,45,0.91125,0.0385,0.039,0.01125,0.08875
4203,10,203,4000,4221,0.001,0.014822632161638202,0.024021599311907692,3604,158,179,59,0.901,0.0395,0.04475,0.01475,0.09899999999999998
4204,10,204,4000,4222,0.001,0.015066633375274169,0.024019261377093135,3628,133,171,68,0.907,0.03325,0.04275,0.017,0.09299999999999997
4205,10,205,4000,4223,0.001,0.015227528918752327,0.02405373990485863,3618,158,162,62,0.9045,0.0395,0.0405,0.0155,0.09550000000000003
4206,10,206,4000,4224,0.001,0.015338699331710157,0.02416673828574005,3607,161,169,63,0.90175,0.04025,0.04225,0.01575,0.09824999999999995
4207,10,207,4000,4225,0.001,0.015858491858303975,0.024059435026593103,3603,158,182,57,0.90075,0.0395,0.0455,0.01425,0.09924999999999995
4208,10,208,4000,4226,0.001,0.01583436097644503,0.02402768610425949,3587,160,193,60,0.89675,0.04,0.04825,0.015,0.10324999999999995
4209,10,209,4000,4227,0.001,0.015858737266610846,0.024125092919152186,3611,150,174,65,0.90275,0.0375,0.0435,0.01625,0.09724999999999995
4210,10,210,4000,4228,0.001,0.015896494894811177,0.02423936075588941,3606,153,171,70,0.9015,0.03825,0.04275,0.0175,0.09850000000000003
4211,10,211,4000,4229,0.001,0.01587961957357023,0.024306825206099822,3599,144,189,68,0.89975,0.036,0.04725,0.017,0.10024999999999995
4212,10,212,4000,4230,0.001,0.016062451232022955,0.024295509586177363,3585,155,191,69,0.89625,0.03875,0.04775,0.01725,0.10375000000000001
4213,10,213,4000,4231,0.001,0.016130873604468847,0.024122916798534223,3594,146,190,70,0.8985,0.0365,0.0475,0.0175,0.10150000000000003
4214,10,214,4000,4232,0.001,0.016355488682909057,0.02422758361151286,3553,159,198,90,0.88825,0.03975,0.0495,0.0225,0.11175000000000002
4215,10,215,4000,4233,0.001,0.01630009310058821,0.024037802850140944,3608,131,178,83,0.902,0.03275,0.0445,0.02075,0.09799999999999998
4216,10,216,4000,4234,0.001,0.016040935696434402,0.024120658862831823,3632,139,166,63,0.908,0.03475,0.0415,0.01575,0.09199999999999997
4217,10,217,4000,4235,0.001,0.01605626026788419,0.024280730402113464,3593,153,182,72,0.89825,0.03825,0.0455,0.018,0.10175000000000001
4218,10,218,4000,4236,0.001,0.01572381635985997,0.024116415883667194,3564,168,204,64,0.891,0.042,0.051,0.016,0.10899999999999999
4219,10,219,4000,4237,0.001,0.0157368181316589,0.024163344676401202,3632,152,160,56,0.908,0.038,0.04,0.014,0.09199999999999997
4220,10,220,4000,4238,0.001,0.01540397827794962,0.024285758484949283,3613,149,177,61,0.90325,0.03725,0.04425,0.01525,0.09675
4221,10,221,4000,4239,0.001,0.015316917336867606,0.024454876320509446,3642,143,161,54,0.9105,0.03575,0.04025,0.0135,0.08950000000000002
4222,10,222,4000,4240,0.001,0.015203300348661634,0.024473285311209226,3622,145,175,58,0.9055,0.03625,0.04375,0.0145,0.09450000000000003
4223,10,223,4000,4241,0.001,0.015431206501532187,0.02438405052023958,3632,144,165,59,0.908,0.036,0.04125,0.01475,0.09199999999999997
4224,10,224,4000,4242,0.001,0.015390539234186325,0.024132240646478866,3634,153,152,61,0.9085,0.03825,0.038,0.01525,0.09150000000000003
4225,10,225,4000,4243,0.001,0.015215878245826084,0.023983459099888534,3628,149,160,63,0.907,0.03725,0.04,0.01575,0.09299999999999997
4226,10,226,4000,4244,0.001,0.014651894799412944,0.02397601559421845,3624,146,156,74,0.906,0.0365,0.039,0.0185,0.09399999999999997
4227,10,227,4000,4245,0.001,0.014834795145051973,0.024041247736235817,3612,131,174,83,0.903,0.03275,0.0435,0.02075,0.09699999999999998
4228,10,228,4000,4246,0.001,0.014582237518180902,0.02401197974410506,3577,154,194,75,0.89425,0.0385,0.0485,0.01875,0.10575000000000001
4229,10,229,4000,4247,0.001,0.014647925238912209,0.02403558184112741,3669,117,159,55,0.91725,0.02925,0.03975,0.01375,0.08274999999999999
4230,10,230,4000,4248,0.001,0.015081104905691436,0.02413786919872284,3592,151,191,66,0.898,0.03775,0.04775,0.0165,0.10199999999999998
4231,10,231,4000,4249,0.001,0.01551262484754644,0.023951675726147023,3638,142,160,60,0.9095,0.0355,0.04,0.015,0.09050000000000002
4232,10,232,4000,4250,0.001,0.015447583741742838,0.024158504592970177,3626,137,180,57,0.9065,0.03425,0.045,0.01425,0.09350000000000003
4233,10,233,4000,4251,0.001,0.015341713634362812,0.024025249510780274,3586,164,183,67,0.8965,0.041,0.04575,0.01675,0.10350000000000004
4234,10,234,4000,4252,0.001,0.015275206570720012,0.024047374732611614,3607,146,183,64,0.90175,0.0365,0.04575,0.016,0.09824999999999995
4235,10,235,4000,4253,0.001,0.015175663580881876,0.02418090411779444,3626,162,154,58,0.9065,0.0405,0.0385,0.0145,0.09350000000000003
4236,10,236,4000,4254,0.001,0.01532335038537221,0.02423540239861422,3637,140,164,59,0.90925,0.035,0.041,0.01475,0.09075
4237,10,237,4000,4255,0.001,0.015044558603178462,0.024334173292655154,3611,148,183,58,0.90275,0.037,0.04575,0.0145,0.09724999999999995
4238,10,238,4000,4256,0.001,0.015180271105440563,0.024249960599974724,3638,143,162,57,0.9095,0.03575,0.0405,0.01425,0.09050000000000002
4239,10,239,4000,4257,0.001,0.01529527452388801,0.024146508583961692,3610,143,174,73,0.9025,0.03575,0.0435,0.01825,0.09750000000000003
4240,10,240,4000,4258,0.001,0.015193758692214733,0.024220082210585164,3624,134,179,63,0.906,0.0335,0.04475,0.01575,0.09399999999999997
4241,10,241,4000,4259,0.001,0.01509902138835361,0.024027237723661103,3585,171,188,56,0.89625,0.04275,0.047,0.014,0.10375000000000001
4242,10,242,4000,4260,0.001,0.015039919106747016,0.024093388178505284,3629,148,168,55,0.90725,0.037,0.042,0.01375,0.09275
4243,10,243,4000,4261,0.001,0.014638874557261124,0.023990830964491967,3614,145,175,66,0.9035,0.03625,0.04375,0.0165,0.09650000000000003
4244,10,244,4000,4262,0.001,0.014725118486312685,0.023885653330686346,3613,161,167,59,0.90325,0.04025,0.04175,0.01475,0.09675
4245,10,245,4000,4263,0.001,0.014817167287756314,0.023754003351736754,3657,142,161,40,0.91425,0.0355,0.04025,0.01,0.08574999999999999
4246,10,246,4000,4264,0.001,0.014846186858974009,0.023780123147370873,3660,148,143,49,0.915,0.037,0.03575,0.01225,0.08499999999999996
4247,10,247,4000,4265,0.001,0.014909797125452606,0.023783419108283417,3600,146,190,64,0.9,0.0365,0.0475,0.016,0.09999999999999998
4248,10,248,4000,4266,0.001,0.014582618290856589,0.024013231501807755,3678,132,147,43,0.9195,0.033,0.03675,0.01075,0.08050000000000002
4249,10,249,4000,4267,0.001,0.014607615052173619,0.023974872796074867,3599,141,198,62,0.89975,0.03525,0.0495,0.0155,0.10024999999999995
4250,10,250,4000,4268,0.001,0.014730483681682276,0.02398383122580349,3624,131,172,73,0.906,0.03275,0.043,0.01825,0.09399999999999997
4251,10,251,4000,4269,0.001,0.014761129928874515,0.024062966613382895,3607,146,184,63,0.90175,0.0365,0.046,0.01575,0.09824999999999995
4252,10,252,4000,4270,0.001,0.014799635530616362,0.024118051784947813,3597,151,180,72,0.89925,0.03775,0.045,0.018,0.10075
4253,10,253,4000,4271,0.001,0.015031203222470662,0.024184265658956403,3648,142,151,59,0.912,0.0355,0.03775,0.01475,0.08799999999999997
4254,10,254,4000,4272,0.001,0.015402480557994378,0.02429513027286588,3593,153,175,79,0.89825,0.03825,0.04375,0.01975,0.10175000000000001
4255,10,255,4000,4273,0.001,0.015465722911496345,0.02426867940598803,3589,148,189,74,0.89725,0.037,0.04725,0.0185,0.10275000000000001
4256,10,256,4000,4274,0.001,0.015675629571695535,0.024347737776154673,3632,138,171,59,0.908,0.0345,0.04275,0.01475,0.09199999999999997
4257,10,257,4000,4275,0.001,0.01601734849471938,0.024312540160306713,3571,159,195,75,0.89275,0.03975,0.04875,0.01875,0.10724999999999996
4258,10,258,4000,4276,0.001,0.016438937329928616,0.02431103021654733,3600,150,172,78,0.9,0.0375,0.043,0.0195,0.09999999999999998
4259,10,259,4000,4277,0.001,0.01641921681237936,0.024280390701090834,3622,132,169,77,0.9055,0.033,0.04225,0.01925,0.09450000000000003
4260,10,260,4000,4278,0.001,0.016545706648943555,0.02423371403952436,3624,148,173,55,0.906,0.037,0.04325,0.01375,0.09399999999999997
4261,10,261,4000,4279,0.001,0.016444381772563077,0.024025283641032964,3596,153,174,77,0.899,0.03825,0.0435,0.01925,0.10099999999999998
4262,10,262,4000,4280,0.001,0.016133298957100785,0.02388130374625103,3595,157,188,60,0.89875,0.03925,0.047,0.015,0.10124999999999995
4263,10,263,4000,4281,0.001,0.015926370117902718,0.02394274550797567,3630,124,183,63,0.9075,0.031,0.04575,0.01575,0.09250000000000003
4264,10,264,4000,4282,0.001,0.01577374453072251,0.02392005639072666,3628,141,169,62,0.907,0.03525,0.04225,0.0155,0.09299999999999997
4265,10,265,4000,4283,0.001,0.015694449183361513,0.02388348938961751,3577,167,197,59,0.89425,0.04175,0.04925,0.01475,0.10575000000000001
4266,10,266,4000,4284,0.001,0.01587567499566098,0.02384488041950807,3625,146,170,59,0.90625,0.0365,0.0425,0.01475,0.09375
4267,10,267,4000,4285,0.001,0.016094033226802022,0.02382300805604491,3627,137,176,60,0.90675,0.03425,0.044,0.015,0.09325000000000006
4268,10,268,4000,4286,0.001,0.0157361802263158,0.023755809946447937,3590,152,180,78,0.8975,0.038,0.045,0.0195,0.10250000000000004
4269,10,269,4000,4287,0.001,0.015515629255485004,0.023633402229484467,3613,141,180,66,0.90325,0.03525,0.045,0.0165,0.09675
4270,10,270,4000,4288,0.001,0.0151275723538747,0.023628842046893857,3623,133,195,49,0.90575,0.03325,0.04875,0.01225,0.09424999999999994
4271,10,271,4000,4289,0.001,0.014979876202491622,0.023534972197600375,3622,143,169,66,0.9055,0.03575,0.04225,0.0165,0.09450000000000003
4272,10,272,4000,4290,0.001,0.014948464149031502,0.02348123121745478,3622,147,172,59,0.9055,0.03675,0.043,0.01475,0.09450000000000003
4273,10,273,4000,4291,0.001,0.01478252606147503,0.023722880475399843,3627,151,155,67,0.90675,0.03775,0.03875,0.01675,0.09325000000000006
4274,10,274,4000,4292,0.001,0.01478093094946645,0.023701708322551536,3604,157,181,58,0.901,0.03925,0.04525,0.0145,0.09899999999999998
4275,10,275,4000,4293,0.001,0.014519713227491557,0.02387883657327667,3628,139,167,66,0.907,0.03475,0.04175,0.0165,0.09299999999999997
4276,10,276,4000,4294,0.001,0.014588916843225927,0.023748469252917133,3603,143,196,58,0.90075,0.03575,0.049,0.0145,0.09924999999999995
4277,10,277,4000,4295,0.001,0.014793445545046845,0.023723083485478937,3616,158,166,60,0.904,0.0395,0.0415,0.015,0.09599999999999997
4278,10,278,4000,4296,0.001,0.01444237503860306,0.023647912661078126,3599,139,192,70,0.89975,0.03475,0.048,0.0175,0.10024999999999995
4279,10,279,4000,4297,0.001,0.014491637336000422,0.023760869211642697,3644,132,167,57,0.911,0.033,0.04175,0.01425,0.08899999999999997
4280,10,280,4000,4298,0.001,0.014468361507961727,0.023619618387638965,3688,121,140,51,0.922,0.03025,0.035,0.01275,0.07799999999999996
4281,10,281,4000,4299,0.001,0.014461258102971275,0.023662502030138016,3615,164,161,60,0.90375,0.041,0.04025,0.015,0.09624999999999995
4282,10,282,4000,4300,0.001,0.015012612277007242,0.023665988090872312,3643,144,150,63,0.91075,0.036,0.0375,0.01575,0.08925000000000005
4283,10,283,4000,4301,0.001,0.015107444762695686,0.02371885792744687,3582,168,188,62,0.8955,0.042,0.047,0.0155,0.10450000000000004
4284,10,284,4000,4302,0.001,0.015045678888396386,0.023762392884091585,3616,148,166,70,0.904,0.037,0.0415,0.0175,0.09599999999999997
4285,10,285,4000,4303,0.001,0.015316182952415972,0.0237621612646614,3624,143,166,67,0.906,0.03575,0.0415,0.01675,0.09399999999999997
4286,10,286,4000,4304,0.001,0.015305937167371777,0.023710874346613068,3634,128,173,65,0.9085,0.032,0.04325,0.01625,0.09150000000000003
4287,10,287,4000,4305,0.001,0.015188570193916954,0.023608311202117552,3636,150,161,53,0.909,0.0375,0.04025,0.01325,0.09099999999999997
4288,10,288,4000,4306,0.001,0.015390126705935085,0.023530516113446212,3634,140,172,54,0.9085,0.035,0.043,0.0135,0.09150000000000003
4289,10,289,4000,4307,0.001,0.015197581184359672,0.023505167883440495,3625,154,154,67,0.90625,0.0385,0.0385,0.01675,0.09375
4290,10,290,4000,4308,0.001,0.01545503258670455,0.02361872782830583,3600,161,176,63,0.9,0.04025,0.044,0.01575,0.09999999999999998
4291,10,291,4000,4309,0.001,0.015558668191648037,0.023405543350451946,3644,125,186,45,0.911,0.03125,0.0465,0.01125,0.08899999999999997
4292,10,292,4000,4310,0.001,0.015349112630699588,0.02335248766506168,3627,133,167,73,0.90675,0.03325,0.04175,0.01825,0.09325000000000006
4293,10,293,4000,4311,0.001,0.015338297223716702,0.023277080208079327,3631,159,153,57,0.90775,0.03975,0.03825,0.01425,0.09225000000000005
4294,10,294,4000,4312,0.001,0.01542185492467618,0.023336196938078865,3625,144,168,63,0.90625,0.036,0.042,0.01575,0.09375
4295,10,295,4000,4313,0.001,0.015575543161841798,0.02333576492461608,3641,144,155,60,0.91025,0.036,0.03875,0.015,0.08975
4296,10,296,4000,4314,0.001,0.015441374369187374,0.02332830622558897,3634,133,169,64,0.9085,0.03325,0.04225,0.016,0.09150000000000003
4297,10,297,4000,4315,0.001,0.015865301937727016,0.023328093535901488,3615,137,168,80,0.90375,0.03425,0.042,0.02,0.09624999999999995
4298,10,298,4000,4316,0.001,0.015931003359975986,0.023177531315759878,3571,168,200,61,0.89275,0.042,0.05,0.01525,0.10724999999999996
4299,10,299,4000,4317,0.001,0.015799743670250402,0.02303101481155732,3604,157,166,73,0.901,0.03925,0.0415,0.01825,0.09899999999999998
4300,10,300,4000,4318,0.001,0.015988542436035397,0.023120719395415237,3616,142,182,60,0.904,0.0355,0.0455,0.015,0.09599999999999997
4301,10,301,4000,4319,0.001,0.015768484670160548,0.02323612684139367,3580,170,196,54,0.895,0.0425,0.049,0.0135,0.10499999999999998
4302,10,302,4000,4320,0.001,0.016043022537027378,0.023225814654647133,3633,129,171,67,0.90825,0.03225,0.04275,0.01675,0.09175
4303,10,303,4000,4321,0.001,0.015984537979497178,0.02328951761849996,3585,155,197,63,0.89625,0.03875,0.04925,0.01575,0.10375000000000001
4304,10,304,4000,4322,0.001,0.01597955299611318,0.023327357402452772,3590,162,188,60,0.8975,0.0405,0.047,0.015,0.10250000000000004
4305,10,305,4000,4323,0.001,0.01574189265494881,0.02322317830404519,3605,156,171,68,0.90125,0.039,0.04275,0.017,0.09875
4306,10,306,4000,4324,0.001,0.01571479761397813,0.023194416383999265,3604,138,188,70,0.901,0.0345,0.047,0.0175,0.09899999999999998
4307,10,307,4000,4325,0.001,0.015382485587733924,0.023294494816359698,3635,118,172,75,0.90875,0.0295,0.043,0.01875,0.09125000000000005
4308,10,308,4000,4326,0.001,0.01578857561246333,0.023223997091312596,3646,125,159,70,0.9115,0.03125,0.03975,0.0175,0.08850000000000002
4309,10,309,4000,4327,0.001,0.016253173288790373,0.023245410652526652,3595,174,162,69,0.89875,0.0435,0.0405,0.01725,0.10124999999999995
4310,10,310,4000,4328,0.001,0.01598320150382759,0.023290700501398025,3628,133,180,59,0.907,0.03325,0.045,0.01475,0.09299999999999997
4311,10,311,4000,4329,0.001,0.01586083463921876,0.0232375441809773,3595,161,166,78,0.89875,0.04025,0.0415,0.0195,0.10124999999999995
4312,10,312,4000,4330,0.001,0.016319922339671576,0.023335755216225537,3603,150,176,71,0.90075,0.0375,0.044,0.01775,0.09924999999999995
4313,10,313,4000,4331,0.001,0.016227225717171494,0.023225826538579106,3624,137,171,68,0.906,0.03425,0.04275,0.017,0.09399999999999997
4314,10,314,4000,4332,0.001,0.016054294889829273,0.023243625066437713,3597,154,185,64,0.89925,0.0385,0.04625,0.016,0.10075
4315,10,315,4000,4333,0.001,0.01628579034025169,0.02323517679738627,3599,162,161,78,0.89975,0.0405,0.04025,0.0195,0.10024999999999995
4316,10,316,4000,4334,0.001,0.016727536418386084,0.023319245390258456,3620,154,167,59,0.905,0.0385,0.04175,0.01475,0.09499999999999997
4317,10,317,4000,4335,0.001,0.016932872850627313,0.023234473211450266,3575,165,189,71,0.89375,0.04125,0.04725,0.01775,0.10624999999999996
4318,10,318,4000,4336,0.001,0.016783681861318345,0.023261494238182794,3601,163,172,64,0.90025,0.04075,0.043,0.016,0.09975
4319,10,319,4000,4337,0.001,0.016888827456006644,0.023237277384217016,3603,139,182,76,0.90075,0.03475,0.0455,0.019,0.09924999999999995
4320,10,320,4000,4338,0.001,0.016653802393001297,0.023202967718762024,3615,149,183,53,0.90375,0.03725,0.04575,0.01325,0.09624999999999995
4321,10,321,4000,4339,0.001,0.016703761070418745,0.023185577421551865,3605,160,177,58,0.90125,0.04,0.04425,0.0145,0.09875
4322,10,322,4000,4340,0.001,0.016447049272371905,0.023165430796488206,3648,123,164,65,0.912,0.03075,0.041,0.01625,0.08799999999999997
4323,10,323,4000,4341,0.001,0.016732706088036647,0.02325637924039184,3589,154,176,81,0.89725,0.0385,0.044,0.02025,0.10275000000000001
4324,10,324,4000,4342,0.001,0.01692302209599811,0.02323022296669225,3636,115,186,63,0.909,0.02875,0.0465,0.01575,0.09099999999999997
4325,10,325,4000,4343,0.001,0.016940566183431215,0.023264018158451256,3610,147,188,55,0.9025,0.03675,0.047,0.01375,0.09750000000000003
4326,10,326,4000,4344,0.001,0.016939788978203904,0.02318778742606887,3614,155,169,62,0.9035,0.03875,0.04225,0.0155,0.09650000000000003
4327,10,327,4000,4345,0.001,0.01680618508120529,0.023271900054367196,3618,157,167,58,0.9045,0.03925,0.04175,0.0145,0.09550000000000003
4328,10,328,4000,4346,0.001,0.016539642640926815,0.0232150177914168,3600,159,163,78,0.9,0.03975,0.04075,0.0195,0.09999999999999998
4329,10,329,4000,4347,0.001,0.01656667260896509,0.02316947512340683,3603,166,158,73,0.90075,0.0415,0.0395,0.01825,0.09924999999999995
4330,10,330,4000,4348,0.001,0.015832200821500896,0.023074971650936225,3615,150,179,56,0.90375,0.0375,0.04475,0.014,0.09624999999999995
4331,10,331,4000,4349,0.001,0.016101545106454698,0.023214525674280596,3601,152,180,67,0.90025,0.038,0.045,0.01675,0.09975
4332,10,332,4000,4350,0.001,0.016150228669014687,0.02321430916405153,3627,140,177,56,0.90675,0.035,0.04425,0.014,0.09325000000000006
4333,10,333,4000,4351,0.001,0.01597762182867732,0.023287765466688908,3595,167,183,55,0.89875,0.04175,0.04575,0.01375,0.10124999999999995
4334,10,334,4000,4352,0.001,0.015988907777115077,0.023318695338515417,3589,148,195,68,0.89725,0.037,0.04875,0.017,0.10275000000000001
4335,10,335,4000,4353,0.001,0.01581083522112625,0.023346623985317082,3613,153,177,57,0.90325,0.03825,0.04425,0.01425,0.09675
4336,10,336,4000,4354,0.001,0.0158931980435789,0.023280163738805704,3621,152,156,71,0.90525,0.038,0.039,0.01775,0.09475
4337,10,337,4000,4355,0.001,0.01596733121561246,0.023223250448938082,3626,143,159,72,0.9065,0.03575,0.03975,0.018,0.09350000000000003
4338,10,338,4000,4356,0.001,0.01616088818053431,0.023159599513443617,3610,139,174,77,0.9025,0.03475,0.0435,0.01925,0.09750000000000003
4339,10,339,4000,4357,0.001,0.016383405853076145,0.023270236102646898,3599,125,197,79,0.89975,0.03125,0.04925,0.01975,0.10024999999999995
4340,10,340,4000,4358,0.001,0.016170903393333262,0.023262081443641912,3620,155,176,49,0.905,0.03875,0.044,0.01225,0.09499999999999997
4341,10,341,4000,4359,0.001,0.016425058842279235,0.023173892745638004,3613,139,184,64,0.90325,0.03475,0.046,0.016,0.09675
4342,10,342,4000,4360,0.001,0.01617719863110311,0.023266254734051802,3588,165,182,65,0.897,0.04125,0.0455,0.01625,0.10299999999999998
4343,10,343,4000,4361,0.001,0.016216369527953047,0.02336092194250738,3579,170,180,71,0.89475,0.0425,0.045,0.01775,0.10524999999999995
4344,10,344,4000,4362,0.001,0.016261544326126635,0.023432743152868033,3583,155,203,59,0.89575,0.03875,0.05075,0.01475,0.10424999999999995
4345,10,345,4000,4363,0.001,0.016151460759372252,0.02334892075358094,3592,159,186,63,0.898,0.03975,0.0465,0.01575,0.10199999999999998
4346,10,346,4000,4364,0.001,0.015792879097280384,0.0234592062107473,3645,135,163,57,0.91125,0.03375,0.04075,0.01425,0.08875
4347,10,347,4000,4365,0.001,0.015579245711116898,0.02340279935390013,3610,139,188,63,0.9025,0.03475,0.047,0.01575,0.09750000000000003
4348,10,348,4000,4366,0.001,0.015685981466415352,0.023365793925808016,3642,135,166,57,0.9105,0.03375,0.0415,0.01425,0.08950000000000002
4349,10,349,4000,4367,0.001,0.016045214109769498,0.023398345662661746,3611,171,146,72,0.90275,0.04275,0.0365,0.018,0.09724999999999995
4350,10,350,4000,4368,0.001,0.016082755822772216,0.023486974776032253,3606,140,189,65,0.9015,0.035,0.04725,0.01625,0.09850000000000003
4351,10,351,4000,4369,0.001,0.015603133989092311,0.023441003778294566,3637,141,167,55,0.90925,0.03525,0.04175,0.01375,0.09075
4352,10,352,4000,4370,0.001,0.015565658111590814,0.02357976755676016,3610,145,181,64,0.9025,0.03625,0.04525,0.016,0.09750000000000003
4353,10,353,4000,4371,0.001,0.01569601553485342,0.023583776178368838,3614,146,184,56,0.9035,0.0365,0.046,0.014,0.09650000000000003
4354,10,354,4000,4372,0.001,0.015812449324159608,0.02362298639630264,3643,131,177,49,0.91075,0.03275,0.04425,0.01225,0.08925000000000005
4355,10,355,4000,4373,0.001,0.016013955874617156,0.02362463336626671,3601,153,177,69,0.90025,0.03825,0.04425,0.01725,0.09975
4356,10,356,4000,4374,0.001,0.016297223053188623,0.023640050234694517,3620,126,164,90,0.905,0.0315,0.041,0.0225,0.09499999999999997
4357,10,357,4000,4375,0.001,0.01643934079629398,0.023703274935375027,3585,156,200,59,0.89625,0.039,0.05,0.01475,0.10375000000000001
4358,10,358,4000,4376,0.001,0.015992024953262896,0.02358295740310006,3606,145,186,63,0.9015,0.03625,0.0465,0.01575,0.09850000000000003
4359,10,359,4000,4377,0.001,0.01587399814805213,0.02360557988228963,3608,147,186,59,0.902,0.03675,0.0465,0.01475,0.09799999999999998
4360,10,360,4000,4378,0.001,0.015850929970399396,0.02354177167156381,3643,142,155,60,0.91075,0.0355,0.03875,0.015,0.08925000000000005
4361,10,361,4000,4379,0.001,0.016210559117464874,0.02353129411276475,3641,146,148,65,0.91025,0.0365,0.037,0.01625,0.08975
4362,10,362,4000,4380,0.001,0.016621389998562087,0.023436018941880816,3625,143,159,73,0.90625,0.03575,0.03975,0.01825,0.09375
4363,10,363,4000,4381,0.001,0.016688957640536458,0.023514112100739306,3596,151,180,73,0.899,0.03775,0.045,0.01825,0.10099999999999998
4364,10,364,4000,4382,0.001,0.016738280392657266,0.02354954750435958,3604,158,181,57,0.901,0.0395,0.04525,0.01425,0.09899999999999998
4365,10,365,4000,4383,0.001,0.01688705151694572,0.023652069407507637,3620,153,159,68,0.905,0.03825,0.03975,0.017,0.09499999999999997
4366,10,366,4000,4384,0.001,0.017031512116813946,0.023600915614473684,3586,154,175,85,0.8965,0.0385,0.04375,0.02125,0.10350000000000004
4367,10,367,4000,4385,0.001,0.017192596800262246,0.023498874749431204,3596,157,168,79,0.899,0.03925,0.042,0.01975,0.10099999999999998
4368,10,368,4000,4386,0.001,0.01720586785721151,0.023633803989793548,3614,148,174,64,0.9035,0.037,0.0435,0.016,0.09650000000000003
4369,10,369,4000,4387,0.001,0.017251328778124846,0.023580762530487655,3610,157,169,64,0.9025,0.03925,0.04225,0.016,0.09750000000000003
4370,10,370,4000,4388,0.001,0.01706034156058303,0.023620321953986226,3598,143,190,69,0.8995,0.03575,0.0475,0.01725,0.10050000000000003
4371,10,371,4000,4389,0.001,0.017143114032908045,0.023653144115326943,3595,161,173,71,0.89875,0.04025,0.04325,0.01775,0.10124999999999995
4372,10,372,4000,4390,0.001,0.01728848227663169,0.02368021383545407,3612,135,181,72,0.903,0.03375,0.04525,0.018,0.09699999999999998
4373,10,373,4000,4391,0.001,0.017354920558558595,0.023889579130218563,3550,167,214,69,0.8875,0.04175,0.0535,0.01725,0.11250000000000004
4374,10,374,4000,4392,0.001,0.017288227516489896,0.023719736244645528,3559,161,204,76,0.88975,0.04025,0.051,0.019,0.11024999999999996
4375,10,375,4000,4393,0.001,0.017213049603935354,0.023629489171657785,3601,154,189,56,0.90025,0.0385,0.04725,0.014,0.09975
4376,10,376,4000,4394,0.001,0.01746281221824444,0.023614468066576945,3623,128,182,67,0.90575,0.032,0.0455,0.01675,0.09424999999999994
4377,10,377,4000,4395,0.001,0.017421407822751134,0.023703889711514794,3594,147,181,78,0.8985,0.03675,0.04525,0.0195,0.10150000000000003
4378,10,378,4000,4396,0.001,0.017727392936683305,0.023695860730732272,3577,167,184,72,0.89425,0.04175,0.046,0.018,0.10575000000000001
4379,10,379,4000,4397,0.001,0.017807365922465724,0.023647832010604504,3584,142,200,74,0.896,0.0355,0.05,0.0185,0.10399999999999998
4380,10,380,4000,4398,0.001,0.017971055159617402,0.023801156734423554,3610,138,187,65,0.9025,0.0345,0.04675,0.01625,0.09750000000000003
4381,10,381,4000,4399,0.001,0.01772726968949222,0.023875575526510505,3592,158,181,69,0.898,0.0395,0.04525,0.01725,0.10199999999999998
4382,10,382,4000,4400,0.001,0.017839732537557034,0.023931424617949126,3553,173,197,77,0.88825,0.04325,0.04925,0.01925,0.11175000000000002
4383,10,383,4000,4401,0.001,0.01763495337585735,0.02393736107783169,3605,164,161,70,0.90125,0.041,0.04025,0.0175,0.09875
4384,10,384,4000,4402,0.001,0.017652077404217953,0.023840722197403443,3613,167,162,58,0.90325,0.04175,0.0405,0.0145,0.09675
4385,10,385,4000,4403,0.001,0.01762805083090812,0.023915813661065113,3572,147,211,70,0.893,0.03675,0.05275,0.0175,0.10699999999999998
4386,10,386,4000,4404,0.001,0.017588400316053947,0.02368401286913031,3622,136,180,62,0.9055,0.034,0.045,0.0155,0.09450000000000003
4387,10,387,4000,4405,0.001,0.017504052822260814,0.023732611383119592,3593,159,188,60,0.89825,0.03975,0.047,0.015,0.10175000000000001
4388,10,388,4000,4406,0.001,0.017969708083419546,0.023737014280717124,3569,159,182,90,0.89225,0.03975,0.0455,0.0225,0.10775000000000001
4389,10,389,4000,4407,0.001,0.017798943962725883,0.023793796664255382,3568,155,196,81,0.892,0.03875,0.049,0.02025,0.10799999999999998
4390,10,390,4000,4408,0.001,0.017773795293108054,0.02372251815890759,3572,171,183,74,0.893,0.04275,0.04575,0.0185,0.10699999999999998
4391,10,391,4000,4409,0.001,0.017631122216153473,0.02362534789389636,3594,142,184,80,0.8985,0.0355,0.046,0.02,0.10150000000000003
4392,10,392,4000,4410,0.001,0.01758273296470788,0.023711924125842103,3574,163,186,77,0.8935,0.04075,0.0465,0.01925,0.10650000000000004
4393,10,393,4000,4411,0.001,0.017447479287119972,0.023450343048679753,3588,155,187,70,0.897,0.03875,0.04675,0.0175,0.10299999999999998
4394,10,394,4000,4412,0.001,0.017545136580579927,0.023438203270637382,3570,152,191,87,0.8925,0.038,0.04775,0.02175,0.10750000000000004
4395,10,395,4000,4413,0.001,0.017549887912829718,0.023336924375720644,3588,158,166,88,0.897,0.0395,0.0415,0.022,0.10299999999999998
4396,10,396,4000,4414,0.001,0.017553482630501972,0.023130745615716285,3589,152,187,72,0.89725,0.038,0.04675,0.018,0.10275000000000001
4397,10,397,4000,4415,0.001,0.017828583333300032,0.02329528433592851,3578,153,202,67,0.8945,0.03825,0.0505,0.01675,0.10550000000000004
4398,10,398,4000,4416,0.001,0.017698954161019315,0.023232102548876168,3623,139,158,80,0.90575,0.03475,0.0395,0.02,0.09424999999999994
4399,10,399,4000,4417,0.001,0.01733398623846737,0.023323852600942142,3634,153,142,71,0.9085,0.03825,0.0355,0.01775,0.09150000000000003
4400,11,0,4000,4419,0.001,0.010001686279358409,0.020004911113564627,3715,123,122,40,0.92875,0.03075,0.0305,0.01,0.07125000000000004
4401,11,1,4000,4420,0.001,0.010163250951616357,0.020086454028131275,3686,131,142,41,0.9215,0.03275,0.0355,0.01025,0.07850000000000001
4402,11,2,4000,4421,0.001,0.010425970456497555,0.020129068695439085,3709,112,137,42,0.92725,0.028,0.03425,0.0105,0.07274999999999998
4403,11,3,4000,4422,0.001,0.010307041517398011,0.0200987182062019,3712,124,134,30,0.928,0.031,0.0335,0.0075,0.07199999999999995
4404,11,4,4000,4423,0.001,0.010151110241308391,0.020148707576704887,3685,117,146,52,0.92125,0.02925,0.0365,0.013,0.07874999999999999
4405,11,5,4000,4424,0.001,0.010056468423917235,0.020174076780490442,3714,114,131,41,0.9285,0.0285,0.03275,0.01025,0.07150000000000001
4406,11,6,4000,4425,0.001,0.010207406933683457,0.020255736246265293,3725,106,135,34,0.93125,0.0265,0.03375,0.0085,0.06874999999999998
4407,11,7,4000,4426,0.001,0.010187412057557613,0.02040623434684701,3726,104,128,42,0.9315,0.026,0.032,0.0105,0.0685
4408,11,8,4000,4427,0.001,0.010376979326109407,0.02039027395243848,3676,139,144,41,0.919,0.03475,0.036,0.01025,0.08099999999999996
4409,11,9,4000,4428,0.001,0.010217370606577942,0.02031689406512197,3701,126,134,39,0.92525,0.0315,0.0335,0.00975,0.07474999999999998
4410,11,10,4000,4429,0.001,0.01013523313321343,0.020199325796522293,3716,97,140,47,0.929,0.02425,0.035,0.01175,0.07099999999999995
4411,11,11,4000,4430,0.001,0.010223455963224402,0.020229835728202084,3681,123,155,41,0.92025,0.03075,0.03875,0.01025,0.07974999999999999
4412,11,12,4000,4431,0.001,0.01035704418119671,0.02022132813817974,3692,121,137,50,0.923,0.03025,0.03425,0.0125,0.07699999999999996
4413,11,13,4000,4432,0.001,0.010468587915823984,0.0202887443193334,3709,115,137,39,0.92725,0.02875,0.03425,0.00975,0.07274999999999998
4414,11,14,4000,4433,0.001,0.010137755727036993,0.020284224358720418,3698,124,133,45,0.9245,0.031,0.03325,0.01125,0.07550000000000001
4415,11,15,4000,4434,0.001,0.01064844017993588,0.020165285762427692,3702,102,148,48,0.9255,0.0255,0.037,0.012,0.07450000000000001
4416,11,16,4000,4435,0.001,0.010346490847718545,0.020253567767109293,3705,123,128,44,0.92625,0.03075,0.032,0.011,0.07374999999999998
4417,11,17,4000,4436,0.001,0.010200234336054338,0.02026397875909341,3677,123,157,43,0.91925,0.03075,0.03925,0.01075,0.08074999999999999
4418,11,18,4000,4437,0.001,0.01017691097984444,0.020244597436815205,3694,116,152,38,0.9235,0.029,0.038,0.0095,0.07650000000000001
4419,11,19,4000,4438,0.001,0.009896179195488486,0.020403174560619027,3716,124,133,27,0.929,0.031,0.03325,0.00675,0.07099999999999995
4420,11,20,4000,4439,0.001,0.009832063382156416,0.02033883493764729,3724,114,123,39,0.931,0.0285,0.03075,0.00975,0.06899999999999995
4421,11,21,4000,4440,0.001,0.009891369759909166,0.020376578372086406,3702,104,149,45,0.9255,0.026,0.03725,0.01125,0.07450000000000001
4422,11,22,4000,4441,0.001,0.009793050959160731,0.020313980986598083,3718,109,126,47,0.9295,0.02725,0.0315,0.01175,0.07050000000000001
4423,11,23,4000,4442,0.001,0.009836429905545322,0.02036579487831216,3711,108,135,46,0.92775,0.027,0.03375,0.0115,0.07225000000000004
4424,11,24,4000,4443,0.001,0.009953073791997205,0.020255045588499658,3742,106,125,27,0.9355,0.0265,0.03125,0.00675,0.0645
4425,11,25,4000,4444,0.001,0.009845205317081383,0.020169885494371886,3694,127,151,28,0.9235,0.03175,0.03775,0.007,0.07650000000000001
4426,11,26,4000,4445,0.001,0.009744059104016446,0.02026159198081723,3722,119,124,35,0.9305,0.02975,0.031,0.00875,0.0695
4427,11,27,4000,4446,0.001,0.009654473795975373,0.0201131124279954,3723,101,137,39,0.93075,0.02525,0.03425,0.00975,0.06925000000000003
4428,11,28,4000,4447,0.001,0.009902463427226246,0.020094501922413483,3700,120,144,36,0.925,0.03,0.036,0.009,0.07499999999999996
4429,11,29,4000,4448,0.001,0.009852726256780357,0.020186419522150938,3711,125,118,46,0.92775,0.03125,0.0295,0.0115,0.07225000000000004
4430,11,30,4000,4449,0.001,0.010107040182361542,0.020096477656281173,3717,119,128,36,0.92925,0.02975,0.032,0.009,0.07074999999999998
4431,11,31,4000,4450,0.001,0.010236760375776524,0.02017593892962786,3698,116,140,46,0.9245,0.029,0.035,0.0115,0.07550000000000001
4432,11,32,4000,4451,0.001,0.009900335222152766,0.0201959573279829,3683,126,154,37,0.92075,0.0315,0.0385,0.00925,0.07925000000000004
4433,11,33,4000,4452,0.001,0.010029263891027552,0.02022187014871207,3729,119,113,39,0.93225,0.02975,0.02825,0.00975,0.06774999999999998
4434,11,34,4000,4453,0.001,0.010150518535406921,0.020045297025175393,3708,118,142,32,0.927,0.0295,0.0355,0.008,0.07299999999999995
4435,11,35,4000,4454,0.001,0.010140603012590642,0.020015309268875396,3710,115,132,43,0.9275,0.02875,0.033,0.01075,0.07250000000000001
4436,11,36,4000,4455,0.001,0.010142173867254762,0.019961198066601293,3700,107,152,41,0.925,0.02675,0.038,0.01025,0.07499999999999996
4437,11,37,4000,4456,0.001,0.010072859683322655,0.019924535034045746,3722,106,127,45,0.9305,0.0265,0.03175,0.01125,0.0695
4438,11,38,4000,4457,0.001,0.009856756645341446,0.019837019996924825,3699,119,145,37,0.92475,0.02975,0.03625,0.00925,0.07525000000000004
4439,11,39,4000,4458,0.001,0.009816210657716372,0.019935834217329806,3726,105,130,39,0.9315,0.02625,0.0325,0.00975,0.0685
4440,11,40,4000,4459,0.001,0.009793009304998676,0.020079093946780577,3689,117,155,39,0.92225,0.02925,0.03875,0.00975,0.07774999999999999
4441,11,41,4000,4460,0.001,0.009832340431415811,0.020003226658169462,3722,109,133,36,0.9305,0.02725,0.03325,0.009,0.0695
4442,11,42,4000,4461,0.001,0.010088130773234696,0.019940413206943803,3713,103,138,46,0.92825,0.02575,0.0345,0.0115,0.07174999999999998
4443,11,43,4000,4462,0.001,0.0101683719217825,0.019928729545951263,3712,104,146,38,0.928,0.026,0.0365,0.0095,0.07199999999999995
4444,11,44,4000,4463,0.001,0.009804031326918053,0.019926517995785046,3733,114,121,32,0.93325,0.0285,0.03025,0.008,0.06674999999999998
4445,11,45,4000,4464,0.001,0.00974704960757715,0.01996313883200875,3729,101,141,29,0.93225,0.02525,0.03525,0.00725,0.06774999999999998
4446,11,46,4000,4465,0.001,0.009798929328294717,0.01979178731854755,3692,114,139,55,0.923,0.0285,0.03475,0.01375,0.07699999999999996
4447,11,47,4000,4466,0.001,0.009720314836515339,0.01991550776852414,3729,113,130,28,0.93225,0.02825,0.0325,0.007,0.06774999999999998
4448,11,48,4000,4467,0.001,0.009790647562227594,0.019802004092414588,3725,111,111,53,0.93125,0.02775,0.02775,0.01325,0.06874999999999998
4449,11,49,4000,4468,0.001,0.0098869803128643,0.019649724484769295,3707,112,137,44,0.92675,0.028,0.03425,0.011,0.07325000000000004
4450,11,50,4000,4469,0.001,0.01015215982697226,0.019494809636901304,3697,118,148,37,0.92425,0.0295,0.037,0.00925,0.07574999999999998
4451,11,51,4000,4470,0.001,0.01016435467894541,0.01941424611925435,3736,108,120,36,0.934,0.027,0.03,0.009,0.06599999999999995
4452,11,52,4000,4471,0.001,0.010476289296905843,0.019342788540379775,3696,112,143,49,0.924,0.028,0.03575,0.01225,0.07599999999999996
4453,11,53,4000,4472,0.001,0.010139923999970728,0.019486062586241516,3693,128,140,39,0.92325,0.032,0.035,0.00975,0.07674999999999998
4454,11,54,4000,4473,0.001,0.010145718053558276,0.01950859642503946,3716,111,131,42,0.929,0.02775,0.03275,0.0105,0.07099999999999995
4455,11,55,4000,4474,0.001,0.010155349650349347,0.019701390760638086,3741,104,105,50,0.93525,0.026,0.02625,0.0125,0.06474999999999997
4456,11,56,4000,4475,0.001,0.009886326948860083,0.019806467999800566,3695,126,130,49,0.92375,0.0315,0.0325,0.01225,0.07625000000000004
4457,11,57,4000,4476,0.001,0.009891335139110698,0.019700980208422366,3731,111,123,35,0.93275,0.02775,0.03075,0.00875,0.06725000000000003
4458,11,58,4000,4477,0.001,0.00985105678252755,0.01969495875856654,3713,137,122,28,0.92825,0.03425,0.0305,0.007,0.07174999999999998
4459,11,59,4000,4478,0.001,0.009592018473367086,0.01976574064676614,3749,96,115,40,0.93725,0.024,0.02875,0.01,0.06274999999999997
4460,11,60,4000,4479,0.001,0.00940937688509374,0.019737045376308864,3728,105,127,40,0.932,0.02625,0.03175,0.01,0.06799999999999995
4461,11,61,4000,4480,0.001,0.009465904489183538,0.01973506775916785,3735,100,117,48,0.93375,0.025,0.02925,0.012,0.06625000000000003
4462,11,62,4000,4481,0.001,0.00939767109963363,0.01965542423077821,3717,118,127,38,0.92925,0.0295,0.03175,0.0095,0.07074999999999998
4463,11,63,4000,4482,0.001,0.009288940309032621,0.019578035086243523,3724,130,120,26,0.931,0.0325,0.03,0.0065,0.06899999999999995
4464,11,64,4000,4483,0.001,0.009568265174471282,0.019739866669249834,3669,130,158,43,0.91725,0.0325,0.0395,0.01075,0.08274999999999999
4465,11,65,4000,4484,0.001,0.009589994067524381,0.019682515956196064,3699,128,115,58,0.92475,0.032,0.02875,0.0145,0.07525000000000004
4466,11,66,4000,4485,0.001,0.009478696209974762,0.019639388132437485,3721,102,127,50,0.93025,0.0255,0.03175,0.0125,0.06974999999999998
4467,11,67,4000,4486,0.001,0.00966814566868382,0.019396069216979613,3730,87,139,44,0.9325,0.02175,0.03475,0.011,0.0675
4468,11,68,4000,4487,0.001,0.009572937694301774,0.019405106173655706,3714,110,132,44,0.9285,0.0275,0.033,0.011,0.07150000000000001
4469,11,69,4000,4488,0.001,0.009778396899706582,0.019509336373009615,3721,108,127,44,0.93025,0.027,0.03175,0.011,0.06974999999999998
4470,11,70,4000,4489,0.001,0.009574625507581374,0.01954792215008964,3721,104,141,34,0.93025,0.026,0.03525,0.0085,0.06974999999999998
4471,11,71,4000,4490,0.001,0.00950214164491708,0.01964529536002237,3704,122,128,46,0.926,0.0305,0.032,0.0115,0.07399999999999995
4472,11,72,4000,4491,0.001,0.009395743214232005,0.01956254231146024,3741,103,126,30,0.93525,0.02575,0.0315,0.0075,0.06474999999999997
4473,11,73,4000,4492,0.001,0.00945922956341765,0.01972006681917658,3728,110,125,37,0.932,0.0275,0.03125,0.00925,0.06799999999999995
4474,11,74,4000,4493,0.001,0.009152497082920413,0.01962444825435757,3710,112,148,30,0.9275,0.028,0.037,0.0075,0.07250000000000001
4475,11,75,4000,4494,0.001,0.00935193466022696,0.019583954379461747,3733,116,111,40,0.93325,0.029,0.02775,0.01,0.06674999999999998
4476,11,76,4000,4495,0.001,0.009226451246877897,0.019535924099019813,3709,119,135,37,0.92725,0.02975,0.03375,0.00925,0.07274999999999998
4477,11,77,4000,4496,0.001,0.009294291161476436,0.01965907634420589,3727,113,129,31,0.93175,0.02825,0.03225,0.00775,0.06825000000000003
4478,11,78,4000,4497,0.001,0.008930767976039483,0.019613498420175644,3731,97,127,45,0.93275,0.02425,0.03175,0.01125,0.06725000000000003
4479,11,79,4000,4498,0.001,0.008973729666010084,0.01983828545087511,3718,106,125,51,0.9295,0.0265,0.03125,0.01275,0.07050000000000001
4480,11,80,4000,4499,0.001,0.008747212833257984,0.019800016322842385,3737,100,118,45,0.93425,0.025,0.0295,0.01125,0.06574999999999998
4481,11,81,4000,4500,0.001,0.009016449216010509,0.019665191169621954,3738,111,121,30,0.9345,0.02775,0.03025,0.0075,0.0655
4482,11,82,4000,4501,0.001,0.009362299187365832,0.019576620474996868,3755,101,111,33,0.93875,0.02525,0.02775,0.00825,0.06125000000000003
4483,11,83,4000,4502,0.001,0.009369925396157152,0.0196830188164829,3681,132,149,38,0.92025,0.033,0.03725,0.0095,0.07974999999999999
4484,11,84,4000,4503,0.001,0.009330271592856102,0.019774559728526167,3712,96,156,36,0.928,0.024,0.039,0.009,0.07199999999999995
4485,11,85,4000,4504,0.001,0.009437605301905955,0.019683847537912108,3731,115,120,34,0.93275,0.02875,0.03,0.0085,0.06725000000000003
4486,11,86,4000,4505,0.001,0.009583654659986021,0.019639133236933407,3742,104,123,31,0.9355,0.026,0.03075,0.00775,0.0645
4487,11,87,4000,4506,0.001,0.009674643896959602,0.019712167288666288,3753,93,121,33,0.93825,0.02325,0.03025,0.00825,0.06174999999999997
4488,11,88,4000,4507,0.001,0.009714798567481486,0.019590609990952797,3741,100,127,32,0.93525,0.025,0.03175,0.008,0.06474999999999997
4489,11,89,4000,4508,0.001,0.009808503836488038,0.019645641404462386,3710,114,130,46,0.9275,0.0285,0.0325,0.0115,0.07250000000000001
4490,11,90,4000,4509,0.001,0.010324742445657,0.01976620892032134,3694,107,159,40,0.9235,0.02675,0.03975,0.01,0.07650000000000001
4491,11,91,4000,4510,0.001,0.009992207836851862,0.019770281295602703,3723,105,131,41,0.93075,0.02625,0.03275,0.01025,0.06925000000000003
4492,11,92,4000,4511,0.001,0.010080122380035816,0.01994329780348321,3699,122,131,48,0.92475,0.0305,0.03275,0.012,0.07525000000000004
4493,11,93,4000,4512,0.001,0.01028761452584487,0.019941891209077113,3693,113,145,49,0.92325,0.02825,0.03625,0.01225,0.07674999999999998
4494,11,94,4000,4513,0.001,0.010070578246496053,0.020067832701357865,3695,125,145,35,0.92375,0.03125,0.03625,0.00875,0.07625000000000004
4495,11,95,4000,4514,0.001,0.010300035630361574,0.020192412397652175,3690,130,135,45,0.9225,0.0325,0.03375,0.01125,0.07750000000000001
4496,11,96,4000,4515,0.001,0.01042634158650549,0.020415995557976744,3713,99,143,45,0.92825,0.02475,0.03575,0.01125,0.07174999999999998
4497,11,97,4000,4516,0.001,0.010360700242559447,0.020512429666467876,3692,121,131,56,0.923,0.03025,0.03275,0.014,0.07699999999999996
4498,11,98,4000,4517,0.001,0.01061578891607954,0.020422916598544612,3663,152,150,35,0.91575,0.038,0.0375,0.00875,0.08425000000000005
4499,11,99,4000,4518,0.001,0.010703730172576342,0.020381453786516825,3672,121,157,50,0.918,0.03025,0.03925,0.0125,0.08199999999999996
4500,11,100,4000,4519,0.001,0.010814350668485113,0.02056166794051105,3696,114,147,43,0.924,0.0285,0.03675,0.01075,0.07599999999999996
4501,11,101,4000,4520,0.001,0.010995795419895671,0.020557662295305486,3680,129,147,44,0.92,0.03225,0.03675,0.011,0.07999999999999996
4502,11,102,4000,4521,0.001,0.010977582246538189,0.020627623665397256,3718,104,144,34,0.9295,0.026,0.036,0.0085,0.07050000000000001
4503,11,103,4000,4522,0.001,0.011089233235900147,0.02073801178624546,3689,121,135,55,0.92225,0.03025,0.03375,0.01375,0.07774999999999999
4504,11,104,4000,4523,0.001,0.010885676832767834,0.020678054541784834,3700,94,153,53,0.925,0.0235,0.03825,0.01325,0.07499999999999996
4505,11,105,4000,4524,0.001,0.010989818147665626,0.020601978620757196,3701,129,125,45,0.92525,0.03225,0.03125,0.01125,0.07474999999999998
4506,11,106,4000,4525,0.001,0.011288947031804249,0.020576288022236672,3714,107,131,48,0.9285,0.02675,0.03275,0.012,0.07150000000000001
4507,11,107,4000,4526,0.001,0.011201492004542946,0.02069070284466142,3687,119,145,49,0.92175,0.02975,0.03625,0.01225,0.07825000000000004
4508,11,108,4000,4527,0.001,0.011278107879171752,0.020825172727131656,3737,108,121,34,0.93425,0.027,0.03025,0.0085,0.06574999999999998
4509,11,109,4000,4528,0.001,0.011595018079828469,0.020842366113021326,3683,132,136,49,0.92075,0.033,0.034,0.01225,0.07925000000000004
4510,11,110,4000,4529,0.001,0.01151300797396287,0.020940519129067584,3679,117,161,43,0.91975,0.02925,0.04025,0.01075,0.08025000000000004
4511,11,111,4000,4530,0.001,0.011583045788686599,0.020976752129707617,3664,129,155,52,0.916,0.03225,0.03875,0.013,0.08399999999999996
4512,11,112,4000,4531,0.001,0.011538921532062351,0.02102186314692202,3704,121,137,38,0.926,0.03025,0.03425,0.0095,0.07399999999999995
4513,11,113,4000,4532,0.001,0.011204312210636874,0.021143314683435804,3715,106,137,42,0.92875,0.0265,0.03425,0.0105,0.07125000000000004
4514,11,114,4000,4533,0.001,0.011207628647564555,0.021097314032174228,3668,131,148,53,0.917,0.03275,0.037,0.01325,0.08299999999999996
4515,11,115,4000,4534,0.001,0.011267386214761836,0.021172532056102127,3684,131,133,52,0.921,0.03275,0.03325,0.013,0.07899999999999996
4516,11,116,4000,4535,0.001,0.011180654304193972,0.021294442535904817,3688,123,136,53,0.922,0.03075,0.034,0.01325,0.07799999999999996
4517,11,117,4000,4536,0.001,0.011175565726239435,0.02125060922584574,3662,129,157,52,0.9155,0.03225,0.03925,0.013,0.08450000000000002
4518,11,118,4000,4537,0.001,0.011333685274383769,0.021278257498292725,3691,131,137,41,0.92275,0.03275,0.03425,0.01025,0.07725000000000004
4519,11,119,4000,4538,0.001,0.011600562550616879,0.021217282304475983,3689,127,141,43,0.92225,0.03175,0.03525,0.01075,0.07774999999999999
4520,11,120,4000,4539,0.001,0.01158622359747205,0.021245095218309314,3673,123,158,46,0.91825,0.03075,0.0395,0.0115,0.08174999999999999
4521,11,121,4000,4540,0.001,0.011636026447722634,0.021171394116164338,3710,125,133,32,0.9275,0.03125,0.03325,0.008,0.07250000000000001
4522,11,122,4000,4541,0.001,0.011530295822639152,0.021036751845460756,3661,139,155,45,0.91525,0.03475,0.03875,0.01125,0.08474999999999999
4523,11,123,4000,4542,0.001,0.01162754803376515,0.021108981809075812,3680,122,146,52,0.92,0.0305,0.0365,0.013,0.07999999999999996
4524,11,124,4000,4543,0.001,0.011697235701906793,0.021035933799485148,3698,125,134,43,0.9245,0.03125,0.0335,0.01075,0.07550000000000001
4525,11,125,4000,4544,0.001,0.011743549659823799,0.02103238434787048,3686,123,132,59,0.9215,0.03075,0.033,0.01475,0.07850000000000001
4526,11,126,4000,4545,0.001,0.0116154615393366,0.02116416003719332,3702,109,151,38,0.9255,0.02725,0.03775,0.0095,0.07450000000000001
4527,11,127,4000,4546,0.001,0.01154308177020142,0.02115387437540591,3683,125,148,44,0.92075,0.03125,0.037,0.011,0.07925000000000004
4528,11,128,4000,4547,0.001,0.011942160789162423,0.021256992919733986,3647,134,167,52,0.91175,0.0335,0.04175,0.013,0.08825000000000005
4529,11,129,4000,4548,0.001,0.01198977340853918,0.02143757780319767,3669,128,159,44,0.91725,0.032,0.03975,0.011,0.08274999999999999
4530,11,130,4000,4549,0.001,0.01204993056372638,0.02147343287046769,3706,117,137,40,0.9265,0.02925,0.03425,0.01,0.07350000000000001
4531,11,131,4000,4550,0.001,0.01209955257070032,0.02139214472973568,3697,128,128,47,0.92425,0.032,0.032,0.01175,0.07574999999999998
4532,11,132,4000,4551,0.001,0.012162118589554006,0.02145920171223764,3671,133,144,52,0.91775,0.03325,0.036,0.013,0.08225000000000005
4533,11,133,4000,4552,0.001,0.01205718211461754,0.021194067416307895,3666,122,168,44,0.9165,0.0305,0.042,0.011,0.08350000000000002
4534,11,134,4000,4553,0.001,0.011863895560516736,0.021113411432338313,3680,111,160,49,0.92,0.02775,0.04,0.01225,0.07999999999999996
4535,11,135,4000,4554,0.001,0.01158872610528831,0.021122713140361512,3689,105,151,55,0.92225,0.02625,0.03775,0.01375,0.07774999999999999
4536,11,136,4000,4555,0.001,0.011780057165272263,0.02126823578079973,3686,116,144,54,0.9215,0.029,0.036,0.0135,0.07850000000000001
4537,11,137,4000,4556,0.001,0.012113822201696533,0.02120381117472147,3681,110,158,51,0.92025,0.0275,0.0395,0.01275,0.07974999999999999
4538,11,138,4000,4557,0.001,0.012422741050391747,0.021025970613957147,3660,131,152,57,0.915,0.03275,0.038,0.01425,0.08499999999999996
4539,11,139,4000,4558,0.001,0.012220167390573345,0.02097026266315218,3647,139,151,63,0.91175,0.03475,0.03775,0.01575,0.08825000000000005
4540,11,140,4000,4559,0.001,0.011845653635294084,0.02105789288272659,3692,128,134,46,0.923,0.032,0.0335,0.0115,0.07699999999999996
4541,11,141,4000,4560,0.001,0.012181030015162268,0.02118562670207769,3663,128,157,52,0.91575,0.032,0.03925,0.013,0.08425000000000005
4542,11,142,4000,4561,0.001,0.012156133082384508,0.021048007671213242,3638,135,178,49,0.9095,0.03375,0.0445,0.01225,0.09050000000000002
4543,11,143,4000,4562,0.001,0.011955193231042539,0.020969415438904005,3687,115,148,50,0.92175,0.02875,0.037,0.0125,0.07825000000000004
4544,11,144,4000,4563,0.001,0.011681692526346784,0.021000858491605625,3694,120,152,34,0.9235,0.03,0.038,0.0085,0.07650000000000001
4545,11,145,4000,4564,0.001,0.011658910789457966,0.02079704907764027,3700,130,125,45,0.925,0.0325,0.03125,0.01125,0.07499999999999996
4546,11,146,4000,4565,0.001,0.011832263458174213,0.020879475852581042,3696,118,139,47,0.924,0.0295,0.03475,0.01175,0.07599999999999996
4547,11,147,4000,4566,0.001,0.011717329408990007,0.02106294846457573,3675,141,134,50,0.91875,0.03525,0.0335,0.0125,0.08125000000000004
4548,11,148,4000,4567,0.001,0.011747381321800037,0.02108547390697478,3659,129,146,66,0.91475,0.03225,0.0365,0.0165,0.08525000000000005
4549,11,149,4000,4568,0.001,0.01178290819603785,0.02112779093209755,3661,145,145,49,0.91525,0.03625,0.03625,0.01225,0.08474999999999999
4550,11,150,4000,4569,0.001,0.011868619517969657,0.02112054815419013,3711,108,138,43,0.92775,0.027,0.0345,0.01075,0.07225000000000004
4551,11,151,4000,4570,0.001,0.011867657140287433,0.021082388788590558,3707,113,132,48,0.92675,0.02825,0.033,0.012,0.07325000000000004
4552,11,152,4000,4571,0.001,0.012038146308017106,0.02116360164010961,3646,145,165,44,0.9115,0.03625,0.04125,0.011,0.08850000000000002
4553,11,153,4000,4572,0.001,0.012215745744441989,0.021279123865475265,3668,118,155,59,0.917,0.0295,0.03875,0.01475,0.08299999999999996
4554,11,154,4000,4573,0.001,0.012876019412141521,0.021328396248096317,3652,117,176,55,0.913,0.02925,0.044,0.01375,0.08699999999999997
4555,11,155,4000,4574,0.001,0.013222743089367526,0.02138964654837809,3644,132,166,58,0.911,0.033,0.0415,0.0145,0.08899999999999997
4556,11,156,4000,4575,0.001,0.013065230234036732,0.021529349884009723,3666,126,162,46,0.9165,0.0315,0.0405,0.0115,0.08350000000000002
4557,11,157,4000,4576,0.001,0.01308764425491614,0.02171993294600055,3659,124,168,49,0.91475,0.031,0.042,0.01225,0.08525000000000005
4558,11,158,4000,4577,0.001,0.013071462265408765,0.021536131690021755,3637,132,178,53,0.90925,0.033,0.0445,0.01325,0.09075
4559,11,159,4000,4578,0.001,0.013137385809518686,0.021441828662527623,3677,131,140,52,0.91925,0.03275,0.035,0.013,0.08074999999999999
4560,11,160,4000,4579,0.001,0.013198162799333672,0.021420821962324168,3670,134,145,51,0.9175,0.0335,0.03625,0.01275,0.08250000000000002
4561,11,161,4000,4580,0.001,0.013049075697457689,0.021446827264108296,3667,135,139,59,0.91675,0.03375,0.03475,0.01475,0.08325000000000005
4562,11,162,4000,4581,0.001,0.013320924329706267,0.021353202514685688,3640,129,181,50,0.91,0.03225,0.04525,0.0125,0.08999999999999997
4563,11,163,4000,4582,0.001,0.013541674605807802,0.021502207931215246,3666,125,156,53,0.9165,0.03125,0.039,0.01325,0.08350000000000002
4564,11,164,4000,4583,0.001,0.013157044162595652,0.021496434469411886,3679,122,144,55,0.91975,0.0305,0.036,0.01375,0.08025000000000004
4565,11,165,4000,4584,0.001,0.01281032022687268,0.02124878108105709,3646,143,159,52,0.9115,0.03575,0.03975,0.013,0.08850000000000002
4566,11,166,4000,4585,0.001,0.012910770396343228,0.0212429871854118,3673,124,154,49,0.91825,0.031,0.0385,0.01225,0.08174999999999999
4567,11,167,4000,4586,0.001,0.013302561909050003,0.02100026823682488,3665,123,163,49,0.91625,0.03075,0.04075,0.01225,0.08374999999999999
4568,11,168,4000,4587,0.001,0.01315942649805589,0.02102295181499979,3654,125,161,60,0.9135,0.03125,0.04025,0.015,0.08650000000000002
4569,11,169,4000,4588,0.001,0.013085252056056818,0.020912838314158928,3653,135,168,44,0.91325,0.03375,0.042,0.011,0.08675
4570,11,170,4000,4589,0.001,0.01298338129146481,0.020999696508461913,3678,129,131,62,0.9195,0.03225,0.03275,0.0155,0.08050000000000002
4571,11,171,4000,4590,0.001,0.013028801014999612,0.021115866186159057,3643,133,166,58,0.91075,0.03325,0.0415,0.0145,0.08925000000000005
4572,11,172,4000,4591,0.001,0.012886264273477924,0.02110590177460723,3698,112,135,55,0.9245,0.028,0.03375,0.01375,0.07550000000000001
4573,11,173,4000,4592,0.001,0.012901618937953836,0.021239752925590386,3672,124,158,46,0.918,0.031,0.0395,0.0115,0.08199999999999996
4574,11,174,4000,4593,0.001,0.01275511247939164,0.02129577515253853,3662,123,158,57,0.9155,0.03075,0.0395,0.01425,0.08450000000000002
4575,11,175,4000,4594,0.001,0.012569873264804535,0.021208515763639232,3633,156,152,59,0.90825,0.039,0.038,0.01475,0.09175
4576,11,176,4000,4595,0.001,0.012540054901680473,0.021345456074045307,3668,141,141,50,0.917,0.03525,0.03525,0.0125,0.08299999999999996
4577,11,177,4000,4596,0.001,0.012208215060635056,0.021503015179163656,3652,121,164,63,0.913,0.03025,0.041,0.01575,0.08699999999999997
4578,11,178,4000,4597,0.001,0.012192776587139952,0.02163809125326866,3668,132,152,48,0.917,0.033,0.038,0.012,0.08299999999999996
4579,11,179,4000,4598,0.001,0.012357640811374561,0.021725119316078657,3678,137,137,48,0.9195,0.03425,0.03425,0.012,0.08050000000000002
4580,11,180,4000,4599,0.001,0.01229632911223728,0.021810159370386273,3641,142,177,40,0.91025,0.0355,0.04425,0.01,0.08975
4581,11,181,4000,4600,0.001,0.01234543696851495,0.02180826997368542,3663,150,140,47,0.91575,0.0375,0.035,0.01175,0.08425000000000005
4582,11,182,4000,4601,0.001,0.012216730415939283,0.021763725868810972,3636,140,175,49,0.909,0.035,0.04375,0.01225,0.09099999999999997
4583,11,183,4000,4602,0.001,0.012518432464170885,0.021719390428004776,3684,119,153,44,0.921,0.02975,0.03825,0.011,0.07899999999999996
4584,11,184,4000,4603,0.001,0.012518625752436834,0.021594122281571485,3667,123,152,58,0.91675,0.03075,0.038,0.0145,0.08325000000000005
4585,11,185,4000,4604,0.001,0.012811952397025128,0.02177533622747883,3662,129,151,58,0.9155,0.03225,0.03775,0.0145,0.08450000000000002
4586,11,186,4000,4605,0.001,0.012940870769998253,0.02184628077679585,3654,125,161,60,0.9135,0.03125,0.04025,0.015,0.08650000000000002
4587,11,187,4000,4606,0.001,0.012912951047414552,0.02197990958226055,3649,135,157,59,0.91225,0.03375,0.03925,0.01475,0.08775
4588,11,188,4000,4607,0.001,0.012916428452296624,0.022025772966283056,3655,137,162,46,0.91375,0.03425,0.0405,0.0115,0.08625000000000005
4589,11,189,4000,4608,0.001,0.012768274271775383,0.02199134846700597,3658,138,147,57,0.9145,0.0345,0.03675,0.01425,0.08550000000000002
4590,11,190,4000,4609,0.001,0.012627364926810424,0.0220435769128105,3659,126,160,55,0.91475,0.0315,0.04,0.01375,0.08525000000000005
4591,11,191,4000,4610,0.001,0.01291724388665505,0.02215482117875293,3665,124,156,55,0.91625,0.031,0.039,0.01375,0.08374999999999999
4592,11,192,4000,4611,0.001,0.013041275135082913,0.02209659143606447,3684,122,150,44,0.921,0.0305,0.0375,0.011,0.07899999999999996
4593,11,193,4000,4612,0.001,0.013101693538465138,0.02221682922675955,3638,141,161,60,0.9095,0.03525,0.04025,0.015,0.09050000000000002
4594,11,194,4000,4613,0.001,0.013133166618265637,0.022413328575811235,3648,144,162,46,0.912,0.036,0.0405,0.0115,0.08799999999999997
4595,11,195,4000,4614,0.001,0.013330175537316377,0.02240039763816996,3688,102,166,44,0.922,0.0255,0.0415,0.011,0.07799999999999996
4596,11,196,4000,4615,0.001,0.013103338610550509,0.022455341331122303,3673,128,157,42,0.91825,0.032,0.03925,0.0105,0.08174999999999999
4597,11,197,4000,4616,0.001,0.013454357588966558,0.022436784682850958,3642,135,169,54,0.9105,0.03375,0.04225,0.0135,0.08950000000000002
4598,11,198,4000,4617,0.001,0.013062461993339719,0.022478693136396232,3671,136,139,54,0.91775,0.034,0.03475,0.0135,0.08225000000000005
4599,11,199,4000,4618,0.001,0.013180779252570296,0.022540937634255572,3641,148,173,38,0.91025,0.037,0.04325,0.0095,0.08975
4600,11,200,4000,4619,0.001,0.01287226461108036,0.02264361268013845,3644,141,167,48,0.911,0.03525,0.04175,0.012,0.08899999999999997
4601,11,201,4000,4620,0.001,0.012932377139630823,0.02262007589725299,3650,142,162,46,0.9125,0.0355,0.0405,0.0115,0.08750000000000002
4602,11,202,4000,4621,0.001,0.013139382711935156,0.022752028484608684,3669,132,139,60,0.91725,0.033,0.03475,0.015,0.08274999999999999
4603,11,203,4000,4622,0.001,0.01336447715224148,0.022679101902554618,3648,125,167,60,0.912,0.03125,0.04175,0.015,0.08799999999999997
4604,11,204,4000,4623,0.001,0.013335018439908005,0.022811090230862335,3672,124,146,58,0.918,0.031,0.0365,0.0145,0.08199999999999996
4605,11,205,4000,4624,0.001,0.013305433342513544,0.022868091632198502,3636,132,185,47,0.909,0.033,0.04625,0.01175,0.09099999999999997
4606,11,206,4000,4625,0.001,0.013588568075188621,0.022746153701528247,3625,145,174,56,0.90625,0.03625,0.0435,0.014,0.09375
4607,11,207,4000,4626,0.001,0.01387003121273922,0.022812124665549948,3642,148,142,68,0.9105,0.037,0.0355,0.017,0.08950000000000002
4608,11,208,4000,4627,0.001,0.013388454179147613,0.022746921715919143,3623,150,172,55,0.90575,0.0375,0.043,0.01375,0.09424999999999994
4609,11,209,4000,4628,0.001,0.01337364809753966,0.02271435876173581,3654,118,175,53,0.9135,0.0295,0.04375,0.01325,0.08650000000000002
4610,11,210,4000,4629,0.001,0.013751898124517025,0.022644484935396853,3643,133,166,58,0.91075,0.03325,0.0415,0.0145,0.08925000000000005
4611,11,211,4000,4630,0.001,0.013697752058656249,0.022735932858467065,3637,146,152,65,0.90925,0.0365,0.038,0.01625,0.09075
4612,11,212,4000,4631,0.001,0.013946958102325699,0.022611444622321446,3658,134,151,57,0.9145,0.0335,0.03775,0.01425,0.08550000000000002
4613,11,213,4000,4632,0.001,0.01407303128942803,0.022588931651412687,3630,152,179,39,0.9075,0.038,0.04475,0.00975,0.09250000000000003
4614,11,214,4000,4633,0.001,0.014206499720282298,0.022633233431970875,3648,124,168,60,0.912,0.031,0.042,0.015,0.08799999999999997
4615,11,215,4000,4634,0.001,0.014078034139957195,0.022574052031638998,3632,147,166,55,0.908,0.03675,0.0415,0.01375,0.09199999999999997
4616,11,216,4000,4635,0.001,0.014269665889675553,0.02253033668585451,3641,137,152,70,0.91025,0.03425,0.038,0.0175,0.08975
4617,11,217,4000,4636,0.001,0.01409941225317721,0.022506517742843946,3656,142,150,52,0.914,0.0355,0.0375,0.013,0.08599999999999997
4618,11,218,4000,4637,0.001,0.014298834557132028,0.022603981729788294,3607,158,169,66,0.90175,0.0395,0.04225,0.0165,0.09824999999999995
4619,11,219,4000,4638,0.001,0.014398155802486795,0.022609600913734866,3649,147,157,47,0.91225,0.03675,0.03925,0.01175,0.08775
4620,11,220,4000,4639,0.001,0.014326225545848772,0.02257453752393712,3599,151,183,67,0.89975,0.03775,0.04575,0.01675,0.10024999999999995
4621,11,221,4000,4640,0.001,0.014532494581255677,0.02262467085654601,3636,140,184,40,0.909,0.035,0.046,0.01,0.09099999999999997
4622,11,222,4000,4641,0.001,0.014338806216023112,0.022626448595779038,3645,159,140,56,0.91125,0.03975,0.035,0.014,0.08875
4623,11,223,4000,4642,0.001,0.01435024457551885,0.02285462261231471,3634,156,154,56,0.9085,0.039,0.0385,0.014,0.09150000000000003
4624,11,224,4000,4643,0.001,0.014275633220484264,0.022870001989030428,3674,139,141,46,0.9185,0.03475,0.03525,0.0115,0.08150000000000002
4625,11,225,4000,4644,0.001,0.014070483853723597,0.022884412703977487,3625,138,177,60,0.90625,0.0345,0.04425,0.015,0.09375
4626,11,226,4000,4645,0.001,0.01437105544228522,0.022749316082882776,3635,149,162,54,0.90875,0.03725,0.0405,0.0135,0.09125000000000005
4627,11,227,4000,4646,0.001,0.014381897509886178,0.022812364647318784,3640,147,154,59,0.91,0.03675,0.0385,0.01475,0.08999999999999997
4628,11,228,4000,4647,0.001,0.014332583599028732,0.022956446484846498,3644,139,154,63,0.911,0.03475,0.0385,0.01575,0.08899999999999997
4629,11,229,4000,4648,0.001,0.014679725499250966,0.022899857731484074,3623,156,157,64,0.90575,0.039,0.03925,0.016,0.09424999999999994
4630,11,230,4000,4649,0.001,0.014421533076249186,0.02289755833648199,3611,157,170,62,0.90275,0.03925,0.0425,0.0155,0.09724999999999995
4631,11,231,4000,4650,0.001,0.014381276095254806,0.022684258558945684,3638,127,174,61,0.9095,0.03175,0.0435,0.01525,0.09050000000000002
4632,11,232,4000,4651,0.001,0.014297097960558836,0.022671618679771577,3647,136,148,69,0.91175,0.034,0.037,0.01725,0.08825000000000005
4633,11,233,4000,4652,0.001,0.0141119135837746,0.022575318701641714,3635,144,143,78,0.90875,0.036,0.03575,0.0195,0.09125000000000005
4634,11,234,4000,4653,0.001,0.014381457556428535,0.022680910021496574,3651,123,170,56,0.91275,0.03075,0.0425,0.014,0.08725000000000005
4635,11,235,4000,4654,0.001,0.014644539482742105,0.02254307856154889,3653,137,158,52,0.91325,0.03425,0.0395,0.013,0.08675
4636,11,236,4000,4655,0.001,0.014523676740123597,0.022545658238100882,3644,129,173,54,0.911,0.03225,0.04325,0.0135,0.08899999999999997
4637,11,237,4000,4656,0.001,0.014196638509501976,0.02265607899971883,3650,143,141,66,0.9125,0.03575,0.03525,0.0165,0.08750000000000002
4638,11,238,4000,4657,0.001,0.01396778063919515,0.022816903916153968,3637,132,178,53,0.90925,0.033,0.0445,0.01325,0.09075
4639,11,239,4000,4658,0.001,0.01400949143333653,0.022703725102020428,3652,132,153,63,0.913,0.033,0.03825,0.01575,0.08699999999999997
4640,11,240,4000,4659,0.001,0.014092098168724943,0.02270419740343051,3651,125,172,52,0.91275,0.03125,0.043,0.013,0.08725000000000005
4641,11,241,4000,4660,0.001,0.014427114205542506,0.022681589982567245,3644,142,143,71,0.911,0.0355,0.03575,0.01775,0.08899999999999997
4642,11,242,4000,4661,0.001,0.014599978962630359,0.02282044520659523,3630,144,151,75,0.9075,0.036,0.03775,0.01875,0.09250000000000003
4643,11,243,4000,4662,0.001,0.015111439428424692,0.022875432435271896,3625,155,151,69,0.90625,0.03875,0.03775,0.01725,0.09375
4644,11,244,4000,4663,0.001,0.015273683525181658,0.022999621423100965,3604,142,193,61,0.901,0.0355,0.04825,0.01525,0.09899999999999998
4645,11,245,4000,4664,0.001,0.015377401641275858,0.022932592023446965,3644,131,166,59,0.911,0.03275,0.0415,0.01475,0.08899999999999997
4646,11,246,4000,4665,0.001,0.015468583774550768,0.022905869100306675,3627,141,158,74,0.90675,0.03525,0.0395,0.0185,0.09325000000000006
4647,11,247,4000,4666,0.001,0.015495415756614525,0.022957176115996975,3607,147,176,70,0.90175,0.03675,0.044,0.0175,0.09824999999999995
4648,11,248,4000,4667,0.001,0.015899405759866717,0.022924626815344695,3617,162,155,66,0.90425,0.0405,0.03875,0.0165,0.09575
4649,11,249,4000,4668,0.001,0.016025016338138565,0.022784364639915115,3642,154,142,62,0.9105,0.0385,0.0355,0.0155,0.08950000000000002
4650,11,250,4000,4669,0.001,0.015867006896706108,0.02274572414366696,3614,140,168,78,0.9035,0.035,0.042,0.0195,0.09650000000000003
4651,11,251,4000,4670,0.001,0.01583165017779014,0.022711543003289647,3591,159,180,70,0.89775,0.03975,0.045,0.0175,0.10224999999999995
4652,11,252,4000,4671,0.001,0.016493112813191164,0.02282753522654014,3603,152,181,64,0.90075,0.038,0.04525,0.016,0.09924999999999995
4653,11,253,4000,4672,0.001,0.016760553902318794,0.022806953490062804,3595,150,179,76,0.89875,0.0375,0.04475,0.019,0.10124999999999995
4654,11,254,4000,4673,0.001,0.016394118752265117,0.02275329744832619,3609,160,160,71,0.90225,0.04,0.04,0.01775,0.09775
4655,11,255,4000,4674,0.001,0.016205399353205387,0.022787696513248863,3627,142,174,57,0.90675,0.0355,0.0435,0.01425,0.09325000000000006
4656,11,256,4000,4675,0.001,0.01607845659990306,0.022814439121584287,3603,160,174,63,0.90075,0.04,0.0435,0.01575,0.09924999999999995
4657,11,257,4000,4676,0.001,0.01661398067164053,0.02312276397210358,3633,131,164,72,0.90825,0.03275,0.041,0.018,0.09175
4658,11,258,4000,4677,0.001,0.01694988782516578,0.023094256786503304,3584,125,218,73,0.896,0.03125,0.0545,0.01825,0.10399999999999998
4659,11,259,4000,4678,0.001,0.01713423184073664,0.023096649775261286,3568,173,178,81,0.892,0.04325,0.0445,0.02025,0.10799999999999998
4660,11,260,4000,4679,0.001,0.017287822765658614,0.02316302313525638,3595,151,175,79,0.89875,0.03775,0.04375,0.01975,0.10124999999999995
4661,11,261,4000,4680,0.001,0.017389561523481634,0.02303583539396839,3601,153,179,67,0.90025,0.03825,0.04475,0.01675,0.09975
4662,11,262,4000,4681,0.001,0.017365164792937364,0.02300892406305225,3619,145,179,57,0.90475,0.03625,0.04475,0.01425,0.09524999999999995
4663,11,263,4000,4682,0.001,0.01716716875254156,0.022831858742166408,3598,143,175,84,0.8995,0.03575,0.04375,0.021,0.10050000000000003
4664,11,264,4000,4683,0.001,0.0167576894435739,0.02264321253465304,3586,152,183,79,0.8965,0.038,0.04575,0.01975,0.10350000000000004
4665,11,265,4000,4684,0.001,0.016885786890628966,0.022598783555903078,3600,151,176,73,0.9,0.03775,0.044,0.01825,0.09999999999999998
4666,11,266,4000,4685,0.001,0.016872073957815578,0.022603666950191583,3611,129,186,74,0.90275,0.03225,0.0465,0.0185,0.09724999999999995
4667,11,267,4000,4686,0.001,0.016713463069203946,0.022474233476288876,3659,127,150,64,0.91475,0.03175,0.0375,0.016,0.08525000000000005
4668,11,268,4000,4687,0.001,0.016855102306116768,0.02238494709122197,3604,148,187,61,0.901,0.037,0.04675,0.01525,0.09899999999999998
4669,11,269,4000,4688,0.001,0.016954704012462202,0.022208982429649193,3577,161,195,67,0.89425,0.04025,0.04875,0.01675,0.10575000000000001
4670,11,270,4000,4689,0.001,0.01721670879777465,0.02244411258628458,3614,131,189,66,0.9035,0.03275,0.04725,0.0165,0.09650000000000003
4671,11,271,4000,4690,0.001,0.01702158727629368,0.02241325510433007,3613,143,179,65,0.90325,0.03575,0.04475,0.01625,0.09675
4672,11,272,4000,4691,0.001,0.017125441823600512,0.022629700528338393,3583,158,202,57,0.89575,0.0395,0.0505,0.01425,0.10424999999999995
4673,11,273,4000,4692,0.001,0.017294446443013683,0.02267000131710848,3579,150,185,86,0.89475,0.0375,0.04625,0.0215,0.10524999999999995
4674,11,274,4000,4693,0.001,0.017268031196235177,0.022620545043123743,3625,144,158,73,0.90625,0.036,0.0395,0.01825,0.09375
4675,11,275,4000,4694,0.001,0.017515940170481113,0.02268185805638341,3592,134,185,89,0.898,0.0335,0.04625,0.02225,0.10199999999999998
4676,11,276,4000,4695,0.001,0.017499079388395004,0.022810012275800137,3590,154,184,72,0.8975,0.0385,0.046,0.018,0.10250000000000004
4677,11,277,4000,4696,0.001,0.017016916717602495,0.022982000312007148,3583,159,197,61,0.89575,0.03975,0.04925,0.01525,0.10424999999999995
4678,11,278,4000,4697,0.001,0.01716031023459397,0.02295861224101007,3613,147,171,69,0.90325,0.03675,0.04275,0.01725,0.09675
4679,11,279,4000,4698,0.001,0.017277460510714285,0.022893503706846657,3562,162,189,87,0.8905,0.0405,0.04725,0.02175,0.10950000000000004
4680,11,280,4000,4699,0.001,0.017488390605146363,0.0228465723641002,3547,159,209,85,0.88675,0.03975,0.05225,0.02125,0.11324999999999996
4681,11,281,4000,4700,0.001,0.01727704235202704,0.02272086428997765,3588,145,192,75,0.897,0.03625,0.048,0.01875,0.10299999999999998
4682,11,282,4000,4701,0.001,0.017358440225510086,0.02265344434865516,3559,170,203,68,0.88975,0.0425,0.05075,0.017,0.11024999999999996
4683,11,283,4000,4702,0.001,0.01721192044241484,0.02262585644890479,3599,148,183,70,0.89975,0.037,0.04575,0.0175,0.10024999999999995
4684,11,284,4000,4703,0.001,0.01738681245210054,0.022564462559085535,3594,159,171,76,0.8985,0.03975,0.04275,0.019,0.10150000000000003
4685,11,285,4000,4704,0.001,0.017362552152611448,0.02263634598393008,3599,143,186,72,0.89975,0.03575,0.0465,0.018,0.10024999999999995
4686,11,286,4000,4705,0.001,0.017287577408745213,0.02265440980552876,3591,171,171,67,0.89775,0.04275,0.04275,0.01675,0.10224999999999995
4687,11,287,4000,4706,0.001,0.017115856875170782,0.02284453342192525,3595,163,184,58,0.89875,0.04075,0.046,0.0145,0.10124999999999995
4688,11,288,4000,4707,0.001,0.017155122196768832,0.022881551084948642,3613,126,175,86,0.90325,0.0315,0.04375,0.0215,0.09675
4689,11,289,4000,4708,0.001,0.01726270821128964,0.02292538531580556,3616,142,177,65,0.904,0.0355,0.04425,0.01625,0.09599999999999997
4690,11,290,4000,4709,0.001,0.01732175396581741,0.0229513086643859,3628,141,178,53,0.907,0.03525,0.0445,0.01325,0.09299999999999997
4691,11,291,4000,4710,0.001,0.017015339694375842,0.02292171980993464,3579,140,209,72,0.89475,0.035,0.05225,0.018,0.10524999999999995
4692,11,292,4000,4711,0.001,0.01666687502781796,0.022916674469609835,3603,135,191,71,0.90075,0.03375,0.04775,0.01775,0.09924999999999995
4693,11,293,4000,4712,0.001,0.01670487705916668,0.022809171926596025,3575,174,185,66,0.89375,0.0435,0.04625,0.0165,0.10624999999999996
4694,11,294,4000,4713,0.001,0.016391640707802652,0.02297969257864414,3627,128,173,72,0.90675,0.032,0.04325,0.018,0.09325000000000006
4695,11,295,4000,4714,0.001,0.01646583496113762,0.02288156354659502,3598,155,183,64,0.8995,0.03875,0.04575,0.016,0.10050000000000003
4696,11,296,4000,4715,0.001,0.01628123026778799,0.022896205495493895,3605,165,156,74,0.90125,0.04125,0.039,0.0185,0.09875
4697,11,297,4000,4716,0.001,0.016132446914753136,0.022868367620671702,3623,142,181,54,0.90575,0.0355,0.04525,0.0135,0.09424999999999994
4698,11,298,4000,4717,0.001,0.0159816616217324,0.022790186777757942,3638,141,139,82,0.9095,0.03525,0.03475,0.0205,0.09050000000000002
4699,11,299,4000,4718,0.001,0.01578407901520181,0.022786538031122076,3591,166,179,64,0.89775,0.0415,0.04475,0.016,0.10224999999999995
4700,11,300,4000,4719,0.001,0.015933846795198537,0.02289226641213097,3633,150,168,49,0.90825,0.0375,0.042,0.01225,0.09175
4701,11,301,4000,4720,0.001,0.015933024780758625,0.022824816050287938,3603,158,176,63,0.90075,0.0395,0.044,0.01575,0.09924999999999995
4702,11,302,4000,4721,0.001,0.015902177941710532,0.022912047509416823,3600,160,177,63,0.9,0.04,0.04425,0.01575,0.09999999999999998
4703,11,303,4000,4722,0.001,0.016109623637785557,0.023057577245450107,3617,146,183,54,0.90425,0.0365,0.04575,0.0135,0.09575
4704,11,304,4000,4723,0.001,0.016295856366496345,0.023244542541982622,3615,132,180,73,0.90375,0.033,0.045,0.01825,0.09624999999999995
4705,11,305,4000,4724,0.001,0.016242404550888837,0.023212099121666867,3627,129,174,70,0.90675,0.03225,0.0435,0.0175,0.09325000000000006
4706,11,306,4000,4725,0.001,0.016060803617438998,0.023431671585686133,3631,143,176,50,0.90775,0.03575,0.044,0.0125,0.09225000000000005
4707,11,307,4000,4726,0.001,0.01618762578990981,0.023392050550404622,3602,154,176,68,0.9005,0.0385,0.044,0.017,0.09950000000000003
4708,11,308,4000,4727,0.001,0.016035215081352458,0.023541125290208374,3637,134,167,62,0.90925,0.0335,0.04175,0.0155,0.09075
4709,11,309,4000,4728,0.001,0.016141630642820756,0.02341129957902537,3604,136,189,71,0.901,0.034,0.04725,0.01775,0.09899999999999998
4710,11,310,4000,4729,0.001,0.016256354192912326,0.023512345406296525,3601,156,182,61,0.90025,0.039,0.0455,0.01525,0.09975
4711,11,311,4000,4730,0.001,0.01617391979740967,0.023495898314319794,3641,137,170,52,0.91025,0.03425,0.0425,0.013,0.08975
4712,11,312,4000,4731,0.001,0.015726684847540872,0.023386329622116068,3605,142,183,70,0.90125,0.0355,0.04575,0.0175,0.09875
4713,11,313,4000,4732,0.001,0.015487609475355883,0.0231862662813933,3619,138,170,73,0.90475,0.0345,0.0425,0.01825,0.09524999999999995
4714,11,314,4000,4733,0.001,0.015677512910964492,0.023146887564899767,3618,140,166,76,0.9045,0.035,0.0415,0.019,0.09550000000000003
4715,11,315,4000,4734,0.001,0.015560776746984887,0.02323009122416392,3678,124,145,53,0.9195,0.031,0.03625,0.01325,0.08050000000000002
4716,11,316,4000,4735,0.001,0.01517847470938107,0.023198878913588683,3630,155,164,51,0.9075,0.03875,0.041,0.01275,0.09250000000000003
4717,11,317,4000,4736,0.001,0.015143684426009153,0.02338018880552621,3634,150,159,57,0.9085,0.0375,0.03975,0.01425,0.09150000000000003
4718,11,318,4000,4737,0.001,0.015168659110448526,0.023304792486574567,3636,135,161,68,0.909,0.03375,0.04025,0.017,0.09099999999999997
4719,11,319,4000,4738,0.001,0.015230809506995,0.023326594250350666,3624,147,173,56,0.906,0.03675,0.04325,0.014,0.09399999999999997
4720,11,320,4000,4739,0.001,0.015369856058748355,0.023430739584561763,3575,165,188,72,0.89375,0.04125,0.047,0.018,0.10624999999999996
4721,11,321,4000,4740,0.001,0.01544170833360977,0.02361757198083724,3607,156,174,63,0.90175,0.039,0.0435,0.01575,0.09824999999999995
4722,11,322,4000,4741,0.001,0.0157681009162124,0.02351098906881041,3622,154,158,66,0.9055,0.0385,0.0395,0.0165,0.09450000000000003
4723,11,323,4000,4742,0.001,0.016043873621927534,0.023501522420410544,3595,154,184,67,0.89875,0.0385,0.046,0.01675,0.10124999999999995
4724,11,324,4000,4743,0.001,0.016290682677501157,0.023495157115764935,3605,149,161,85,0.90125,0.03725,0.04025,0.02125,0.09875
4725,11,325,4000,4744,0.001,0.016038410163526865,0.02335229055622193,3583,172,183,62,0.89575,0.043,0.04575,0.0155,0.10424999999999995
4726,11,326,4000,4745,0.001,0.015639321773143776,0.023198523941207232,3630,141,167,62,0.9075,0.03525,0.04175,0.0155,0.09250000000000003
4727,11,327,4000,4746,0.001,0.01571878703303141,0.023267425215648303,3612,144,190,54,0.903,0.036,0.0475,0.0135,0.09699999999999998
4728,11,328,4000,4747,0.001,0.0160810755009703,0.023313005240575665,3632,135,163,70,0.908,0.03375,0.04075,0.0175,0.09199999999999997
4729,11,329,4000,4748,0.001,0.016325644796225114,0.02311794820165365,3605,152,179,64,0.90125,0.038,0.04475,0.016,0.09875
4730,11,330,4000,4749,0.001,0.016645527132862294,0.023029985603389178,3611,164,165,60,0.90275,0.041,0.04125,0.015,0.09724999999999995
4731,11,331,4000,4750,0.001,0.016303542544672086,0.023059417286460295,3595,150,184,71,0.89875,0.0375,0.046,0.01775,0.10124999999999995
4732,11,332,4000,4751,0.001,0.016281427126900845,0.023240909616433034,3624,125,183,68,0.906,0.03125,0.04575,0.017,0.09399999999999997
4733,11,333,4000,4752,0.001,0.01625748711553106,0.023329634102060175,3631,151,160,58,0.90775,0.03775,0.04,0.0145,0.09225000000000005
4734,11,334,4000,4753,0.001,0.016329209100628204,0.02356684591908527,3612,140,180,68,0.903,0.035,0.045,0.017,0.09699999999999998
4735,11,335,4000,4754,0.001,0.016522306367148555,0.023683536737123485,3637,142,154,67,0.90925,0.0355,0.0385,0.01675,0.09075
4736,11,336,4000,4755,0.001,0.016808195900965925,0.023704461656856756,3628,126,183,63,0.907,0.0315,0.04575,0.01575,0.09299999999999997
4737,11,337,4000,4756,0.001,0.01687747534360231,0.023795325439103676,3591,146,186,77,0.89775,0.0365,0.0465,0.01925,0.10224999999999995
4738,11,338,4000,4757,0.001,0.016892960175991976,0.023876380743778177,3624,169,142,65,0.906,0.04225,0.0355,0.01625,0.09399999999999997
4739,11,339,4000,4758,0.001,0.017071812660956167,0.02389270901736622,3631,141,168,60,0.90775,0.03525,0.042,0.015,0.09225000000000005
4740,11,340,4000,4759,0.001,0.01691977706002493,0.023776266281144036,3591,166,179,64,0.89775,0.0415,0.04475,0.016,0.10224999999999995
4741,11,341,4000,4760,0.001,0.016841090682850116,0.023869010595140284,3586,165,182,67,0.8965,0.04125,0.0455,0.01675,0.10350000000000004
4742,11,342,4000,4761,0.001,0.016749076883307422,0.0239339605296617,3606,163,170,61,0.9015,0.04075,0.0425,0.01525,0.09850000000000003
4743,11,343,4000,4762,0.001,0.01642909132476275,0.0239824662611117,3607,140,172,81,0.90175,0.035,0.043,0.02025,0.09824999999999995
4744,11,344,4000,4763,0.001,0.016294792778127964,0.02414666877763444,3604,148,176,72,0.901,0.037,0.044,0.018,0.09899999999999998
4745,11,345,4000,4764,0.001,0.016297739590780774,0.02413762281741428,3603,143,178,76,0.90075,0.03575,0.0445,0.019,0.09924999999999995
4746,11,346,4000,4765,0.001,0.016344774170982918,0.024188285885157864,3569,165,186,80,0.89225,0.04125,0.0465,0.02,0.10775000000000001
4747,11,347,4000,4766,0.001,0.01619428539801299,0.02420239744738473,3624,144,177,55,0.906,0.036,0.04425,0.01375,0.09399999999999997
4748,11,348,4000,4767,0.001,0.016593123130494845,0.024169454494192496,3645,132,167,56,0.91125,0.033,0.04175,0.014,0.08875
4749,11,349,4000,4768,0.001,0.016991473602056592,0.024046803383264485,3574,151,198,77,0.8935,0.03775,0.0495,0.01925,0.10650000000000004
4750,11,350,4000,4769,0.001,0.01698545331361348,0.02406050082819048,3581,157,189,73,0.89525,0.03925,0.04725,0.01825,0.10475000000000001
4751,11,351,4000,4770,0.001,0.016775142704740235,0.02423071225311702,3564,164,188,84,0.891,0.041,0.047,0.021,0.10899999999999999
4752,11,352,4000,4771,0.001,0.016792975500340115,0.024267633152134427,3572,177,185,66,0.893,0.04425,0.04625,0.0165,0.10699999999999998
4753,11,353,4000,4772,0.001,0.016764338620095895,0.024368722855411123,3609,149,175,67,0.90225,0.03725,0.04375,0.01675,0.09775
4754,11,354,4000,4773,0.001,0.01682190086981864,0.02442091644045777,3591,147,200,62,0.89775,0.03675,0.05,0.0155,0.10224999999999995
4755,11,355,4000,4774,0.001,0.01713430203640871,0.024486884644300287,3597,148,175,80,0.89925,0.037,0.04375,0.02,0.10075
4756,11,356,4000,4775,0.001,0.017093575078603207,0.024577903128266507,3563,159,200,78,0.89075,0.03975,0.05,0.0195,0.10924999999999996
4757,11,357,4000,4776,0.001,0.01701977082413178,0.024630052883717203,3558,174,178,90,0.8895,0.0435,0.0445,0.0225,0.11050000000000004
4758,11,358,4000,4777,0.001,0.017099209867678457,0.02452516579447739,3595,141,187,77,0.89875,0.03525,0.04675,0.01925,0.10124999999999995
4759,11,359,4000,4778,0.001,0.016749598475083564,0.024576924606009153,3594,158,179,69,0.8985,0.0395,0.04475,0.01725,0.10150000000000003
4760,11,360,4000,4779,0.001,0.01680067067820391,0.024383456173440145,3574,153,196,77,0.8935,0.03825,0.049,0.01925,0.10650000000000004
4761,11,361,4000,4780,0.001,0.016935105777326424,0.0243836488452932,3594,160,176,70,0.8985,0.04,0.044,0.0175,0.10150000000000003
4762,11,362,4000,4781,0.001,0.01692005239226491,0.02443362962074101,3577,155,188,80,0.89425,0.03875,0.047,0.02,0.10575000000000001
4763,11,363,4000,4782,0.001,0.016892589973500793,0.0244991736849819,3609,131,176,84,0.90225,0.03275,0.044,0.021,0.09775
4764,11,364,4000,4783,0.001,0.01712625147421775,0.024457746221614462,3578,161,185,76,0.8945,0.04025,0.04625,0.019,0.10550000000000004
4765,11,365,4000,4784,0.001,0.016994118666801863,0.02449680048140608,3600,151,187,62,0.9,0.03775,0.04675,0.0155,0.09999999999999998
4766,11,366,4000,4785,0.001,0.017182954555238182,0.024509494195279886,3596,150,184,70,0.899,0.0375,0.046,0.0175,0.10099999999999998
4767,11,367,4000,4786,0.001,0.01734895552797154,0.024300755486361004,3577,169,179,75,0.89425,0.04225,0.04475,0.01875,0.10575000000000001
4768,11,368,4000,4787,0.001,0.017399266837091316,0.02425079711688226,3583,153,208,56,0.89575,0.03825,0.052,0.014,0.10424999999999995
4769,11,369,4000,4788,0.001,0.017082029903951433,0.024302348545384395,3565,155,201,79,0.89125,0.03875,0.05025,0.01975,0.10875000000000001
4770,11,370,4000,4789,0.001,0.01740239511378116,0.024394145434854384,3608,143,175,74,0.902,0.03575,0.04375,0.0185,0.09799999999999998
4771,11,371,4000,4790,0.001,0.017516835146208835,0.024443153024675996,3563,178,185,74,0.89075,0.0445,0.04625,0.0185,0.10924999999999996
4772,11,372,4000,4791,0.001,0.017668618729645907,0.02448462534187054,3610,150,165,75,0.9025,0.0375,0.04125,0.01875,0.09750000000000003
4773,11,373,4000,4792,0.001,0.017783292982716036,0.024250613624870094,3626,143,165,66,0.9065,0.03575,0.04125,0.0165,0.09350000000000003
4774,11,374,4000,4793,0.001,0.017537363099295777,0.02421421369099315,3596,162,170,72,0.899,0.0405,0.0425,0.018,0.10099999999999998
4775,11,375,4000,4794,0.001,0.017776915473415606,0.0242244965133987,3623,148,166,63,0.90575,0.037,0.0415,0.01575,0.09424999999999994
4776,11,376,4000,4795,0.001,0.01788496482119663,0.02438943747157764,3589,150,178,83,0.89725,0.0375,0.0445,0.02075,0.10275000000000001
4777,11,377,4000,4796,0.001,0.01779343281842234,0.024245837371565094,3589,149,184,78,0.89725,0.03725,0.046,0.0195,0.10275000000000001
4778,11,378,4000,4797,0.001,0.017653925887100012,0.02438095772609472,3593,165,179,63,0.89825,0.04125,0.04475,0.01575,0.10175000000000001
4779,11,379,4000,4798,0.001,0.017709170114537327,0.024368188340223067,3577,137,201,85,0.89425,0.03425,0.05025,0.02125,0.10575000000000001
4780,11,380,4000,4799,0.001,0.01821522791841625,0.02422671573583367,3551,173,190,86,0.88775,0.04325,0.0475,0.0215,0.11224999999999996
4781,11,381,4000,4800,0.001,0.018235602617273482,0.024197209643073946,3594,151,180,75,0.8985,0.03775,0.045,0.01875,0.10150000000000003
4782,11,382,4000,4801,0.001,0.018295747402611647,0.024046204455319235,3600,142,184,74,0.9,0.0355,0.046,0.0185,0.09999999999999998
4783,11,383,4000,4802,0.001,0.01806882533403003,0.024057435418349895,3534,172,218,76,0.8835,0.043,0.0545,0.019,0.11650000000000005
4784,11,384,4000,4803,0.001,0.01792954113347634,0.023781783502859942,3589,138,193,80,0.89725,0.0345,0.04825,0.02,0.10275000000000001
4785,11,385,4000,4804,0.001,0.017935530534509612,0.023809160852405534,3575,149,193,83,0.89375,0.03725,0.04825,0.02075,0.10624999999999996
4786,11,386,4000,4805,0.001,0.017647231209869562,0.023797336721293545,3621,126,185,68,0.90525,0.0315,0.04625,0.017,0.09475
4787,11,387,4000,4806,0.001,0.017452780538754792,0.023659383796715172,3569,147,198,86,0.89225,0.03675,0.0495,0.0215,0.10775000000000001
4788,11,388,4000,4807,0.001,0.017492977589359682,0.023818185198807355,3628,135,177,60,0.907,0.03375,0.04425,0.015,0.09299999999999997
4789,11,389,4000,4808,0.001,0.0172261631075208,0.02360207421509874,3596,146,193,65,0.899,0.0365,0.04825,0.01625,0.10099999999999998
4790,11,390,4000,4809,0.001,0.017197823384380917,0.023539171831119938,3607,147,178,68,0.90175,0.03675,0.0445,0.017,0.09824999999999995
4791,11,391,4000,4810,0.001,0.017197040282901834,0.023498274255754285,3552,175,203,70,0.888,0.04375,0.05075,0.0175,0.11199999999999999
4792,11,392,4000,4811,0.001,0.01698773548560837,0.023463594773768567,3576,148,194,82,0.894,0.037,0.0485,0.0205,0.10599999999999998
4793,11,393,4000,4812,0.001,0.01680045598873673,0.02364438291625607,3602,144,182,72,0.9005,0.036,0.0455,0.018,0.09950000000000003
4794,11,394,4000,4813,0.001,0.016752679989107965,0.023650837880255144,3642,131,154,73,0.9105,0.03275,0.0385,0.01825,0.08950000000000002
4795,11,395,4000,4814,0.001,0.016941761218179183,0.023750434222362754,3576,160,179,85,0.894,0.04,0.04475,0.02125,0.10599999999999998
4796,11,396,4000,4815,0.001,0.016896155596749875,0.02369390159732969,3605,137,192,66,0.90125,0.03425,0.048,0.0165,0.09875
4797,11,397,4000,4816,0.001,0.017237285731990716,0.023486352143370744,3570,157,191,82,0.8925,0.03925,0.04775,0.0205,0.10750000000000004
4798,11,398,4000,4817,0.001,0.017298969369553097,0.02346448957380859,3597,162,177,64,0.89925,0.0405,0.04425,0.016,0.10075
4799,11,399,4000,4818,0.001,0.01750185650141607,0.023572628555290166,3607,129,187,77,0.90175,0.03225,0.04675,0.01925,0.09824999999999995
4800,12,0,4000,4820,0.001,0.009874295567246939,0.020092443220597205,3713,111,139,37,0.92825,0.02775,0.03475,0.00925,0.07174999999999998
4801,12,1,4000,4821,0.001,0.00956955667649217,0.020094598733815215,3737,116,124,23,0.93425,0.029,0.031,0.00575,0.06574999999999998
4802,12,2,4000,4822,0.001,0.009851727705406783,0.020047123281458818,3687,129,149,35,0.92175,0.03225,0.03725,0.00875,0.07825000000000004
4803,12,3,4000,4823,0.001,0.009927073748719494,0.020169074794446722,3732,112,114,42,0.933,0.028,0.0285,0.0105,0.06699999999999995
4804,12,4,4000,4824,0.001,0.00976549491002227,0.02013273295546021,3712,119,123,46,0.928,0.02975,0.03075,0.0115,0.07199999999999995
4805,12,5,4000,4825,0.001,0.009826360322137302,0.020123202361729122,3704,121,136,39,0.926,0.03025,0.034,0.00975,0.07399999999999995
4806,12,6,4000,4826,0.001,0.010010765974155816,0.020129826587651983,3731,111,125,33,0.93275,0.02775,0.03125,0.00825,0.06725000000000003
4807,12,7,4000,4827,0.001,0.01012260977187368,0.020195907278931197,3708,115,133,44,0.927,0.02875,0.03325,0.011,0.07299999999999995
4808,12,8,4000,4828,0.001,0.009941233333019255,0.019972110872638265,3703,125,124,48,0.92575,0.03125,0.031,0.012,0.07425000000000004
4809,12,9,4000,4829,0.001,0.009884695152638288,0.020070554554174447,3703,117,139,41,0.92575,0.02925,0.03475,0.01025,0.07425000000000004
4810,12,10,4000,4830,0.001,0.009504750907934758,0.01996387107068645,3749,96,125,30,0.93725,0.024,0.03125,0.0075,0.06274999999999997
4811,12,11,4000,4831,0.001,0.009755298628999907,0.020011881757925943,3701,114,141,44,0.92525,0.0285,0.03525,0.011,0.07474999999999998
4812,12,12,4000,4832,0.001,0.0098448982170532,0.020120105444661838,3702,106,148,44,0.9255,0.0265,0.037,0.011,0.07450000000000001
4813,12,13,4000,4833,0.001,0.009940227303462317,0.020049658590785228,3741,95,125,39,0.93525,0.02375,0.03125,0.00975,0.06474999999999997
4814,12,14,4000,4834,0.001,0.01028466724089038,0.020163656206372133,3666,114,169,51,0.9165,0.0285,0.04225,0.01275,0.08350000000000002
4815,12,15,4000,4835,0.001,0.01026060760115655,0.020263274699660692,3688,124,144,44,0.922,0.031,0.036,0.011,0.07799999999999996
4816,12,16,4000,4836,0.001,0.010435767417678647,0.020202196034471053,3704,106,144,46,0.926,0.0265,0.036,0.0115,0.07399999999999995
4817,12,17,4000,4837,0.001,0.010441417513940688,0.02021767277695774,3717,103,135,45,0.92925,0.02575,0.03375,0.01125,0.07074999999999998
4818,12,18,4000,4838,0.001,0.0100105405656936,0.020217053579473766,3730,106,129,35,0.9325,0.0265,0.03225,0.00875,0.0675
4819,12,19,4000,4839,0.001,0.01017158867640583,0.02047233740988797,3745,90,123,42,0.93625,0.0225,0.03075,0.0105,0.06374999999999997
4820,12,20,4000,4840,0.001,0.010254245166362985,0.020404623574076585,3700,122,154,24,0.925,0.0305,0.0385,0.006,0.07499999999999996
4821,12,21,4000,4841,0.001,0.010118687292035834,0.020284010831202542,3713,112,136,39,0.92825,0.028,0.034,0.00975,0.07174999999999998
4822,12,22,4000,4842,0.001,0.009761364026443332,0.020315921456221273,3689,138,132,41,0.92225,0.0345,0.033,0.01025,0.07774999999999999
4823,12,23,4000,4843,0.001,0.00984231955710046,0.020314347668499905,3700,99,149,52,0.925,0.02475,0.03725,0.013,0.07499999999999996
4824,12,24,4000,4844,0.001,0.00980887985074831,0.02039604767662642,3738,102,121,39,0.9345,0.0255,0.03025,0.00975,0.0655
4825,12,25,4000,4845,0.001,0.0096144523729705,0.020519086690313437,3716,108,138,38,0.929,0.027,0.0345,0.0095,0.07099999999999995
4826,12,26,4000,4846,0.001,0.009337544619618875,0.02043593660591392,3687,125,138,50,0.92175,0.03125,0.0345,0.0125,0.07825000000000004
4827,12,27,4000,4847,0.001,0.009202625191250664,0.020413317105125863,3722,111,126,41,0.9305,0.02775,0.0315,0.01025,0.0695
4828,12,28,4000,4848,0.001,0.009308467641036718,0.02042141217823147,3732,109,123,36,0.933,0.02725,0.03075,0.009,0.06699999999999995
4829,12,29,4000,4849,0.001,0.009365273681700351,0.020535243358779296,3728,120,116,36,0.932,0.03,0.029,0.009,0.06799999999999995
4830,12,30,4000,4850,0.001,0.009408010331114575,0.020403858781035386,3702,116,130,52,0.9255,0.029,0.0325,0.013,0.07450000000000001
4831,12,31,4000,4851,0.001,0.009428218322118842,0.020529886875733434,3728,111,117,44,0.932,0.02775,0.02925,0.011,0.06799999999999995
4832,12,32,4000,4852,0.001,0.00936344789586614,0.020626293760417126,3715,109,134,42,0.92875,0.02725,0.0335,0.0105,0.07125000000000004
4833,12,33,4000,4853,0.001,0.009553655145272706,0.020554754074662,3728,122,111,39,0.932,0.0305,0.02775,0.00975,0.06799999999999995
4834,12,34,4000,4854,0.001,0.009453518333158198,0.020514264371997274,3713,116,125,46,0.92825,0.029,0.03125,0.0115,0.07174999999999998
4835,12,35,4000,4855,0.001,0.00942078788388563,0.020278976855175174,3710,114,137,39,0.9275,0.0285,0.03425,0.00975,0.07250000000000001
4836,12,36,4000,4856,0.001,0.009518625308414297,0.020290710446367613,3711,115,142,32,0.92775,0.02875,0.0355,0.008,0.07225000000000004
4837,12,37,4000,4857,0.001,0.00948257445192356,0.020295562420785195,3698,126,144,32,0.9245,0.0315,0.036,0.008,0.07550000000000001
4838,12,38,4000,4858,0.001,0.009704869018114683,0.020319728953303286,3699,123,127,51,0.92475,0.03075,0.03175,0.01275,0.07525000000000004
4839,12,39,4000,4859,0.001,0.009660134294583114,0.020222981243144734,3733,104,134,29,0.93325,0.026,0.0335,0.00725,0.06674999999999998
4840,12,40,4000,4860,0.001,0.009721587760408091,0.020208772962160892,3704,112,139,45,0.926,0.028,0.03475,0.01125,0.07399999999999995
4841,12,41,4000,4861,0.001,0.010026778586217411,0.02024752671125447,3718,112,125,45,0.9295,0.028,0.03125,0.01125,0.07050000000000001
4842,12,42,4000,4862,0.001,0.00965713204392629,0.02038442324529652,3719,128,115,38,0.92975,0.032,0.02875,0.0095,0.07025000000000003
4843,12,43,4000,4863,0.001,0.009968526020161395,0.020261102552612507,3742,95,126,37,0.9355,0.02375,0.0315,0.00925,0.0645
4844,12,44,4000,4864,0.001,0.009932181657501992,0.02018656409328729,3702,110,140,48,0.9255,0.0275,0.035,0.012,0.07450000000000001
4845,12,45,4000,4865,0.001,0.009796242749291318,0.02013531733123459,3709,112,135,44,0.92725,0.028,0.03375,0.011,0.07274999999999998
4846,12,46,4000,4866,0.001,0.009671484522935538,0.020142667736611882,3704,105,147,44,0.926,0.02625,0.03675,0.011,0.07399999999999995
4847,12,47,4000,4867,0.001,0.009554436203761544,0.020163724471831852,3722,103,132,43,0.9305,0.02575,0.033,0.01075,0.0695
4848,12,48,4000,4868,0.001,0.010149283390789816,0.020292890266536964,3724,103,130,43,0.931,0.02575,0.0325,0.01075,0.06899999999999995
4849,12,49,4000,4869,0.001,0.010095092346069076,0.020335291508574372,3723,109,126,42,0.93075,0.02725,0.0315,0.0105,0.06925000000000003
4850,12,50,4000,4870,0.001,0.010117433019377961,0.02042785540534971,3717,104,133,46,0.92925,0.026,0.03325,0.0115,0.07074999999999998
4851,12,51,4000,4871,0.001,0.009951076144614292,0.020377786737010017,3725,114,114,47,0.93125,0.0285,0.0285,0.01175,0.06874999999999998
4852,12,52,4000,4872,0.001,0.009755118716644064,0.02035983362579473,3713,97,133,57,0.92825,0.02425,0.03325,0.01425,0.07174999999999998
4853,12,53,4000,4873,0.001,0.009911076842365696,0.020308275200990867,3713,122,118,47,0.92825,0.0305,0.0295,0.01175,0.07174999999999998
4854,12,54,4000,4874,0.001,0.010279058427085494,0.02022705038614536,3721,109,129,41,0.93025,0.02725,0.03225,0.01025,0.06974999999999998
4855,12,55,4000,4875,0.001,0.01031751669228535,0.020050196643532893,3713,115,138,34,0.92825,0.02875,0.0345,0.0085,0.07174999999999998
4856,12,56,4000,4876,0.001,0.010505051710958559,0.0200931711472212,3698,112,146,44,0.9245,0.028,0.0365,0.011,0.07550000000000001
4857,12,57,4000,4877,0.001,0.01052692678001056,0.020167981410574506,3703,113,138,46,0.92575,0.02825,0.0345,0.0115,0.07425000000000004
4858,12,58,4000,4878,0.001,0.010601620569994188,0.020017622937828855,3726,106,124,44,0.9315,0.0265,0.031,0.011,0.0685
4859,12,59,4000,4879,0.001,0.010611987457622048,0.019860708909186463,3726,109,119,46,0.9315,0.02725,0.02975,0.0115,0.0685
4860,12,60,4000,4880,0.001,0.010783440098171415,0.01991568670689639,3672,124,151,53,0.918,0.031,0.03775,0.01325,0.08199999999999996
4861,12,61,4000,4881,0.001,0.010908471416880748,0.019873556939048003,3713,114,123,50,0.92825,0.0285,0.03075,0.0125,0.07174999999999998
4862,12,62,4000,4882,0.001,0.011038020273287631,0.020034573321213393,3726,115,108,51,0.9315,0.02875,0.027,0.01275,0.0685
4863,12,63,4000,4883,0.001,0.011111316115941645,0.01996897823239521,3703,124,132,41,0.92575,0.031,0.033,0.01025,0.07425000000000004
4864,12,64,4000,4884,0.001,0.011320783534023472,0.01992477346478153,3697,133,139,31,0.92425,0.03325,0.03475,0.00775,0.07574999999999998
4865,12,65,4000,4885,0.001,0.011740365854617556,0.01990906072974697,3703,117,135,45,0.92575,0.02925,0.03375,0.01125,0.07425000000000004
4866,12,66,4000,4886,0.001,0.011789683533834036,0.019816994179414835,3676,132,130,62,0.919,0.033,0.0325,0.0155,0.08099999999999996
4867,12,67,4000,4887,0.001,0.012170001483616383,0.01978809537271517,3709,120,122,49,0.92725,0.03,0.0305,0.01225,0.07274999999999998
4868,12,68,4000,4888,0.001,0.012210108863626171,0.019722301960087646,3680,123,144,53,0.92,0.03075,0.036,0.01325,0.07999999999999996
4869,12,69,4000,4889,0.001,0.012284281359333207,0.01970711619105687,3681,122,148,49,0.92025,0.0305,0.037,0.01225,0.07974999999999999
4870,12,70,4000,4890,0.001,0.012638978140986834,0.02002506310786822,3667,127,153,53,0.91675,0.03175,0.03825,0.01325,0.08325000000000005
4871,12,71,4000,4891,0.001,0.012932081289971458,0.01999794495131748,3662,137,145,56,0.9155,0.03425,0.03625,0.014,0.08450000000000002
4872,12,72,4000,4892,0.001,0.012890027470153857,0.019900656681384965,3674,124,147,55,0.9185,0.031,0.03675,0.01375,0.08150000000000002
4873,12,73,4000,4893,0.001,0.012787460675981716,0.02002958268759547,3650,127,169,54,0.9125,0.03175,0.04225,0.0135,0.08750000000000002
4874,12,74,4000,4894,0.001,0.01340087364995424,0.019949289238452322,3661,120,168,51,0.91525,0.03,0.042,0.01275,0.08474999999999999
4875,12,75,4000,4895,0.001,0.013475599194070695,0.020240605165195026,3676,100,180,44,0.919,0.025,0.045,0.011,0.08099999999999996
4876,12,76,4000,4896,0.001,0.013858986119975217,0.02021824224221032,3681,125,141,53,0.92025,0.03125,0.03525,0.01325,0.07974999999999999
4877,12,77,4000,4897,0.001,0.013858357804101464,0.020379258234825857,3634,133,164,69,0.9085,0.03325,0.041,0.01725,0.09150000000000003
4878,12,78,4000,4898,0.001,0.013705803139504277,0.020419018368362993,3662,137,148,53,0.9155,0.03425,0.037,0.01325,0.08450000000000002
4879,12,79,4000,4899,0.001,0.013693922945139707,0.020285741966203384,3666,145,138,51,0.9165,0.03625,0.0345,0.01275,0.08350000000000002
4880,12,80,4000,4900,0.001,0.013801560854944574,0.020225695890057883,3680,124,147,49,0.92,0.031,0.03675,0.01225,0.07999999999999996
4881,12,81,4000,4901,0.001,0.013980782993097945,0.02020894841628222,3681,124,140,55,0.92025,0.031,0.035,0.01375,0.07974999999999999
4882,12,82,4000,4902,0.001,0.014079321079606903,0.020138001772255887,3645,129,164,62,0.91125,0.03225,0.041,0.0155,0.08875
4883,12,83,4000,4903,0.001,0.014278953305192271,0.020086721264777087,3676,124,147,53,0.919,0.031,0.03675,0.01325,0.08099999999999996
4884,12,84,4000,4904,0.001,0.014260089874721433,0.020260279427067342,3624,129,175,72,0.906,0.03225,0.04375,0.018,0.09399999999999997
4885,12,85,4000,4905,0.001,0.014167227533636946,0.020226189176129235,3679,121,145,55,0.91975,0.03025,0.03625,0.01375,0.08025000000000004
4886,12,86,4000,4906,0.001,0.0142355255469655,0.020149095138159906,3681,126,144,49,0.92025,0.0315,0.036,0.01225,0.07974999999999999
4887,12,87,4000,4907,0.001,0.014616947737472661,0.020154359142060076,3658,129,162,51,0.9145,0.03225,0.0405,0.01275,0.08550000000000002
4888,12,88,4000,4908,0.001,0.014675560748864516,0.020238696007101663,3657,136,150,57,0.91425,0.034,0.0375,0.01425,0.08574999999999999
4889,12,89,4000,4909,0.001,0.01485633444564423,0.02034966778043457,3652,135,166,47,0.913,0.03375,0.0415,0.01175,0.08699999999999997
4890,12,90,4000,4910,0.001,0.014411654965754445,0.020269037074854935,3651,123,174,52,0.91275,0.03075,0.0435,0.013,0.08725000000000005
4891,12,91,4000,4911,0.001,0.014001920528129307,0.020322940023255808,3663,123,159,55,0.91575,0.03075,0.03975,0.01375,0.08425000000000005
4892,12,92,4000,4912,0.001,0.013671960048999626,0.020255721056450644,3662,137,151,50,0.9155,0.03425,0.03775,0.0125,0.08450000000000002
4893,12,93,4000,4913,0.001,0.013858630857739097,0.019987488937474,3674,119,163,44,0.9185,0.02975,0.04075,0.011,0.08150000000000002
4894,12,94,4000,4914,0.001,0.013764956377049165,0.01978686866686836,3677,128,134,61,0.91925,0.032,0.0335,0.01525,0.08074999999999999
4895,12,95,4000,4915,0.001,0.013729465483357411,0.019787229437079,3668,124,153,55,0.917,0.031,0.03825,0.01375,0.08299999999999996
4896,12,96,4000,4916,0.001,0.013722135304573954,0.019837351206467884,3635,151,167,47,0.90875,0.03775,0.04175,0.01175,0.09125000000000005
4897,12,97,4000,4917,0.001,0.0137935819136766,0.0197715797862233,3674,136,137,53,0.9185,0.034,0.03425,0.01325,0.08150000000000002
4898,12,98,4000,4918,0.001,0.014073056174824974,0.019563611607909315,3634,139,170,57,0.9085,0.03475,0.0425,0.01425,0.09150000000000003
4899,12,99,4000,4919,0.001,0.013686580902364097,0.01962887737980433,3679,121,144,56,0.91975,0.03025,0.036,0.014,0.08025000000000004
4900,12,100,4000,4920,0.001,0.013630104068700223,0.019510000212460278,3658,133,153,56,0.9145,0.03325,0.03825,0.014,0.08550000000000002
4901,12,101,4000,4921,0.001,0.013667406909739076,0.019611592449329238,3649,133,145,73,0.91225,0.03325,0.03625,0.01825,0.08775
4902,12,102,4000,4922,0.001,0.013514840700217075,0.019585271731773858,3693,121,124,62,0.92325,0.03025,0.031,0.0155,0.07674999999999998
4903,12,103,4000,4923,0.001,0.013554441867173746,0.019775457900606447,3665,120,156,59,0.91625,0.03,0.039,0.01475,0.08374999999999999
4904,12,104,4000,4924,0.001,0.01337617022092666,0.019808248012467694,3633,137,171,59,0.90825,0.03425,0.04275,0.01475,0.09175
4905,12,105,4000,4925,0.001,0.013645497743951641,0.01975875256427141,3702,112,141,45,0.9255,0.028,0.03525,0.01125,0.07450000000000001
4906,12,106,4000,4926,0.001,0.013810970081293016,0.019772874147170518,3680,131,142,47,0.92,0.03275,0.0355,0.01175,0.07999999999999996
4907,12,107,4000,4927,0.001,0.014103377357323673,0.01985789356727402,3636,132,176,56,0.909,0.033,0.044,0.014,0.09099999999999997
4908,12,108,4000,4928,0.001,0.014268399287631902,0.019913637923242553,3662,120,162,56,0.9155,0.03,0.0405,0.014,0.08450000000000002
4909,12,109,4000,4929,0.001,0.014189589594460763,0.02020270218895346,3670,113,159,58,0.9175,0.02825,0.03975,0.0145,0.08250000000000002
4910,12,110,4000,4930,0.001,0.014577812719040862,0.0203378539635885,3620,142,176,62,0.905,0.0355,0.044,0.0155,0.09499999999999997
4911,12,111,4000,4931,0.001,0.01446949776766442,0.020453449529756994,3648,131,169,52,0.912,0.03275,0.04225,0.013,0.08799999999999997
4912,12,112,4000,4932,0.001,0.014526112723572765,0.020637207585951087,3666,124,162,48,0.9165,0.031,0.0405,0.012,0.08350000000000002
4913,12,113,4000,4933,0.001,0.01436958676351919,0.020573263469957987,3657,141,151,51,0.91425,0.03525,0.03775,0.01275,0.08574999999999999
4914,12,114,4000,4934,0.001,0.013952801862355015,0.02051505393176686,3670,112,142,76,0.9175,0.028,0.0355,0.019,0.08250000000000002
4915,12,115,4000,4935,0.001,0.01407074571306357,0.020520592483771343,3680,117,159,44,0.92,0.02925,0.03975,0.011,0.07999999999999996
4916,12,116,4000,4936,0.001,0.013585800226897477,0.020356121707021054,3643,131,170,56,0.91075,0.03275,0.0425,0.014,0.08925000000000005
4917,12,117,4000,4937,0.001,0.013384672081126968,0.02029014885202226,3658,111,162,69,0.9145,0.02775,0.0405,0.01725,0.08550000000000002
4918,12,118,4000,4938,0.001,0.01330312871788532,0.020263132149369353,3678,119,151,52,0.9195,0.02975,0.03775,0.013,0.08050000000000002
4919,12,119,4000,4939,0.001,0.013200065053323454,0.020290221382980204,3664,124,163,49,0.916,0.031,0.04075,0.01225,0.08399999999999996
4920,12,120,4000,4940,0.001,0.01305692642197106,0.02039804865960265,3694,124,140,42,0.9235,0.031,0.035,0.0105,0.07650000000000001
4921,12,121,4000,4941,0.001,0.01301707977907818,0.020268959574536727,3671,120,160,49,0.91775,0.03,0.04,0.01225,0.08225000000000005
4922,12,122,4000,4942,0.001,0.013166699997403055,0.02020224550295068,3689,112,136,63,0.92225,0.028,0.034,0.01575,0.07774999999999999
4923,12,123,4000,4943,0.001,0.013254819373964808,0.02006462683246335,3652,129,148,71,0.913,0.03225,0.037,0.01775,0.08699999999999997
4924,12,124,4000,4944,0.001,0.013398350803027363,0.02006928148970043,3692,114,139,55,0.923,0.0285,0.03475,0.01375,0.07699999999999996
4925,12,125,4000,4945,0.001,0.013485073146483152,0.020028361075805343,3657,135,160,48,0.91425,0.03375,0.04,0.012,0.08574999999999999
4926,12,126,4000,4946,0.001,0.013382002034113676,0.02007363983289239,3668,132,142,58,0.917,0.033,0.0355,0.0145,0.08299999999999996
4927,12,127,4000,4947,0.001,0.01331176905685579,0.02007619190690295,3659,124,159,58,0.91475,0.031,0.03975,0.0145,0.08525000000000005
4928,12,128,4000,4948,0.001,0.013490108995151745,0.02000635975774783,3668,139,152,41,0.917,0.03475,0.038,0.01025,0.08299999999999996
4929,12,129,4000,4949,0.001,0.013426955296163084,0.02008701911376464,3651,132,162,55,0.91275,0.033,0.0405,0.01375,0.08725000000000005
4930,12,130,4000,4950,0.001,0.013468312924842515,0.020187404605094307,3651,133,159,57,0.91275,0.03325,0.03975,0.01425,0.08725000000000005
4931,12,131,4000,4951,0.001,0.013757025989232702,0.020394004797009507,3648,141,152,59,0.912,0.03525,0.038,0.01475,0.08799999999999997
4932,12,132,4000,4952,0.001,0.013966134941358711,0.020426042663378937,3659,126,159,56,0.91475,0.0315,0.03975,0.014,0.08525000000000005
4933,12,133,4000,4953,0.001,0.013959612677471157,0.02056046878903392,3638,136,160,66,0.9095,0.034,0.04,0.0165,0.09050000000000002
4934,12,134,4000,4954,0.001,0.013911267169392841,0.020416592605439165,3665,122,151,62,0.91625,0.0305,0.03775,0.0155,0.08374999999999999
4935,12,135,4000,4955,0.001,0.01399711891261443,0.020371185812971922,3639,145,154,62,0.90975,0.03625,0.0385,0.0155,0.09025000000000005
4936,12,136,4000,4956,0.001,0.013766377394244553,0.020457734418177533,3664,117,154,65,0.916,0.02925,0.0385,0.01625,0.08399999999999996
4937,12,137,4000,4957,0.001,0.014047133845569083,0.02039333920118489,3616,152,167,65,0.904,0.038,0.04175,0.01625,0.09599999999999997
4938,12,138,4000,4958,0.001,0.013819084129009276,0.020291852000149223,3662,134,147,57,0.9155,0.0335,0.03675,0.01425,0.08450000000000002
4939,12,139,4000,4959,0.001,0.013786051250500989,0.020285621526025446,3676,120,147,57,0.919,0.03,0.03675,0.01425,0.08099999999999996
4940,12,140,4000,4960,0.001,0.013728116259486625,0.02008494558958994,3648,144,161,47,0.912,0.036,0.04025,0.01175,0.08799999999999997
4941,12,141,4000,4961,0.001,0.013728313875819284,0.02030382693770395,3676,132,134,58,0.919,0.033,0.0335,0.0145,0.08099999999999996
4942,12,142,4000,4962,0.001,0.01374338742516618,0.020126290706751253,3652,140,150,58,0.913,0.035,0.0375,0.0145,0.08699999999999997
4943,12,143,4000,4963,0.001,0.01351051387058901,0.02020713650816092,3645,128,166,61,0.91125,0.032,0.0415,0.01525,0.08875
4944,12,144,4000,4964,0.001,0.013674275611059512,0.020099281442774845,3660,128,163,49,0.915,0.032,0.04075,0.01225,0.08499999999999996
4945,12,145,4000,4965,0.001,0.013679610067403867,0.020130464879029347,3668,123,156,53,0.917,0.03075,0.039,0.01325,0.08299999999999996
4946,12,146,4000,4966,0.001,0.013899731894749261,0.020040018442506424,3652,142,145,61,0.913,0.0355,0.03625,0.01525,0.08699999999999997
4947,12,147,4000,4967,0.001,0.01376506364553506,0.02012957635903874,3658,137,149,56,0.9145,0.03425,0.03725,0.014,0.08550000000000002
4948,12,148,4000,4968,0.001,0.013677825356717204,0.01999483823416684,3653,146,147,54,0.91325,0.0365,0.03675,0.0135,0.08675
4949,12,149,4000,4969,0.001,0.013491902501934668,0.020145390894031057,3695,114,147,44,0.92375,0.0285,0.03675,0.011,0.07625000000000004
4950,12,150,4000,4970,0.001,0.013410253334604093,0.020358200727750818,3680,113,141,66,0.92,0.02825,0.03525,0.0165,0.07999999999999996
4951,12,151,4000,4971,0.001,0.013374319758020472,0.020296538868717885,3685,109,153,53,0.92125,0.02725,0.03825,0.01325,0.07874999999999999
4952,12,152,4000,4972,0.001,0.013286541730431986,0.0204155974656543,3667,129,144,60,0.91675,0.03225,0.036,0.015,0.08325000000000005
4953,12,153,4000,4973,0.001,0.013128837898119243,0.020365098871986363,3687,134,142,37,0.92175,0.0335,0.0355,0.00925,0.07825000000000004
4954,12,154,4000,4974,0.001,0.012885956733034372,0.02035358358000963,3638,151,168,43,0.9095,0.03775,0.042,0.01075,0.09050000000000002
4955,12,155,4000,4975,0.001,0.013036936279129328,0.020296876598027647,3667,129,154,50,0.91675,0.03225,0.0385,0.0125,0.08325000000000005
4956,12,156,4000,4976,0.001,0.01314790033895749,0.02034128584876255,3683,129,132,56,0.92075,0.03225,0.033,0.014,0.07925000000000004
4957,12,157,4000,4977,0.001,0.013275328415102233,0.02012315974947968,3709,111,130,50,0.92725,0.02775,0.0325,0.0125,0.07274999999999998
4958,12,158,4000,4978,0.001,0.01328107339111803,0.02018229462415479,3657,135,149,59,0.91425,0.03375,0.03725,0.01475,0.08574999999999999
4959,12,159,4000,4979,0.001,0.012893048188104363,0.020041213420193476,3682,108,150,60,0.9205,0.027,0.0375,0.015,0.07950000000000002
4960,12,160,4000,4980,0.001,0.012502841552380942,0.019963852198610434,3681,121,141,57,0.92025,0.03025,0.03525,0.01425,0.07974999999999999
4961,12,161,4000,4981,0.001,0.012733899969472353,0.019902638195289965,3664,128,156,52,0.916,0.032,0.039,0.013,0.08399999999999996
4962,12,162,4000,4982,0.001,0.012750733282145437,0.019708665664629893,3687,121,147,45,0.92175,0.03025,0.03675,0.01125,0.07825000000000004
4963,12,163,4000,4983,0.001,0.01272324827395307,0.019732905642585556,3694,123,126,57,0.9235,0.03075,0.0315,0.01425,0.07650000000000001
4964,12,164,4000,4984,0.001,0.013047150100548546,0.01977215067467468,3685,118,142,55,0.92125,0.0295,0.0355,0.01375,0.07874999999999999
4965,12,165,4000,4985,0.001,0.012861217005429155,0.01972052023492943,3682,110,138,70,0.9205,0.0275,0.0345,0.0175,0.07950000000000002
4966,12,166,4000,4986,0.001,0.012833600706154654,0.019705947611398985,3682,123,137,58,0.9205,0.03075,0.03425,0.0145,0.07950000000000002
4967,12,167,4000,4987,0.001,0.013302562745414406,0.019785910949702428,3693,113,152,42,0.92325,0.02825,0.038,0.0105,0.07674999999999998
4968,12,168,4000,4988,0.001,0.013197641069899938,0.01981953104808234,3678,133,131,58,0.9195,0.03325,0.03275,0.0145,0.08050000000000002
4969,12,169,4000,4989,0.001,0.013286092891467401,0.01976916285787759,3658,123,161,58,0.9145,0.03075,0.04025,0.0145,0.08550000000000002
4970,12,170,4000,4990,0.001,0.013267664588034524,0.019779278511125716,3678,110,167,45,0.9195,0.0275,0.04175,0.01125,0.08050000000000002
4971,12,171,4000,4991,0.001,0.013325040342973037,0.01975807328195808,3690,116,140,54,0.9225,0.029,0.035,0.0135,0.07750000000000001
4972,12,172,4000,4992,0.001,0.013328738670211579,0.019978620969150044,3697,116,146,41,0.92425,0.029,0.0365,0.01025,0.07574999999999998
4973,12,173,4000,4993,0.001,0.01321403744246228,0.020133211099169705,3670,130,141,59,0.9175,0.0325,0.03525,0.01475,0.08250000000000002
4974,12,174,4000,4994,0.001,0.013078459610133767,0.02002815994329107,3669,122,155,54,0.91725,0.0305,0.03875,0.0135,0.08274999999999999
4975,12,175,4000,4995,0.001,0.013186116795452205,0.019995215059011872,3664,130,160,46,0.916,0.0325,0.04,0.0115,0.08399999999999996
4976,12,176,4000,4996,0.001,0.013234305812863365,0.02000008743982678,3676,107,153,64,0.919,0.02675,0.03825,0.016,0.08099999999999996
4977,12,177,4000,4997,0.001,0.013328783531913793,0.02005375148931843,3647,155,149,49,0.91175,0.03875,0.03725,0.01225,0.08825000000000005
4978,12,178,4000,4998,0.001,0.013264982427633064,0.02011879164606718,3661,134,152,53,0.91525,0.0335,0.038,0.01325,0.08474999999999999
4979,12,179,4000,4999,0.001,0.013017619426689712,0.020284601614664746,3675,115,153,57,0.91875,0.02875,0.03825,0.01425,0.08125000000000004
4980,12,180,4000,5000,0.001,0.013421306153845363,0.020342506813309413,3670,126,153,51,0.9175,0.0315,0.03825,0.01275,0.08250000000000002
4981,12,181,4000,5001,0.001,0.013128532264949819,0.020337769772707195,3658,132,146,64,0.9145,0.033,0.0365,0.016,0.08550000000000002
4982,12,182,4000,5002,0.001,0.012973206632311602,0.02012453532819911,3679,152,130,39,0.91975,0.038,0.0325,0.00975,0.08025000000000004
4983,12,183,4000,5003,0.001,0.012957539716648567,0.020054921840194768,3698,118,122,62,0.9245,0.0295,0.0305,0.0155,0.07550000000000001
4984,12,184,4000,5004,0.001,0.01273895008285821,0.020133160184713794,3691,112,145,52,0.92275,0.028,0.03625,0.013,0.07725000000000004
4985,12,185,4000,5005,0.001,0.012630347837971751,0.02009999392013023,3681,133,135,51,0.92025,0.03325,0.03375,0.01275,0.07974999999999999
4986,12,186,4000,5006,0.001,0.012565544326944017,0.02011926027146835,3675,126,142,57,0.91875,0.0315,0.0355,0.01425,0.08125000000000004
4987,12,187,4000,5007,0.001,0.0126714796403604,0.019998522119223372,3688,115,138,59,0.922,0.02875,0.0345,0.01475,0.07799999999999996
4988,12,188,4000,5008,0.001,0.012651642149366581,0.019991716330685923,3700,119,140,41,0.925,0.02975,0.035,0.01025,0.07499999999999996
4989,12,189,4000,5009,0.001,0.012599451085946775,0.020051605341300214,3671,122,150,57,0.91775,0.0305,0.0375,0.01425,0.08225000000000005
4990,12,190,4000,5010,0.001,0.012735875386305582,0.019885810426129892,3667,145,139,49,0.91675,0.03625,0.03475,0.01225,0.08325000000000005
4991,12,191,4000,5011,0.001,0.012680993937844248,0.02015351829281237,3713,106,137,44,0.92825,0.0265,0.03425,0.011,0.07174999999999998
4992,12,192,4000,5012,0.001,0.012937474499143908,0.02018686356927376,3677,127,145,51,0.91925,0.03175,0.03625,0.01275,0.08074999999999999
4993,12,193,4000,5013,0.001,0.012929894450674771,0.020256716776873438,3672,124,160,44,0.918,0.031,0.04,0.011,0.08199999999999996
4994,12,194,4000,5014,0.001,0.013212269325775952,0.020291434589591924,3646,139,158,57,0.9115,0.03475,0.0395,0.01425,0.08850000000000002
4995,12,195,4000,5015,0.001,0.01351312089264329,0.02021211992306124,3679,133,136,52,0.91975,0.03325,0.034,0.013,0.08025000000000004
4996,12,196,4000,5016,0.001,0.013132539561712989,0.020159756428907907,3658,127,161,54,0.9145,0.03175,0.04025,0.0135,0.08550000000000002
4997,12,197,4000,5017,0.001,0.013474302777810752,0.020044331972594753,3671,135,139,55,0.91775,0.03375,0.03475,0.01375,0.08225000000000005
4998,12,198,4000,5018,0.001,0.013242337549022104,0.019990315929842344,3681,112,151,56,0.92025,0.028,0.03775,0.014,0.07974999999999999
4999,12,199,4000,5019,0.001,0.013310056461903521,0.019943341755029476,3670,136,140,54,0.9175,0.034,0.035,0.0135,0.08250000000000002
5000,12,200,4000,5020,0.001,0.012984474986825105,0.019910934287570053,3689,118,137,56,0.92225,0.0295,0.03425,0.014,0.07774999999999999
5001,12,201,4000,5021,0.001,0.013010540911028054,0.01981162683938155,3670,119,155,56,0.9175,0.02975,0.03875,0.014,0.08250000000000002
5002,12,202,4000,5022,0.001,0.013051677670651782,0.019882519994558485,3667,130,148,55,0.91675,0.0325,0.037,0.01375,0.08325000000000005
5003,12,203,4000,5023,0.001,0.013448942150317814,0.01972504598613324,3692,113,140,55,0.923,0.02825,0.035,0.01375,0.07699999999999996
5004,12,204,4000,5024,0.001,0.01336970057449377,0.019717862472333564,3681,100,144,75,0.92025,0.025,0.036,0.01875,0.07974999999999999
5005,12,205,4000,5025,0.001,0.013622571563852715,0.019689943895623063,3658,123,162,57,0.9145,0.03075,0.0405,0.01425,0.08550000000000002
5006,12,206,4000,5026,0.001,0.013661211072650288,0.019755242598636716,3675,134,142,49,0.91875,0.0335,0.0355,0.01225,0.08125000000000004
5007,12,207,4000,5027,0.001,0.013911911668397366,0.019783324969057096,3672,132,138,58,0.918,0.033,0.0345,0.0145,0.08199999999999996
5008,12,208,4000,5028,0.001,0.013848754785173674,0.01995136372060223,3662,131,154,53,0.9155,0.03275,0.0385,0.01325,0.08450000000000002
5009,12,209,4000,5029,0.001,0.014118016243368267,0.020025927177659768,3666,137,144,53,0.9165,0.03425,0.036,0.01325,0.08350000000000002
5010,12,210,4000,5030,0.001,0.013929422411703397,0.020131339995544163,3682,112,156,50,0.9205,0.028,0.039,0.0125,0.07950000000000002
5011,12,211,4000,5031,0.001,0.01398850914962311,0.020076365176400834,3665,124,150,61,0.91625,0.031,0.0375,0.01525,0.08374999999999999
5012,12,212,4000,5032,0.001,0.014467979527108796,0.020237611348504613,3649,126,159,66,0.91225,0.0315,0.03975,0.0165,0.08775
5013,12,213,4000,5033,0.001,0.014475843267709974,0.020305402418046015,3672,124,138,66,0.918,0.031,0.0345,0.0165,0.08199999999999996
5014,12,214,4000,5034,0.001,0.014725583089052014,0.02034490833633442,3672,134,139,55,0.918,0.0335,0.03475,0.01375,0.08199999999999996
5015,12,215,4000,5035,0.001,0.014714838278099862,0.02030977497997706,3656,131,160,53,0.914,0.03275,0.04,0.01325,0.08599999999999997
5016,12,216,4000,5036,0.001,0.014833571021837697,0.020204318005222557,3634,113,193,60,0.9085,0.02825,0.04825,0.015,0.09150000000000003
5017,12,217,4000,5037,0.001,0.0147275131563578,0.02033658057900127,3664,118,158,60,0.916,0.0295,0.0395,0.015,0.08399999999999996
5018,12,218,4000,5038,0.001,0.01492911398464381,0.020502952469396415,3666,119,151,64,0.9165,0.02975,0.03775,0.016,0.08350000000000002
5019,12,219,4000,5039,0.001,0.014784601881834511,0.020552382510248587,3652,123,167,58,0.913,0.03075,0.04175,0.0145,0.08699999999999997
5020,12,220,4000,5040,0.001,0.014977084713473992,0.020460549484902963,3645,139,153,63,0.91125,0.03475,0.03825,0.01575,0.08875
5021,12,221,4000,5041,0.001,0.015088449912669102,0.02051493144430837,3653,144,152,51,0.91325,0.036,0.038,0.01275,0.08675
5022,12,222,4000,5042,0.001,0.015039343730874826,0.020502700406731078,3649,137,160,54,0.91225,0.03425,0.04,0.0135,0.08775
5023,12,223,4000,5043,0.001,0.015232238803690252,0.02043034189526613,3678,114,144,64,0.9195,0.0285,0.036,0.016,0.08050000000000002
5024,12,224,4000,5044,0.001,0.015178349876416346,0.020373243293173714,3650,126,165,59,0.9125,0.0315,0.04125,0.01475,0.08750000000000002
5025,12,225,4000,5045,0.001,0.015098659535258366,0.020357300971000115,3636,129,164,71,0.909,0.03225,0.041,0.01775,0.09099999999999997
5026,12,226,4000,5046,0.001,0.01521683721896033,0.020393974591463304,3646,131,173,50,0.9115,0.03275,0.04325,0.0125,0.08850000000000002
5027,12,227,4000,5047,0.001,0.015382575020636788,0.020311504844362675,3618,136,184,62,0.9045,0.034,0.046,0.0155,0.09550000000000003
5028,12,228,4000,5048,0.001,0.015086754352753154,0.02041065581236494,3629,147,165,59,0.90725,0.03675,0.04125,0.01475,0.09275
5029,12,229,4000,5049,0.001,0.01519759950335456,0.020312814430418297,3662,140,144,54,0.9155,0.035,0.036,0.0135,0.08450000000000002
5030,12,230,4000,5050,0.001,0.015409685031136955,0.0201838905443474,3663,122,147,68,0.91575,0.0305,0.03675,0.017,0.08425000000000005
5031,12,231,4000,5051,0.001,0.01561238163215426,0.02018227350240203,3638,143,148,71,0.9095,0.03575,0.037,0.01775,0.09050000000000002
5032,12,232,4000,5052,0.001,0.01550703977698783,0.02017984024044295,3658,117,161,64,0.9145,0.02925,0.04025,0.016,0.08550000000000002
5033,12,233,4000,5053,0.001,0.01574495072289338,0.020259604977722473,3609,138,158,95,0.90225,0.0345,0.0395,0.02375,0.09775
5034,12,234,4000,5054,0.001,0.016134892968826614,0.020268882992403273,3626,140,171,63,0.9065,0.035,0.04275,0.01575,0.09350000000000003
5035,12,235,4000,5055,0.001,0.016283385434206696,0.020124792967126433,3645,150,151,54,0.91125,0.0375,0.03775,0.0135,0.08875
5036,12,236,4000,5056,0.001,0.016529979535740175,0.02016273296060028,3616,138,164,82,0.904,0.0345,0.041,0.0205,0.09599999999999997
5037,12,237,4000,5057,0.001,0.016268772398125683,0.01999890425251714,3637,110,181,72,0.90925,0.0275,0.04525,0.018,0.09075
5038,12,238,4000,5058,0.001,0.016355687708369735,0.02005287587658468,3660,137,150,53,0.915,0.03425,0.0375,0.01325,0.08499999999999996
5039,12,239,4000,5059,0.001,0.015779711492081086,0.020082014185480723,3633,133,171,63,0.90825,0.03325,0.04275,0.01575,0.09175
5040,12,240,4000,5060,0.001,0.015940421450971708,0.02010506697552127,3634,134,166,66,0.9085,0.0335,0.0415,0.0165,0.09150000000000003
5041,12,241,4000,5061,0.001,0.01593360255970409,0.02024661631727412,3632,125,171,72,0.908,0.03125,0.04275,0.018,0.09199999999999997
5042,12,242,4000,5062,0.001,0.01593477091540114,0.02026080987844807,3643,134,157,66,0.91075,0.0335,0.03925,0.0165,0.08925000000000005
5043,12,243,4000,5063,0.001,0.016059597043483288,0.020287902978338677,3640,129,170,61,0.91,0.03225,0.0425,0.01525,0.08999999999999997
5044,12,244,4000,5064,0.001,0.016136759648374785,0.02023534404682231,3619,146,164,71,0.90475,0.0365,0.041,0.01775,0.09524999999999995
5045,12,245,4000,5065,0.001,0.016469564072078918,0.02014358463806984,3597,146,188,69,0.89925,0.0365,0.047,0.01725,0.10075
5046,12,246,4000,5066,0.001,0.016656408636661377,0.020236860515310706,3590,156,179,75,0.8975,0.039,0.04475,0.01875,0.10250000000000004
5047,12,247,4000,5067,0.001,0.016580490485104474,0.020420894240790924,3619,134,168,79,0.90475,0.0335,0.042,0.01975,0.09524999999999995
5048,12,248,4000,5068,0.001,0.016556194997840227,0.020240051630317134,3614,137,176,73,0.9035,0.03425,0.044,0.01825,0.09650000000000003
5049,12,249,4000,5069,0.001,0.016654252958336623,0.020266365430352637,3610,148,182,60,0.9025,0.037,0.0455,0.015,0.09750000000000003
5050,12,250,4000,5070,0.001,0.016852956171760854,0.020316781827996788,3632,140,157,71,0.908,0.035,0.03925,0.01775,0.09199999999999997
5051,12,251,4000,5071,0.001,0.016724598312122876,0.02026659764845172,3603,133,197,67,0.90075,0.03325,0.04925,0.01675,0.09924999999999995
5052,12,252,4000,5072,0.001,0.01668196435377027,0.020360653862718094,3653,118,169,60,0.91325,0.0295,0.04225,0.015,0.08675
5053,12,253,4000,5073,0.001,0.01683994947800572,0.020376515891986656,3620,129,169,82,0.905,0.03225,0.04225,0.0205,0.09499999999999997
5054,12,254,4000,5074,0.001,0.01681339240795208,0.02047334116028886,3640,124,166,70,0.91,0.031,0.0415,0.0175,0.08999999999999997
5055,12,255,4000,5075,0.001,0.016959735015146235,0.020682596159078023,3589,145,188,78,0.89725,0.03625,0.047,0.0195,0.10275000000000001
5056,12,256,4000,5076,0.001,0.017137396266985697,0.020591291006109628,3607,137,186,70,0.90175,0.03425,0.0465,0.0175,0.09824999999999995
5057,12,257,4000,5077,0.001,0.016982453485690323,0.02049887032080877,3610,144,182,64,0.9025,0.036,0.0455,0.016,0.09750000000000003
5058,12,258,4000,5078,0.001,0.01726097256355208,0.020466818624508016,3617,152,153,78,0.90425,0.038,0.03825,0.0195,0.09575
5059,12,259,4000,5079,0.001,0.01720614629129442,0.02048394577316098,3625,146,163,66,0.90625,0.0365,0.04075,0.0165,0.09375
5060,12,260,4000,5080,0.001,0.017239286090230493,0.020576452022729765,3615,138,183,64,0.90375,0.0345,0.04575,0.016,0.09624999999999995
5061,12,261,4000,5081,0.001,0.017032481429593016,0.020460991202177474,3601,153,172,74,0.90025,0.03825,0.043,0.0185,0.09975
5062,12,262,4000,5082,0.001,0.01711243212351711,0.02045319745790396,3603,147,173,77,0.90075,0.03675,0.04325,0.01925,0.09924999999999995
5063,12,263,4000,5083,0.001,0.01725285266928188,0.02051652209164908,3676,112,152,60,0.919,0.028,0.038,0.015,0.08099999999999996
5064,12,264,4000,5084,0.001,0.017294504328261774,0.02045790630725924,3644,131,171,54,0.911,0.03275,0.04275,0.0135,0.08899999999999997
5065,12,265,4000,5085,0.001,0.017573923993342115,0.020344542362212406,3594,160,173,73,0.8985,0.04,0.04325,0.01825,0.10150000000000003
5066,12,266,4000,5086,0.001,0.01771992761695741,0.02041089895339123,3629,121,171,79,0.90725,0.03025,0.04275,0.01975,0.09275
5067,12,267,4000,5087,0.001,0.01736666577141645,0.02032880217696129,3612,133,180,75,0.903,0.03325,0.045,0.01875,0.09699999999999998
5068,12,268,4000,5088,0.001,0.017635400814773737,0.020361192654463445,3599,152,185,64,0.89975,0.038,0.04625,0.016,0.10024999999999995
5069,12,269,4000,5089,0.001,0.017285369972724098,0.020297229433592478,3622,150,160,68,0.9055,0.0375,0.04,0.017,0.09450000000000003
5070,12,270,4000,5090,0.001,0.01734735874762111,0.02033747408656858,3595,165,169,71,0.89875,0.04125,0.04225,0.01775,0.10124999999999995
5071,12,271,4000,5091,0.001,0.017480672968648803,0.020420431706321688,3629,153,144,74,0.90725,0.03825,0.036,0.0185,0.09275
5072,12,272,4000,5092,0.001,0.017649922049859212,0.02062191402711728,3622,147,175,56,0.9055,0.03675,0.04375,0.014,0.09450000000000003
5073,12,273,4000,5093,0.001,0.01783675081320313,0.020594393821817537,3612,139,178,71,0.903,0.03475,0.0445,0.01775,0.09699999999999998
5074,12,274,4000,5094,0.001,0.017868893754763315,0.020562214624814622,3600,162,175,63,0.9,0.0405,0.04375,0.01575,0.09999999999999998
5075,12,275,4000,5095,0.001,0.0179617549665816,0.020627582621654098,3621,130,181,68,0.90525,0.0325,0.04525,0.017,0.09475
5076,12,276,4000,5096,0.001,0.017886574446681975,0.020666720286616477,3638,133,167,62,0.9095,0.03325,0.04175,0.0155,0.09050000000000002
5077,12,277,4000,5097,0.001,0.018037146215073605,0.02061380100600197,3641,146,149,64,0.91025,0.0365,0.03725,0.016,0.08975
5078,12,278,4000,5098,0.001,0.01771116751322506,0.020627540983126618,3617,139,174,70,0.90425,0.03475,0.0435,0.0175,0.09575
5079,12,279,4000,5099,0.001,0.017263997732470397,0.02072745132258147,3645,135,143,77,0.91125,0.03375,0.03575,0.01925,0.08875
5080,12,280,4000,5100,0.001,0.016869205838287594,0.020867089523391648,3638,138,163,61,0.9095,0.0345,0.04075,0.01525,0.09050000000000002
5081,12,281,4000,5101,0.001,0.016589804443737664,0.02090968607189143,3634,129,169,68,0.9085,0.03225,0.04225,0.017,0.09150000000000003
5082,12,282,4000,5102,0.001,0.016699358918988397,0.021178422682101287,3615,155,164,66,0.90375,0.03875,0.041,0.0165,0.09624999999999995
5083,12,283,4000,5103,0.001,0.016860772001590096,0.02127864238968657,3614,144,174,68,0.9035,0.036,0.0435,0.017,0.09650000000000003
5084,12,284,4000,5104,0.001,0.016983410094350407,0.021158849587967526,3601,148,192,59,0.90025,0.037,0.048,0.01475,0.09975
5085,12,285,4000,5105,0.001,0.017018743883527452,0.021045354256410364,3626,137,170,67,0.9065,0.03425,0.0425,0.01675,0.09350000000000003
5086,12,286,4000,5106,0.001,0.01721399109821463,0.020948498078230016,3595,159,166,80,0.89875,0.03975,0.0415,0.02,0.10124999999999995
5087,12,287,4000,5107,0.001,0.017220443871463258,0.02102989056634024,3588,146,195,71,0.897,0.0365,0.04875,0.01775,0.10299999999999998
5088,12,288,4000,5108,0.001,0.017099675943254997,0.021073725195864798,3612,149,165,74,0.903,0.03725,0.04125,0.0185,0.09699999999999998
5089,12,289,4000,5109,0.001,0.01716583581554764,0.021067911262451857,3606,148,180,66,0.9015,0.037,0.045,0.0165,0.09850000000000003
5090,12,290,4000,5110,0.001,0.016964905391927642,0.02116852934542314,3609,145,191,55,0.90225,0.03625,0.04775,0.01375,0.09775
5091,12,291,4000,5111,0.001,0.01688803710359913,0.021111971408437246,3636,152,147,65,0.909,0.038,0.03675,0.01625,0.09099999999999997
5092,12,292,4000,5112,0.001,0.01670944698751443,0.02113811305323007,3594,159,173,74,0.8985,0.03975,0.04325,0.0185,0.10150000000000003
5093,12,293,4000,5113,0.001,0.01668064075079427,0.02111580108833545,3623,129,177,71,0.90575,0.03225,0.04425,0.01775,0.09424999999999994
5094,12,294,4000,5114,0.001,0.016917097949235807,0.021134346327720346,3614,159,168,59,0.9035,0.03975,0.042,0.01475,0.09650000000000003
5095,12,295,4000,5115,0.001,0.016842983031199608,0.02122359882282434,3623,150,170,57,0.90575,0.0375,0.0425,0.01425,0.09424999999999994
5096,12,296,4000,5116,0.001,0.016879582009070773,0.0213032751070657,3609,148,168,75,0.90225,0.037,0.042,0.01875,0.09775
5097,12,297,4000,5117,0.001,0.016977043556321184,0.021257753935444646,3620,136,178,66,0.905,0.034,0.0445,0.0165,0.09499999999999997
5098,12,298,4000,5118,0.001,0.01683236477123777,0.021247346637339577,3605,150,166,79,0.90125,0.0375,0.0415,0.01975,0.09875
5099,12,299,4000,5119,0.001,0.016971905336142314,0.021268028436541304,3603,136,185,76,0.90075,0.034,0.04625,0.019,0.09924999999999995
5100,12,300,4000,5120,0.001,0.017153271991582623,0.021274122635172157,3593,149,189,69,0.89825,0.03725,0.04725,0.01725,0.10175000000000001
5101,12,301,4000,5121,0.001,0.017190425758448216,0.021185382611541972,3603,158,169,70,0.90075,0.0395,0.04225,0.0175,0.09924999999999995
5102,12,302,4000,5122,0.001,0.017377575642792756,0.02103284556132569,3635,142,162,61,0.90875,0.0355,0.0405,0.01525,0.09125000000000005
5103,12,303,4000,5123,0.001,0.017604344335961575,0.02116547828303835,3600,150,183,67,0.9,0.0375,0.04575,0.01675,0.09999999999999998
5104,12,304,4000,5124,0.001,0.01709228923304612,0.021146850438484553,3596,145,190,69,0.899,0.03625,0.0475,0.01725,0.10099999999999998
5105,12,305,4000,5125,0.001,0.017137913826624884,0.02134998862924179,3610,143,177,70,0.9025,0.03575,0.04425,0.0175,0.09750000000000003
5106,12,306,4000,5126,0.001,0.016816713696856483,0.02144230992687955,3638,123,166,73,0.9095,0.03075,0.0415,0.01825,0.09050000000000002
5107,12,307,4000,5127,0.001,0.016697894560412277,0.021471511896707773,3628,137,167,68,0.907,0.03425,0.04175,0.017,0.09299999999999997
5108,12,308,4000,5128,0.001,0.01670687433773244,0.021404587132728716,3626,125,180,69,0.9065,0.03125,0.045,0.01725,0.09350000000000003
5109,12,309,4000,5129,0.001,0.016338258797995154,0.021258396665807866,3623,133,182,62,0.90575,0.03325,0.0455,0.0155,0.09424999999999994
5110,12,310,4000,5130,0.001,0.016176772731224927,0.021022232142535312,3642,112,175,71,0.9105,0.028,0.04375,0.01775,0.08950000000000002
5111,12,311,4000,5131,0.001,0.016301437594821323,0.021208044156714626,3619,141,181,59,0.90475,0.03525,0.04525,0.01475,0.09524999999999995
5112,12,312,4000,5132,0.001,0.016442555335327624,0.021309458949361863,3627,136,169,68,0.90675,0.034,0.04225,0.017,0.09325000000000006
5113,12,313,4000,5133,0.001,0.016783121758139025,0.021243312013347716,3632,125,170,73,0.908,0.03125,0.0425,0.01825,0.09199999999999997
5114,12,314,4000,5134,0.001,0.01659609839818747,0.021217868640564436,3602,169,158,71,0.9005,0.04225,0.0395,0.01775,0.09950000000000003
5115,12,315,4000,5135,0.001,0.01656052803862516,0.021336745840426843,3619,154,163,64,0.90475,0.0385,0.04075,0.016,0.09524999999999995
5116,12,316,4000,5136,0.001,0.01680262905334003,0.021316543778131802,3606,132,186,76,0.9015,0.033,0.0465,0.019,0.09850000000000003
5117,12,317,4000,5137,0.001,0.01653407237370262,0.02134427777985387,3615,127,183,75,0.90375,0.03175,0.04575,0.01875,0.09624999999999995
5118,12,318,4000,5138,0.001,0.016590305626786605,0.021427183950810683,3646,152,142,60,0.9115,0.038,0.0355,0.015,0.08850000000000002
5119,12,319,4000,5139,0.001,0.016861137575163634,0.021611055011337418,3645,142,152,61,0.91125,0.0355,0.038,0.01525,0.08875
5120,12,320,4000,5140,0.001,0.017001848914834135,0.021493313239273806,3609,144,175,72,0.90225,0.036,0.04375,0.018,0.09775
5121,12,321,4000,5141,0.001,0.017176891986516202,0.02146360799609398,3594,154,177,75,0.8985,0.0385,0.04425,0.01875,0.10150000000000003
5122,12,322,4000,5142,0.001,0.017356879433341146,0.021597452572198483,3561,165,194,80,0.89025,0.04125,0.0485,0.02,0.10975000000000001
5123,12,323,4000,5143,0.001,0.017199343098960783,0.02162005586405452,3581,163,181,75,0.89525,0.04075,0.04525,0.01875,0.10475000000000001
5124,12,324,4000,5144,0.001,0.01687524513368013,0.021500621218408535,3624,146,169,61,0.906,0.0365,0.04225,0.01525,0.09399999999999997
5125,12,325,4000,5145,0.001,0.016946411565511698,0.02142989935154355,3625,136,172,67,0.90625,0.034,0.043,0.01675,0.09375
5126,12,326,4000,5146,0.001,0.01687483368935527,0.021498435005237827,3642,123,170,65,0.9105,0.03075,0.0425,0.01625,0.08950000000000002
5127,12,327,4000,5147,0.001,0.017023310126054708,0.021572785968254266,3585,166,182,67,0.89625,0.0415,0.0455,0.01675,0.10375000000000001
5128,12,328,4000,5148,0.001,0.01686216609472131,0.02158539236961015,3567,174,178,81,0.89175,0.0435,0.0445,0.02025,0.10824999999999996
5129,12,329,4000,5149,0.001,0.016778593050893513,0.021559552957107785,3639,142,157,62,0.90975,0.0355,0.03925,0.0155,0.09025000000000005
5130,12,330,4000,5150,0.001,0.01706971403540629,0.021551822538428488,3618,132,195,55,0.9045,0.033,0.04875,0.01375,0.09550000000000003
5131,12,331,4000,5151,0.001,0.017095026936599197,0.021617910483653652,3630,124,178,68,0.9075,0.031,0.0445,0.017,0.09250000000000003
5132,12,332,4000,5152,0.001,0.01693562327198971,0.021680017560863917,3617,150,163,70,0.90425,0.0375,0.04075,0.0175,0.09575
5133,12,333,4000,5153,0.001,0.0173299270524029,0.02182900346096179,3589,158,175,78,0.89725,0.0395,0.04375,0.0195,0.10275000000000001
5134,12,334,4000,5154,0.001,0.017307769332287653,0.022002458771817585,3628,136,169,67,0.907,0.034,0.04225,0.01675,0.09299999999999997
5135,12,335,4000,5155,0.001,0.01720097094993757,0.02197743329536589,3611,139,188,62,0.90275,0.03475,0.047,0.0155,0.09724999999999995
5136,12,336,4000,5156,0.001,0.017220161992186282,0.02196750776653683,3622,131,181,66,0.9055,0.03275,0.04525,0.0165,0.09450000000000003
5137,12,337,4000,5157,0.001,0.017304483662126835,0.02195998580098054,3594,148,166,92,0.8985,0.037,0.0415,0.023,0.10150000000000003
5138,12,338,4000,5158,0.001,0.0175403003921563,0.02213007362548657,3638,141,156,65,0.9095,0.03525,0.039,0.01625,0.09050000000000002
5139,12,339,4000,5159,0.001,0.01697690121012665,0.022140700698528314,3619,127,187,67,0.90475,0.03175,0.04675,0.01675,0.09524999999999995
5140,12,340,4000,5160,0.001,0.016721655838545537,0.02207144528532728,3624,126,185,65,0.906,0.0315,0.04625,0.01625,0.09399999999999997
5141,12,341,4000,5161,0.001,0.01636378321594609,0.022046738057760997,3603,144,173,80,0.90075,0.036,0.04325,0.02,0.09924999999999995
5142,12,342,4000,5162,0.001,0.016450281625154977,0.021974398512033144,3602,137,182,79,0.9005,0.03425,0.0455,0.01975,0.09950000000000003
5143,12,343,4000,5163,0.001,0.01653553852173116,0.02219488995012849,3602,148,188,62,0.9005,0.037,0.047,0.0155,0.09950000000000003
5144,12,344,4000,5164,0.001,0.016858073401709906,0.022321944929699536,3596,133,198,73,0.899,0.03325,0.0495,0.01825,0.10099999999999998
5145,12,345,4000,5165,0.001,0.016715617380677384,0.022314402507496424,3619,150,161,70,0.90475,0.0375,0.04025,0.0175,0.09524999999999995
5146,12,346,4000,5166,0.001,0.01657774309836268,0.022403718587397772,3591,149,189,71,0.89775,0.03725,0.04725,0.01775,0.10224999999999995
5147,12,347,4000,5167,0.001,0.016982287268303968,0.02240244176717089,3602,161,165,72,0.9005,0.04025,0.04125,0.018,0.09950000000000003
5148,12,348,4000,5168,0.001,0.017257035233892493,0.022585285034883922,3599,155,174,72,0.89975,0.03875,0.0435,0.018,0.10024999999999995
5149,12,349,4000,5169,0.001,0.0173582776872856,0.022617077743076905,3581,163,187,69,0.89525,0.04075,0.04675,0.01725,0.10475000000000001
5150,12,350,4000,5170,0.001,0.01767864774901724,0.02265273325151386,3595,162,178,65,0.89875,0.0405,0.0445,0.01625,0.10124999999999995
5151,12,351,4000,5171,0.001,0.017760683342440787,0.022862385981226793,3604,147,184,65,0.901,0.03675,0.046,0.01625,0.09899999999999998
5152,12,352,4000,5172,0.001,0.017696943973480445,0.022857638722626725,3580,164,184,72,0.895,0.041,0.046,0.018,0.10499999999999998
5153,12,353,4000,5173,0.001,0.017720849384653476,0.02282043544089496,3609,148,179,64,0.90225,0.037,0.04475,0.016,0.09775
5154,12,354,4000,5174,0.001,0.017725022535393556,0.022833892060260142,3631,140,161,68,0.90775,0.035,0.04025,0.017,0.09225000000000005
5155,12,355,4000,5175,0.001,0.017611384944092097,0.022697048805234207,3554,146,216,84,0.8885,0.0365,0.054,0.021,0.11150000000000004
5156,12,356,4000,5176,0.001,0.01783270979329369,0.022784253124600296,3576,155,216,53,0.894,0.03875,0.054,0.01325,0.10599999999999998
5157,12,357,4000,5177,0.001,0.018095231353939343,0.022762565289255268,3560,159,203,78,0.89,0.03975,0.05075,0.0195,0.10999999999999999
5158,12,358,4000,5178,0.001,0.018118298318875098,0.02280591554504682,3597,144,187,72,0.89925,0.036,0.04675,0.018,0.10075
5159,12,359,4000,5179,0.001,0.017921672424055908,0.02289649797291816,3597,162,182,59,0.89925,0.0405,0.0455,0.01475,0.10075
5160,12,360,4000,5180,0.001,0.01765301987175001,0.022989880239908396,3588,135,191,86,0.897,0.03375,0.04775,0.0215,0.10299999999999998
5161,12,361,4000,5181,0.001,0.017682441745516746,0.023132948152191128,3584,148,205,63,0.896,0.037,0.05125,0.01575,0.10399999999999998
5162,12,362,4000,5182,0.001,0.01760981917621305,0.02314687967365626,3627,142,162,69,0.90675,0.0355,0.0405,0.01725,0.09325000000000006
5163,12,363,4000,5183,0.001,0.017833040499116562,0.023115305527034433,3576,162,190,72,0.894,0.0405,0.0475,0.018,0.10599999999999998
5164,12,364,4000,5184,0.001,0.01804676475387281,0.023116170455846782,3583,172,165,80,0.89575,0.043,0.04125,0.02,0.10424999999999995
5165,12,365,4000,5185,0.001,0.017946326772984213,0.02325128133680006,3600,164,163,73,0.9,0.041,0.04075,0.01825,0.09999999999999998
5166,12,366,4000,5186,0.001,0.017939532130083993,0.02331369051510989,3596,138,182,84,0.899,0.0345,0.0455,0.021,0.10099999999999998
5167,12,367,4000,5187,0.001,0.018032173564470465,0.023392815410822478,3570,163,196,71,0.8925,0.04075,0.049,0.01775,0.10750000000000004
5168,12,368,4000,5188,0.001,0.01837295836410025,0.0233918335348276,3539,178,199,84,0.88475,0.0445,0.04975,0.021,0.11524999999999996
5169,12,369,4000,5189,0.001,0.01821532580094671,0.023428780267266247,3593,154,179,74,0.89825,0.0385,0.04475,0.0185,0.10175000000000001
5170,12,370,4000,5190,0.001,0.01813483652694964,0.023542566545023215,3580,139,199,82,0.895,0.03475,0.04975,0.0205,0.10499999999999998
5171,12,371,4000,5191,0.001,0.01807323121763303,0.023627659113047785,3556,155,213,76,0.889,0.03875,0.05325,0.019,0.11099999999999999
5172,12,372,4000,5192,0.001,0.018025653230574826,0.023767410560302786,3576,166,191,67,0.894,0.0415,0.04775,0.01675,0.10599999999999998
5173,12,373,4000,5193,0.001,0.018288463303377356,0.024039581575305204,3586,172,185,57,0.8965,0.043,0.04625,0.01425,0.10350000000000004
5174,12,374,4000,5194,0.001,0.018353836775986298,0.024025066062887554,3593,134,201,72,0.89825,0.0335,0.05025,0.018,0.10175000000000001
5175,12,375,4000,5195,0.001,0.01852725225481031,0.02408548074113041,3574,162,188,76,0.8935,0.0405,0.047,0.019,0.10650000000000004
5176,12,376,4000,5196,0.001,0.01858522519339163,0.02424060406999084,3570,176,189,65,0.8925,0.044,0.04725,0.01625,0.10750000000000004
5177,12,377,4000,5197,0.001,0.018685072986193655,0.024230609445349525,3586,154,201,59,0.8965,0.0385,0.05025,0.01475,0.10350000000000004
5178,12,378,4000,5198,0.001,0.018878224293282442,0.02447585808150706,3568,156,203,73,0.892,0.039,0.05075,0.01825,0.10799999999999998
5179,12,379,4000,5199,0.001,0.018387327360305093,0.024530225833465685,3572,157,189,82,0.893,0.03925,0.04725,0.0205,0.10699999999999998
5180,12,380,4000,5200,0.001,0.018547066728455932,0.024648229573334474,3585,154,178,83,0.89625,0.0385,0.0445,0.02075,0.10375000000000001
5181,12,381,4000,5201,0.001,0.01875571606902782,0.02469356325121091,3574,165,190,71,0.8935,0.04125,0.0475,0.01775,0.10650000000000004
5182,12,382,4000,5202,0.001,0.018752412535288792,0.024609738659166578,3612,153,176,59,0.903,0.03825,0.044,0.01475,0.09699999999999998
5183,12,383,4000,5203,0.001,0.018665513635539574,0.024647604663757886,3574,164,189,73,0.8935,0.041,0.04725,0.01825,0.10650000000000004
5184,12,384,4000,5204,0.001,0.019017257476845253,0.024734849872927196,3572,183,175,70,0.893,0.04575,0.04375,0.0175,0.10699999999999998
5185,12,385,4000,5205,0.001,0.019304638411255903,0.02488285935582753,3572,159,183,86,0.893,0.03975,0.04575,0.0215,0.10699999999999998
5186,12,386,4000,5206,0.001,0.019158858450898302,0.024990392981436235,3597,146,192,65,0.89925,0.0365,0.048,0.01625,0.10075
5187,12,387,4000,5207,0.001,0.019395498577246602,0.024941287197985287,3566,172,189,73,0.8915,0.043,0.04725,0.01825,0.10850000000000004
5188,12,388,4000,5208,0.001,0.01954066081143698,0.02490798914380594,3592,153,181,74,0.898,0.03825,0.04525,0.0185,0.10199999999999998
5189,12,389,4000,5209,0.001,0.019717733281117852,0.024922088116905494,3573,150,190,87,0.89325,0.0375,0.0475,0.02175,0.10675000000000001
5190,12,390,4000,5210,0.001,0.019878131651909513,0.024948085581599232,3548,177,212,63,0.887,0.04425,0.053,0.01575,0.11299999999999999
5191,12,391,4000,5211,0.001,0.019939412611687357,0.02500372170747223,3523,174,220,83,0.88075,0.0435,0.055,0.02075,0.11924999999999997
5192,12,392,4000,5212,0.001,0.019715987608599987,0.025137282097389246,3567,172,192,69,0.89175,0.043,0.048,0.01725,0.10824999999999996
5193,12,393,4000,5213,0.001,0.019383820106667327,0.02532056149890654,3584,143,200,73,0.896,0.03575,0.05,0.01825,0.10399999999999998
5194,12,394,4000,5214,0.001,0.01944011905125464,0.025291531209889702,3546,169,204,81,0.8865,0.04225,0.051,0.02025,0.11350000000000005
5195,12,395,4000,5215,0.001,0.019712824713234576,0.02525293454980087,3532,179,215,74,0.883,0.04475,0.05375,0.0185,0.11699999999999999
5196,12,396,4000,5216,0.001,0.02007147400147997,0.02540805609732408,3540,167,217,76,0.885,0.04175,0.05425,0.019,0.11499999999999999
5197,12,397,4000,5217,0.001,0.019874823878367687,0.02533134375048407,3545,149,211,95,0.88625,0.03725,0.05275,0.02375,0.11375000000000002
5198,12,398,4000,5218,0.001,0.02017123958927457,0.02528636816896982,3571,162,184,83,0.89275,0.0405,0.046,0.02075,0.10724999999999996
5199,12,399,4000,5219,0.001,0.020369568721807806,0.025274329639310863,3565,159,187,89,0.89125,0.03975,0.04675,0.02225,0.10875000000000001
5200,13,0,4000,5221,0.001,0.01017865770962389,0.020063134779744782,3697,118,140,45,0.92425,0.0295,0.035,0.01125,0.07574999999999998
5201,13,1,4000,5222,0.001,0.010448589143503413,0.019902392610242924,3710,119,134,37,0.9275,0.02975,0.0335,0.00925,0.07250000000000001
5202,13,2,4000,5223,0.001,0.010786294600751672,0.020076231733203376,3704,107,140,49,0.926,0.02675,0.035,0.01225,0.07399999999999995
5203,13,3,4000,5224,0.001,0.010915099287404013,0.02019012499397969,3695,116,145,44,0.92375,0.029,0.03625,0.011,0.07625000000000004
5204,13,4,4000,5225,0.001,0.010907478719418478,0.019996458126196277,3700,116,143,41,0.925,0.029,0.03575,0.01025,0.07499999999999996
5205,13,5,4000,5226,0.001,0.010884753399782678,0.020174192382782407,3714,126,123,37,0.9285,0.0315,0.03075,0.00925,0.07150000000000001
5206,13,6,4000,5227,0.001,0.010532094322779986,0.020267004733625964,3713,122,129,36,0.92825,0.0305,0.03225,0.009,0.07174999999999998
5207,13,7,4000,5228,0.001,0.010657265915520091,0.020165596171062585,3693,128,123,56,0.92325,0.032,0.03075,0.014,0.07674999999999998
5208,13,8,4000,5229,0.001,0.010951892159896838,0.020278396913566036,3653,122,186,39,0.91325,0.0305,0.0465,0.00975,0.08675
5209,13,9,4000,5230,0.001,0.010757063997000332,0.020284633273602838,3692,109,146,53,0.923,0.02725,0.0365,0.01325,0.07699999999999996
5210,13,10,4000,5231,0.001,0.010691211396250316,0.02028565020105792,3706,128,130,36,0.9265,0.032,0.0325,0.009,0.07350000000000001
5211,13,11,4000,5232,0.001,0.010661570740706302,0.020284102958547188,3694,117,129,60,0.9235,0.02925,0.03225,0.015,0.07650000000000001
5212,13,12,4000,5233,0.001,0.010863484315801628,0.020186141348686064,3709,114,137,40,0.92725,0.0285,0.03425,0.01,0.07274999999999998
5213,13,13,4000,5234,0.001,0.010858138788840304,0.020161604141741604,3711,114,131,44,0.92775,0.0285,0.03275,0.011,0.07225000000000004
5214,13,14,4000,5235,0.001,0.01065246418079833,0.020146933013138073,3718,111,126,45,0.9295,0.02775,0.0315,0.01125,0.07050000000000001
5215,13,15,4000,5236,0.001,0.01052730569580417,0.020154391864239056,3695,128,143,34,0.92375,0.032,0.03575,0.0085,0.07625000000000004
5216,13,16,4000,5237,0.001,0.010028892733855946,0.02017859730222053,3669,124,165,42,0.91725,0.031,0.04125,0.0105,0.08274999999999999
5217,13,17,4000,5238,0.001,0.010085254256353749,0.02018896182222511,3715,113,132,40,0.92875,0.02825,0.033,0.01,0.07125000000000004
5218,13,18,4000,5239,0.001,0.010139412876993258,0.020051501455290367,3694,119,143,44,0.9235,0.02975,0.03575,0.011,0.07650000000000001
5219,13,19,4000,5240,0.001,0.010253336521380182,0.01997218749636153,3723,107,130,40,0.93075,0.02675,0.0325,0.01,0.06925000000000003
5220,13,20,4000,5241,0.001,0.009797939194809858,0.020095583167822312,3719,123,111,47,0.92975,0.03075,0.02775,0.01175,0.07025000000000003
5221,13,21,4000,5242,0.001,0.009247419120660133,0.020123176252639877,3721,114,120,45,0.93025,0.0285,0.03,0.01125,0.06974999999999998
5222,13,22,4000,5243,0.001,0.009272653988405362,0.020167035764213342,3736,117,112,35,0.934,0.02925,0.028,0.00875,0.06599999999999995
5223,13,23,4000,5244,0.001,0.010072186884511239,0.020066594850131413,3724,107,136,33,0.931,0.02675,0.034,0.00825,0.06899999999999995
5224,13,24,4000,5245,0.001,0.009893980590908949,0.020111171052438526,3693,124,151,32,0.92325,0.031,0.03775,0.008,0.07674999999999998
5225,13,25,4000,5246,0.001,0.009584983641102829,0.020244851026493448,3726,110,131,33,0.9315,0.0275,0.03275,0.00825,0.0685
5226,13,26,4000,5247,0.001,0.009804536325539584,0.020276690515336364,3724,105,126,45,0.931,0.02625,0.0315,0.01125,0.06899999999999995
5227,13,27,4000,5248,0.001,0.010077024047831767,0.020200690398276024,3739,108,120,33,0.93475,0.027,0.03,0.00825,0.06525000000000003
5228,13,28,4000,5249,0.001,0.009953521406051737,0.020175430867051463,3722,105,137,36,0.9305,0.02625,0.03425,0.009,0.0695
5229,13,29,4000,5250,0.001,0.009867380349893899,0.020211972267169045,3706,119,138,37,0.9265,0.02975,0.0345,0.00925,0.07350000000000001
5230,13,30,4000,5251,0.001,0.00973859455516204,0.020148352581882394,3712,119,125,44,0.928,0.02975,0.03125,0.011,0.07199999999999995
5231,13,31,4000,5252,0.001,0.009979498973209183,0.020054028066956855,3703,133,127,37,0.92575,0.03325,0.03175,0.00925,0.07425000000000004
5232,13,32,4000,5253,0.001,0.009427723506090531,0.019867017093580068,3702,122,134,42,0.9255,0.0305,0.0335,0.0105,0.07450000000000001
5233,13,33,4000,5254,0.001,0.00950699931835383,0.020093757986873344,3716,113,129,42,0.929,0.02825,0.03225,0.0105,0.07099999999999995
5234,13,34,4000,5255,0.001,0.00934859576572259,0.02005052055771256,3720,101,136,43,0.93,0.02525,0.034,0.01075,0.06999999999999995
5235,13,35,4000,5256,0.001,0.009350397537037064,0.02003077442054216,3710,111,140,39,0.9275,0.02775,0.035,0.00975,0.07250000000000001
5236,13,36,4000,5257,0.001,0.009497062932839662,0.01990207759095947,3707,124,134,35,0.92675,0.031,0.0335,0.00875,0.07325000000000004
5237,13,37,4000,5258,0.001,0.009610641615204338,0.020031291971941215,3720,116,122,42,0.93,0.029,0.0305,0.0105,0.06999999999999995
5238,13,38,4000,5259,0.001,0.009718701563631853,0.019981417020495745,3718,124,119,39,0.9295,0.031,0.02975,0.00975,0.07050000000000001
5239,13,39,4000,5260,0.001,0.009797148154257612,0.019967780902222558,3710,137,118,35,0.9275,0.03425,0.0295,0.00875,0.07250000000000001
5240,13,40,4000,5261,0.001,0.009679862519989455,0.020090526027364327,3724,107,138,31,0.931,0.02675,0.0345,0.00775,0.06899999999999995
5241,13,41,4000,5262,0.001,0.00982907550299435,0.0202334858426182,3703,116,155,26,0.92575,0.029,0.03875,0.0065,0.07425000000000004
5242,13,42,4000,5263,0.001,0.009837503097294508,0.02020900931550665,3717,127,111,45,0.92925,0.03175,0.02775,0.01125,0.07074999999999998
5243,13,43,4000,5264,0.001,0.010095651672717417,0.020241802303577847,3694,114,125,67,0.9235,0.0285,0.03125,0.01675,0.07650000000000001
5244,13,44,4000,5265,0.001,0.010033176290432237,0.020403156133338905,3689,137,136,38,0.92225,0.03425,0.034,0.0095,0.07774999999999999
5245,13,45,4000,5266,0.001,0.010279579995694482,0.02047618795377103,3694,130,131,45,0.9235,0.0325,0.03275,0.01125,0.07650000000000001
5246,13,46,4000,5267,0.001,0.01019946959750901,0.02037831278659387,3700,113,148,39,0.925,0.02825,0.037,0.00975,0.07499999999999996
5247,13,47,4000,5268,0.001,0.010241227442962244,0.020355029775799623,3701,109,153,37,0.92525,0.02725,0.03825,0.00925,0.07474999999999998
5248,13,48,4000,5269,0.001,0.010123402412999354,0.02031879004271397,3703,109,142,46,0.92575,0.02725,0.0355,0.0115,0.07425000000000004
5249,13,49,4000,5270,0.001,0.010231704735049366,0.020229389898374132,3692,135,134,39,0.923,0.03375,0.0335,0.00975,0.07699999999999996
5250,13,50,4000,5271,0.001,0.010348782811964857,0.020076587315260238,3730,118,117,35,0.9325,0.0295,0.02925,0.00875,0.0675
5251,13,51,4000,5272,0.001,0.010343816049157609,0.020083395582136492,3725,110,116,49,0.93125,0.0275,0.029,0.01225,0.06874999999999998
5252,13,52,4000,5273,0.001,0.0104806247345948,0.02002940524586464,3685,129,137,49,0.92125,0.03225,0.03425,0.01225,0.07874999999999999
5253,13,53,4000,5274,0.001,0.010730258716327283,0.020121868751475643,3704,114,135,47,0.926,0.0285,0.03375,0.01175,0.07399999999999995
5254,13,54,4000,5275,0.001,0.011018563758275104,0.0203237374189796,3699,119,151,31,0.92475,0.02975,0.03775,0.00775,0.07525000000000004
5255,13,55,4000,5276,0.001,0.011082562820247803,0.02023101648156361,3692,126,135,47,0.923,0.0315,0.03375,0.01175,0.07699999999999996
5256,13,56,4000,5277,0.001,0.01113047217061439,0.02022010936295543,3687,129,141,43,0.92175,0.03225,0.03525,0.01075,0.07825000000000004
5257,13,57,4000,5278,0.001,0.011295489149306398,0.020220775287944054,3693,120,140,47,0.92325,0.03,0.035,0.01175,0.07674999999999998
5258,13,58,4000,5279,0.001,0.011513985317861724,0.020293372419140383,3688,119,147,46,0.922,0.02975,0.03675,0.0115,0.07799999999999996
5259,13,59,4000,5280,0.001,0.011568445754694064,0.02018892080864665,3718,97,141,44,0.9295,0.02425,0.03525,0.011,0.07050000000000001
5260,13,60,4000,5281,0.001,0.011647824309292874,0.020181197074872523,3683,115,147,55,0.92075,0.02875,0.03675,0.01375,0.07925000000000004
5261,13,61,4000,5282,0.001,0.011637203416600347,0.020127678683638926,3679,108,168,45,0.91975,0.027,0.042,0.01125,0.08025000000000004
5262,13,62,4000,5283,0.001,0.011417694206172797,0.020102896302109083,3704,107,150,39,0.926,0.02675,0.0375,0.00975,0.07399999999999995
5263,13,63,4000,5284,0.001,0.011144765340193381,0.020182324357625018,3716,118,116,50,0.929,0.0295,0.029,0.0125,0.07099999999999995
5264,13,64,4000,5285,0.001,0.010872668650943476,0.020237253085754154,3685,113,157,45,0.92125,0.02825,0.03925,0.01125,0.07874999999999999
5265,13,65,4000,5286,0.001,0.011038544454189203,0.020176712667186673,3705,106,149,40,0.92625,0.0265,0.03725,0.01,0.07374999999999998
5266,13,66,4000,5287,0.001,0.01111573267550651,0.020096015462631664,3703,100,158,39,0.92575,0.025,0.0395,0.00975,0.07425000000000004
5267,13,67,4000,5288,0.001,0.010680681993250472,0.020036004945643594,3686,126,151,37,0.9215,0.0315,0.03775,0.00925,0.07850000000000001
5268,13,68,4000,5289,0.001,0.010708231127549402,0.020037437877530154,3704,109,134,53,0.926,0.02725,0.0335,0.01325,0.07399999999999995
5269,13,69,4000,5290,0.001,0.010716627094584848,0.020080502790887134,3724,95,127,54,0.931,0.02375,0.03175,0.0135,0.06899999999999995
5270,13,70,4000,5291,0.001,0.010819353341084565,0.020083713679619714,3718,107,132,43,0.9295,0.02675,0.033,0.01075,0.07050000000000001
5271,13,71,4000,5292,0.001,0.011333515886827787,0.020307043639911808,3692,122,149,37,0.923,0.0305,0.03725,0.00925,0.07699999999999996
5272,13,72,4000,5293,0.001,0.011482840891485132,0.02040641623022021,3688,112,164,36,0.922,0.028,0.041,0.009,0.07799999999999996
5273,13,73,4000,5294,0.001,0.011244212633398351,0.020458969798251687,3698,107,151,44,0.9245,0.02675,0.03775,0.011,0.07550000000000001
5274,13,74,4000,5295,0.001,0.01109053644414795,0.020565854021406097,3681,127,149,43,0.92025,0.03175,0.03725,0.01075,0.07974999999999999
5275,13,75,4000,5296,0.001,0.010907654677547667,0.020394278096423964,3693,118,136,53,0.92325,0.0295,0.034,0.01325,0.07674999999999998
5276,13,76,4000,5297,0.001,0.01080295208648642,0.020354423007676207,3684,118,140,58,0.921,0.0295,0.035,0.0145,0.07899999999999996
5277,13,77,4000,5298,0.001,0.010690151055502818,0.020327570150784315,3692,115,150,43,0.923,0.02875,0.0375,0.01075,0.07699999999999996
5278,13,78,4000,5299,0.001,0.010978414954663892,0.02062413133581155,3702,118,137,43,0.9255,0.0295,0.03425,0.01075,0.07450000000000001
5279,13,79,4000,5300,0.001,0.010993514928434839,0.020754571669511487,3700,111,144,45,0.925,0.02775,0.036,0.01125,0.07499999999999996
5280,13,80,4000,5301,0.001,0.011129807859418733,0.020870710006638402,3689,123,136,52,0.92225,0.03075,0.034,0.013,0.07774999999999999
5281,13,81,4000,5302,0.001,0.011048638422805394,0.020821232480546147,3700,121,145,34,0.925,0.03025,0.03625,0.0085,0.07499999999999996
5282,13,82,4000,5303,0.001,0.01107972085790571,0.020844049821831,3679,143,132,46,0.91975,0.03575,0.033,0.0115,0.08025000000000004
5283,13,83,4000,5304,0.001,0.011035667266079886,0.020772693097992418,3704,105,137,54,0.926,0.02625,0.03425,0.0135,0.07399999999999995
5284,13,84,4000,5305,0.001,0.011077418051178473,0.020720349382328532,3704,119,140,37,0.926,0.02975,0.035,0.00925,0.07399999999999995
5285,13,85,4000,5306,0.001,0.010981545808357966,0.020520579993519097,3713,111,123,53,0.92825,0.02775,0.03075,0.01325,0.07174999999999998
5286,13,86,4000,5307,0.001,0.011207639694155868,0.020533370152319604,3689,136,141,34,0.92225,0.034,0.03525,0.0085,0.07774999999999999
5287,13,87,4000,5308,0.001,0.011018057367623221,0.02061762623997077,3711,113,126,50,0.92775,0.02825,0.0315,0.0125,0.07225000000000004
5288,13,88,4000,5309,0.001,0.010901753634580368,0.02067818179040869,3674,108,169,49,0.9185,0.027,0.04225,0.01225,0.08150000000000002
5289,13,89,4000,5310,0.001,0.010662905703378446,0.020722565414902996,3675,132,151,42,0.91875,0.033,0.03775,0.0105,0.08125000000000004
5290,13,90,4000,5311,0.001,0.010542429498831312,0.02060804893841994,3748,108,117,27,0.937,0.027,0.02925,0.00675,0.06299999999999994
5291,13,91,4000,5312,0.001,0.010675460230519967,0.020666454542347765,3674,138,151,37,0.9185,0.0345,0.03775,0.00925,0.08150000000000002
5292,13,92,4000,5313,0.001,0.010667145496361805,0.020663539488348905,3685,113,154,48,0.92125,0.02825,0.0385,0.012,0.07874999999999999
5293,13,93,4000,5314,0.001,0.010633886100630872,0.020728881402587503,3691,121,139,49,0.92275,0.03025,0.03475,0.01225,0.07725000000000004
5294,13,94,4000,5315,0.001,0.0107552641639388,0.020486998439994596,3700,112,137,51,0.925,0.028,0.03425,0.01275,0.07499999999999996
5295,13,95,4000,5316,0.001,0.01087033820972037,0.02055129459375859,3712,122,119,47,0.928,0.0305,0.02975,0.01175,0.07199999999999995
5296,13,96,4000,5317,0.001,0.010928912003776835,0.02066376688433335,3687,122,151,40,0.92175,0.0305,0.03775,0.01,0.07825000000000004
5297,13,97,4000,5318,0.001,0.01096522893364659,0.0206640483679117,3693,122,137,48,0.92325,0.0305,0.03425,0.012,0.07674999999999998
5298,13,98,4000,5319,0.001,0.01100283946587714,0.020551693495110886,3680,116,155,49,0.92,0.029,0.03875,0.01225,0.07999999999999996
5299,13,99,4000,5320,0.001,0.011015596849598812,0.02043417493963925,3712,112,124,52,0.928,0.028,0.031,0.013,0.07199999999999995
5300,13,100,4000,5321,0.001,0.011280415496664052,0.020375469690202992,3721,110,137,32,0.93025,0.0275,0.03425,0.008,0.06974999999999998
5301,13,101,4000,5322,0.001,0.011522934826664423,0.020397498324048045,3708,114,124,54,0.927,0.0285,0.031,0.0135,0.07299999999999995
5302,13,102,4000,5323,0.001,0.011386757567489782,0.020326292303056027,3701,102,155,42,0.92525,0.0255,0.03875,0.0105,0.07474999999999998
5303,13,103,4000,5324,0.001,0.01149052788338001,0.020306955100303652,3671,130,152,47,0.91775,0.0325,0.038,0.01175,0.08225000000000005
5304,13,104,4000,5325,0.001,0.01147860031624947,0.020333700257784654,3683,136,144,37,0.92075,0.034,0.036,0.00925,0.07925000000000004
5305,13,105,4000,5326,0.001,0.011453137347491777,0.020271980873896662,3698,115,143,44,0.9245,0.02875,0.03575,0.011,0.07550000000000001
5306,13,106,4000,5327,0.001,0.011532223713283858,0.020554409782075143,3697,110,142,51,0.92425,0.0275,0.0355,0.01275,0.07574999999999998
5307,13,107,4000,5328,0.001,0.011668566949271316,0.020638515720648284,3730,113,121,36,0.9325,0.02825,0.03025,0.009,0.0675
5308,13,108,4000,5329,0.001,0.011258387511098691,0.02082312631600762,3679,125,156,40,0.91975,0.03125,0.039,0.01,0.08025000000000004
5309,13,109,4000,5330,0.001,0.011662517626621079,0.02090561394662569,3693,135,125,47,0.92325,0.03375,0.03125,0.01175,0.07674999999999998
5310,13,110,4000,5331,0.001,0.011697940612104977,0.020980845437757842,3648,140,156,56,0.912,0.035,0.039,0.014,0.08799999999999997
5311,13,111,4000,5332,0.001,0.011545154331972543,0.020851996892962334,3675,129,150,46,0.91875,0.03225,0.0375,0.0115,0.08125000000000004
5312,13,112,4000,5333,0.001,0.011701030935973078,0.020707658883090257,3704,122,129,45,0.926,0.0305,0.03225,0.01125,0.07399999999999995
5313,13,113,4000,5334,0.001,0.011569450955464305,0.020719638714812454,3693,114,146,47,0.92325,0.0285,0.0365,0.01175,0.07674999999999998
5314,13,114,4000,5335,0.001,0.011384187136875158,0.020707030951883306,3690,118,138,54,0.9225,0.0295,0.0345,0.0135,0.07750000000000001
5315,13,115,4000,5336,0.001,0.011056521917729914,0.020719065235553738,3687,128,138,47,0.92175,0.032,0.0345,0.01175,0.07825000000000004
5316,13,116,4000,5337,0.001,0.011002058853939723,0.020668241861184922,3692,129,135,44,0.923,0.03225,0.03375,0.011,0.07699999999999996
5317,13,117,4000,5338,0.001,0.011422339017138709,0.020596665599894627,3669,127,158,46,0.91725,0.03175,0.0395,0.0115,0.08274999999999999
5318,13,118,4000,5339,0.001,0.011325652896135052,0.02072614029305454,3714,107,131,48,0.9285,0.02675,0.03275,0.012,0.07150000000000001
5319,13,119,4000,5340,0.001,0.011470904115661441,0.020598979093673225,3705,119,132,44,0.92625,0.02975,0.033,0.011,0.07374999999999998
5320,13,120,4000,5341,0.001,0.011422748000491992,0.020488162250789782,3684,133,150,33,0.921,0.03325,0.0375,0.00825,0.07899999999999996
5321,13,121,4000,5342,0.001,0.011924306818679356,0.020717039546021956,3683,127,149,41,0.92075,0.03175,0.03725,0.01025,0.07925000000000004
5322,13,122,4000,5343,0.001,0.012523075735761464,0.020792349574942515,3654,145,155,46,0.9135,0.03625,0.03875,0.0115,0.08650000000000002
5323,13,123,4000,5344,0.001,0.012712647937221539,0.02074829165785526,3695,119,134,52,0.92375,0.02975,0.0335,0.013,0.07625000000000004
5324,13,124,4000,5345,0.001,0.012707337463319578,0.020695759247273324,3662,120,164,54,0.9155,0.03,0.041,0.0135,0.08450000000000002
5325,13,125,4000,5346,0.001,0.012652627101418488,0.02063274736488257,3671,125,154,50,0.91775,0.03125,0.0385,0.0125,0.08225000000000005
5326,13,126,4000,5347,0.001,0.012360146173168721,0.020706328695982462,3676,126,152,46,0.919,0.0315,0.038,0.0115,0.08099999999999996
5327,13,127,4000,5348,0.001,0.012204709996949526,0.020720243809828738,3699,115,136,50,0.92475,0.02875,0.034,0.0125,0.07525000000000004
5328,13,128,4000,5349,0.001,0.012231160771925379,0.020670450498895255,3680,115,148,57,0.92,0.02875,0.037,0.01425,0.07999999999999996
5329,13,129,4000,5350,0.001,0.012460381935770573,0.020670211787484776,3692,127,130,51,0.923,0.03175,0.0325,0.01275,0.07699999999999996
5330,13,130,4000,5351,0.001,0.012416529693733037,0.02079796428343744,3664,118,148,70,0.916,0.0295,0.037,0.0175,0.08399999999999996
5331,13,131,4000,5352,0.001,0.012209991646685597,0.02080321007237994,3673,136,146,45,0.91825,0.034,0.0365,0.01125,0.08174999999999999
5332,13,132,4000,5353,0.001,0.012121142774332776,0.020738095693525273,3700,117,136,47,0.925,0.02925,0.034,0.01175,0.07499999999999996
5333,13,133,4000,5354,0.001,0.012310124168580072,0.020738341346268598,3731,97,127,45,0.93275,0.02425,0.03175,0.01125,0.06725000000000003
5334,13,134,4000,5355,0.001,0.01242037459929275,0.020711902348750096,3678,110,150,62,0.9195,0.0275,0.0375,0.0155,0.08050000000000002
5335,13,135,4000,5356,0.001,0.01237602099253301,0.02064171694491604,3663,128,150,59,0.91575,0.032,0.0375,0.01475,0.08425000000000005
5336,13,136,4000,5357,0.001,0.012223721662684126,0.02074202368423616,3680,124,140,56,0.92,0.031,0.035,0.014,0.07999999999999996
5337,13,137,4000,5358,0.001,0.012650731183115282,0.020414904923140118,3657,130,167,46,0.91425,0.0325,0.04175,0.0115,0.08574999999999999
5338,13,138,4000,5359,0.001,0.012416885909839456,0.02059886616362729,3659,127,167,47,0.91475,0.03175,0.04175,0.01175,0.08525000000000005
5339,13,139,4000,5360,0.001,0.012191343909852938,0.020656985439366136,3692,117,142,49,0.923,0.02925,0.0355,0.01225,0.07699999999999996
5340,13,140,4000,5361,0.001,0.011980843190258187,0.02059267153418449,3688,118,149,45,0.922,0.0295,0.03725,0.01125,0.07799999999999996
5341,13,141,4000,5362,0.001,0.012130803191371194,0.02051359768229005,3717,116,129,38,0.92925,0.029,0.03225,0.0095,0.07074999999999998
5342,13,142,4000,5363,0.001,0.01242811402988609,0.020620462939004946,3689,111,154,46,0.92225,0.02775,0.0385,0.0115,0.07774999999999999
5343,13,143,4000,5364,0.001,0.0123199306875725,0.0206820012881848,3678,138,134,50,0.9195,0.0345,0.0335,0.0125,0.08050000000000002
5344,13,144,4000,5365,0.001,0.012746624952128706,0.020667534721917204,3675,133,144,48,0.91875,0.03325,0.036,0.012,0.08125000000000004
5345,13,145,4000,5366,0.001,0.012594223016403356,0.020575735030296364,3698,105,143,54,0.9245,0.02625,0.03575,0.0135,0.07550000000000001
5346,13,146,4000,5367,0.001,0.012576772076877962,0.020572733559051794,3668,117,156,59,0.917,0.02925,0.039,0.01475,0.08299999999999996
5347,13,147,4000,5368,0.001,0.01228332128205994,0.020624228770342652,3661,137,145,57,0.91525,0.03425,0.03625,0.01425,0.08474999999999999
5348,13,148,4000,5369,0.001,0.012371909019032644,0.020656901102644253,3697,93,164,46,0.92425,0.02325,0.041,0.0115,0.07574999999999998
5349,13,149,4000,5370,0.001,0.012495835018105573,0.020818237116695237,3649,134,162,55,0.91225,0.0335,0.0405,0.01375,0.08775
5350,13,150,4000,5371,0.001,0.0122836921872608,0.0208694827387123,3659,124,168,49,0.91475,0.031,0.042,0.01225,0.08525000000000005
5351,13,151,4000,5372,0.001,0.012317754009456207,0.02073315605542834,3669,124,153,54,0.91725,0.031,0.03825,0.0135,0.08274999999999999
5352,13,152,4000,5373,0.001,0.01225890756011573,0.020600024772868,3651,127,161,61,0.91275,0.03175,0.04025,0.01525,0.08725000000000005
5353,13,153,4000,5374,0.001,0.012226445125617658,0.02053420750744052,3670,112,152,66,0.9175,0.028,0.038,0.0165,0.08250000000000002
5354,13,154,4000,5375,0.001,0.012415999620072936,0.020482360886458467,3667,120,161,52,0.91675,0.03,0.04025,0.013,0.08325000000000005
5355,13,155,4000,5376,0.001,0.01234078266333311,0.020318222891156146,3683,134,135,48,0.92075,0.0335,0.03375,0.012,0.07925000000000004
5356,13,156,4000,5377,0.001,0.012370982112692724,0.020349899384480896,3706,100,144,50,0.9265,0.025,0.036,0.0125,0.07350000000000001
5357,13,157,4000,5378,0.001,0.01245422630822092,0.02040916964320556,3690,123,138,49,0.9225,0.03075,0.0345,0.01225,0.07750000000000001
5358,13,158,4000,5379,0.001,0.012339392993077812,0.020390134243696408,3709,110,131,50,0.92725,0.0275,0.03275,0.0125,0.07274999999999998
5359,13,159,4000,5380,0.001,0.012425848667053027,0.020590840860018375,3662,127,151,60,0.9155,0.03175,0.03775,0.015,0.08450000000000002
5360,13,160,4000,5381,0.001,0.012524327144837208,0.020666546294503624,3695,106,147,52,0.92375,0.0265,0.03675,0.013,0.07625000000000004
5361,13,161,4000,5382,0.001,0.012475126949875301,0.02068033431635624,3690,122,129,59,0.9225,0.0305,0.03225,0.01475,0.07750000000000001
5362,13,162,4000,5383,0.001,0.012483603770499799,0.0206455016516082,3648,142,166,44,0.912,0.0355,0.0415,0.011,0.08799999999999997
5363,13,163,4000,5384,0.001,0.012119926480800947,0.020691844442504673,3704,126,138,32,0.926,0.0315,0.0345,0.008,0.07399999999999995
5364,13,164,4000,5385,0.001,0.011857776007408746,0.020650802863643073,3639,129,169,63,0.90975,0.03225,0.04225,0.01575,0.09025000000000005
5365,13,165,4000,5386,0.001,0.012283136003410272,0.020588458963661366,3658,134,165,43,0.9145,0.0335,0.04125,0.01075,0.08550000000000002
5366,13,166,4000,5387,0.001,0.012395197235192865,0.02088991765910064,3670,123,154,53,0.9175,0.03075,0.0385,0.01325,0.08250000000000002
5367,13,167,4000,5388,0.001,0.012576252071644284,0.02115074847913033,3678,137,135,50,0.9195,0.03425,0.03375,0.0125,0.08050000000000002
5368,13,168,4000,5389,0.001,0.012795333905247508,0.02129384130656285,3675,123,151,51,0.91875,0.03075,0.03775,0.01275,0.08125000000000004
5369,13,169,4000,5390,0.001,0.013060888424564276,0.02129082833112197,3657,123,167,53,0.91425,0.03075,0.04175,0.01325,0.08574999999999999
5370,13,170,4000,5391,0.001,0.012901357179810094,0.021356788476437478,3654,148,139,59,0.9135,0.037,0.03475,0.01475,0.08650000000000002
5371,13,171,4000,5392,0.001,0.012807853384898444,0.021344095950511205,3649,146,144,61,0.91225,0.0365,0.036,0.01525,0.08775
5372,13,172,4000,5393,0.001,0.012647998028117054,0.021265989051555242,3700,114,133,53,0.925,0.0285,0.03325,0.01325,0.07499999999999996
5373,13,173,4000,5394,0.001,0.012590053445795462,0.021126758470106838,3670,118,166,46,0.9175,0.0295,0.0415,0.0115,0.08250000000000002
5374,13,174,4000,5395,0.001,0.012604313120585775,0.021057213178639417,3676,129,151,44,0.919,0.03225,0.03775,0.011,0.08099999999999996
5375,13,175,4000,5396,0.001,0.012657788230138113,0.021045201748812692,3686,121,148,45,0.9215,0.03025,0.037,0.01125,0.07850000000000001
5376,13,176,4000,5397,0.001,0.012881025503814725,0.02113281595224169,3665,128,152,55,0.91625,0.032,0.038,0.01375,0.08374999999999999
5377,13,177,4000,5398,0.001,0.012886216114712351,0.02119667100407581,3654,141,149,56,0.9135,0.03525,0.03725,0.014,0.08650000000000002
5378,13,178,4000,5399,0.001,0.012720095065402105,0.021077774708369388,3719,115,135,31,0.92975,0.02875,0.03375,0.00775,0.07025000000000003
5379,13,179,4000,5400,0.001,0.012758604361839334,0.021059785686839753,3678,131,150,41,0.9195,0.03275,0.0375,0.01025,0.08050000000000002
5380,13,180,4000,5401,0.001,0.012620309081921188,0.021271294661275086,3703,117,140,40,0.92575,0.02925,0.035,0.01,0.07425000000000004
5381,13,181,4000,5402,0.001,0.012853410275675133,0.021458231929430412,3615,155,172,58,0.90375,0.03875,0.043,0.0145,0.09624999999999995
5382,13,182,4000,5403,0.001,0.012891170335158263,0.021652626477023505,3648,135,159,58,0.912,0.03375,0.03975,0.0145,0.08799999999999997
5383,13,183,4000,5404,0.001,0.012978822477719813,0.021624191879867725,3649,140,152,59,0.91225,0.035,0.038,0.01475,0.08775
5384,13,184,4000,5405,0.001,0.013195151650325053,0.0215333841055572,3656,124,170,50,0.914,0.031,0.0425,0.0125,0.08599999999999997
5385,13,185,4000,5406,0.001,0.013216578361189639,0.02162131562544113,3666,129,131,74,0.9165,0.03225,0.03275,0.0185,0.08350000000000002
5386,13,186,4000,5407,0.001,0.012816173685334343,0.021618758774965746,3672,131,142,55,0.918,0.03275,0.0355,0.01375,0.08199999999999996
5387,13,187,4000,5408,0.001,0.012886462124211403,0.021534394140637476,3659,130,160,51,0.91475,0.0325,0.04,0.01275,0.08525000000000005
5388,13,188,4000,5409,0.001,0.012779332258175773,0.021625474771246125,3664,148,140,48,0.916,0.037,0.035,0.012,0.08399999999999996
5389,13,189,4000,5410,0.001,0.012591362204852389,0.02172717148074489,3648,147,153,52,0.912,0.03675,0.03825,0.013,0.08799999999999997
5390,13,190,4000,5411,0.001,0.012651294792722617,0.021681668531901604,3675,128,157,40,0.91875,0.032,0.03925,0.01,0.08125000000000004
5391,13,191,4000,5412,0.001,0.012645726375448195,0.021543715563173863,3669,120,159,52,0.91725,0.03,0.03975,0.013,0.08274999999999999
5392,13,192,4000,5413,0.001,0.012812389384993905,0.02151501964724799,3669,131,159,41,0.91725,0.03275,0.03975,0.01025,0.08274999999999999
5393,13,193,4000,5414,0.001,0.012909720766709376,0.021612215428024672,3643,137,162,58,0.91075,0.03425,0.0405,0.0145,0.08925000000000005
5394,13,194,4000,5415,0.001,0.01300004908191212,0.02160024483849912,3634,146,166,54,0.9085,0.0365,0.0415,0.0135,0.09150000000000003
5395,13,195,4000,5416,0.001,0.012947713675847971,0.02162681174332621,3670,147,147,36,0.9175,0.03675,0.03675,0.009,0.08250000000000002
5396,13,196,4000,5417,0.001,0.01316708636772991,0.02167002957161695,3680,127,147,46,0.92,0.03175,0.03675,0.0115,0.07999999999999996
5397,13,197,4000,5418,0.001,0.01325392902761366,0.021664043508962214,3669,135,147,49,0.91725,0.03375,0.03675,0.01225,0.08274999999999999
5398,13,198,4000,5419,0.001,0.01343736438136048,0.021497088496107517,3626,141,159,74,0.9065,0.03525,0.03975,0.0185,0.09350000000000003
5399,13,199,4000,5420,0.001,0.01353658772300923,0.021498204792569805,3682,126,133,59,0.9205,0.0315,0.03325,0.01475,0.07950000000000002
5400,13,200,4000,5421,0.001,0.01363197603312468,0.02149386149912652,3621,146,174,59,0.90525,0.0365,0.0435,0.01475,0.09475
5401,13,201,4000,5422,0.001,0.013391097994281159,0.02159196167432223,3637,136,170,57,0.90925,0.034,0.0425,0.01425,0.09075
5402,13,202,4000,5423,0.001,0.013898958598840588,0.021625449355718376,3643,133,158,66,0.91075,0.03325,0.0395,0.0165,0.08925000000000005
5403,13,203,4000,5424,0.001,0.013992290810769848,0.02170490361546799,3677,120,155,48,0.91925,0.03,0.03875,0.012,0.08074999999999999
5404,13,204,4000,5425,0.001,0.014288330291391642,0.02166899179123063,3662,138,153,47,0.9155,0.0345,0.03825,0.01175,0.08450000000000002
5405,13,205,4000,5426,0.001,0.014139497696104064,0.0215245301495533,3654,127,163,56,0.9135,0.03175,0.04075,0.014,0.08650000000000002
5406,13,206,4000,5427,0.001,0.014075810848738286,0.021536037032953356,3628,145,162,65,0.907,0.03625,0.0405,0.01625,0.09299999999999997
5407,13,207,4000,5428,0.001,0.014382302537123071,0.021516822856062167,3629,138,180,53,0.90725,0.0345,0.045,0.01325,0.09275
5408,13,208,4000,5429,0.001,0.014338932724397343,0.021464983925389376,3641,126,164,69,0.91025,0.0315,0.041,0.01725,0.08975
5409,13,209,4000,5430,0.001,0.01448584640405282,0.021404617865602778,3629,141,161,69,0.90725,0.03525,0.04025,0.01725,0.09275
5410,13,210,4000,5431,0.001,0.014342943369031665,0.02156224066519187,3647,137,159,57,0.91175,0.03425,0.03975,0.01425,0.08825000000000005
5411,13,211,4000,5432,0.001,0.01460048968099616,0.021508584000529348,3653,135,161,51,0.91325,0.03375,0.04025,0.01275,0.08675
5412,13,212,4000,5433,0.001,0.014505950886234627,0.02135441981458394,3656,113,164,67,0.914,0.02825,0.041,0.01675,0.08599999999999997
5413,13,213,4000,5434,0.001,0.01437665006982385,0.021522654591402245,3626,140,165,69,0.9065,0.035,0.04125,0.01725,0.09350000000000003
5414,13,214,4000,5435,0.001,0.014534405291865058,0.02134518825258191,3662,120,158,60,0.9155,0.03,0.0395,0.015,0.08450000000000002
5415,13,215,4000,5436,0.001,0.014606962473577487,0.02130434615380283,3654,127,151,68,0.9135,0.03175,0.03775,0.017,0.08650000000000002
5416,13,216,4000,5437,0.001,0.014548204904778874,0.02118987628756246,3676,121,159,44,0.919,0.03025,0.03975,0.011,0.08099999999999996
5417,13,217,4000,5438,0.001,0.014577369806427385,0.021146061563919495,3628,151,159,62,0.907,0.03775,0.03975,0.0155,0.09299999999999997
5418,13,218,4000,5439,0.001,0.014543657962809035,0.02088876453218407,3685,114,151,50,0.92125,0.0285,0.03775,0.0125,0.07874999999999999
5419,13,219,4000,5440,0.001,0.014342846399595462,0.020888215740920618,3660,119,159,62,0.915,0.02975,0.03975,0.0155,0.08499999999999996
5420,13,220,4000,5441,0.001,0.01430502997458484,0.020760657999781766,3687,123,146,44,0.92175,0.03075,0.0365,0.011,0.07825000000000004
5421,13,221,4000,5442,0.001,0.014409005417058866,0.020879839448662695,3664,133,145,58,0.916,0.03325,0.03625,0.0145,0.08399999999999996
5422,13,222,4000,5443,0.001,0.01437666133660175,0.020937817452344,3639,141,166,54,0.90975,0.03525,0.0415,0.0135,0.09025000000000005
5423,13,223,4000,5444,0.001,0.014615129094983829,0.020800713872217023,3653,143,149,55,0.91325,0.03575,0.03725,0.01375,0.08675
5424,13,224,4000,5445,0.001,0.014585074418859666,0.020541583226435633,3653,143,148,56,0.91325,0.03575,0.037,0.014,0.08675
5425,13,225,4000,5446,0.001,0.014641632082323604,0.020231715356677612,3654,120,159,67,0.9135,0.03,0.03975,0.01675,0.08650000000000002
5426,13,226,4000,5447,0.001,0.015130022573041163,0.020484284545831666,3605,164,166,65,0.90125,0.041,0.0415,0.01625,0.09875
5427,13,227,4000,5448,0.001,0.015184027820406057,0.02051556314248935,3673,132,135,60,0.91825,0.033,0.03375,0.015,0.08174999999999999
5428,13,228,4000,5449,0.001,0.015411735167780875,0.020537680791445818,3630,153,165,52,0.9075,0.03825,0.04125,0.013,0.09250000000000003
5429,13,229,4000,5450,0.001,0.0150029492107265,0.020503452075631978,3623,156,171,50,0.90575,0.039,0.04275,0.0125,0.09424999999999994
5430,13,230,4000,5451,0.001,0.015059908351650468,0.02061591327935351,3630,142,168,60,0.9075,0.0355,0.042,0.015,0.09250000000000003
5431,13,231,4000,5452,0.001,0.014861911211986352,0.020476125191624735,3670,106,170,54,0.9175,0.0265,0.0425,0.0135,0.08250000000000002
5432,13,232,4000,5453,0.001,0.014877925171944306,0.020513775557484546,3635,126,162,77,0.90875,0.0315,0.0405,0.01925,0.09125000000000005
5433,13,233,4000,5454,0.001,0.014871389729453528,0.02067999686676864,3665,127,147,61,0.91625,0.03175,0.03675,0.01525,0.08374999999999999
5434,13,234,4000,5455,0.001,0.014980054886761058,0.02054152271850989,3659,117,158,66,0.91475,0.02925,0.0395,0.0165,0.08525000000000005
5435,13,235,4000,5456,0.001,0.01479918516875622,0.020473237580395806,3641,154,142,63,0.91025,0.0385,0.0355,0.01575,0.08975
5436,13,236,4000,5457,0.001,0.014745019155903443,0.020417912544598765,3643,134,168,55,0.91075,0.0335,0.042,0.01375,0.08925000000000005
5437,13,237,4000,5458,0.001,0.014611373656678023,0.02046150333960611,3639,134,167,60,0.90975,0.0335,0.04175,0.015,0.09025000000000005
5438,13,238,4000,5459,0.001,0.01428505575045232,0.020477736206378067,3672,133,142,53,0.918,0.03325,0.0355,0.01325,0.08199999999999996
5439,13,239,4000,5460,0.001,0.014128062050033406,0.02049455379618453,3677,117,155,51,0.91925,0.02925,0.03875,0.01275,0.08074999999999999
5440,13,240,4000,5461,0.001,0.014168860450089228,0.020472028111100746,3659,128,151,62,0.91475,0.032,0.03775,0.0155,0.08525000000000005
5441,13,241,4000,5462,0.001,0.014243343991605078,0.020500677387856187,3671,118,157,54,0.91775,0.0295,0.03925,0.0135,0.08225000000000005
5442,13,242,4000,5463,0.001,0.014570380798656437,0.020604370655267407,3632,120,171,77,0.908,0.03,0.04275,0.01925,0.09199999999999997
5443,13,243,4000,5464,0.001,0.01493943836085875,0.02062973466607821,3676,123,152,49,0.919,0.03075,0.038,0.01225,0.08099999999999996
5444,13,244,4000,5465,0.001,0.015084486489824675,0.020615943306994025,3672,116,148,64,0.918,0.029,0.037,0.016,0.08199999999999996
5445,13,245,4000,5466,0.001,0.015173672482775897,0.020803203876354853,3646,130,167,57,0.9115,0.0325,0.04175,0.01425,0.08850000000000002
5446,13,246,4000,5467,0.001,0.015237969473027644,0.020769492337817608,3653,127,158,62,0.91325,0.03175,0.0395,0.0155,0.08675
5447,13,247,4000,5468,0.001,0.015188927990510612,0.02076578991983469,3633,125,162,80,0.90825,0.03125,0.0405,0.02,0.09175
5448,13,248,4000,5469,0.001,0.015495735385260247,0.020820957046135766,3638,138,173,51,0.9095,0.0345,0.04325,0.01275,0.09050000000000002
5449,13,249,4000,5470,0.001,0.015752661747041864,0.020875872274810164,3630,142,162,66,0.9075,0.0355,0.0405,0.0165,0.09250000000000003
5450,13,250,4000,5471,0.001,0.015727302964003802,0.020826733565130547,3653,119,171,57,0.91325,0.02975,0.04275,0.01425,0.08675
5451,13,251,4000,5472,0.001,0.015392663935723644,0.020749541788510996,3671,117,159,53,0.91775,0.02925,0.03975,0.01325,0.08225000000000005
5452,13,252,4000,5473,0.001,0.015801214491780232,0.020665964469247258,3657,117,165,61,0.91425,0.02925,0.04125,0.01525,0.08574999999999999
5453,13,253,4000,5474,0.001,0.015976916584730844,0.020595220995878884,3648,143,155,54,0.912,0.03575,0.03875,0.0135,0.08799999999999997
5454,13,254,4000,5475,0.001,0.016088768502883367,0.02057423369482291,3636,136,165,63,0.909,0.034,0.04125,0.01575,0.09099999999999997
5455,13,255,4000,5476,0.001,0.01594344856696806,0.020675455684760573,3637,131,173,59,0.90925,0.03275,0.04325,0.01475,0.09075
5456,13,256,4000,5477,0.001,0.015767403610363957,0.020690864177223194,3654,128,155,63,0.9135,0.032,0.03875,0.01575,0.08650000000000002
5457,13,257,4000,5478,0.001,0.015817518844061077,0.020866321877208056,3636,131,170,63,0.909,0.03275,0.0425,0.01575,0.09099999999999997
5458,13,258,4000,5479,0.001,0.015723336782738576,0.0207804438235659,3636,123,189,52,0.909,0.03075,0.04725,0.013,0.09099999999999997
5459,13,259,4000,5480,0.001,0.015480466822113986,0.020849675200244937,3649,131,165,55,0.91225,0.03275,0.04125,0.01375,0.08775
5460,13,260,4000,5481,0.001,0.015803661141131343,0.020820091184831465,3597,130,197,76,0.89925,0.0325,0.04925,0.019,0.10075
5461,13,261,4000,5482,0.001,0.015797776632578284,0.020936227297512464,3677,121,153,49,0.91925,0.03025,0.03825,0.01225,0.08074999999999999
5462,13,262,4000,5483,0.001,0.01576433912684041,0.020797177669498353,3649,130,156,65,0.91225,0.0325,0.039,0.01625,0.08775
5463,13,263,4000,5484,0.001,0.015841824031752903,0.020750102205898683,3609,165,164,62,0.90225,0.04125,0.041,0.0155,0.09775
5464,13,264,4000,5485,0.001,0.015711758258139953,0.020857984989729055,3612,137,174,77,0.903,0.03425,0.0435,0.01925,0.09699999999999998
5465,13,265,4000,5486,0.001,0.015629055776366137,0.020754673846026094,3620,152,165,63,0.905,0.038,0.04125,0.01575,0.09499999999999997
5466,13,266,4000,5487,0.001,0.015795221608504453,0.02069844803954659,3644,111,190,55,0.911,0.02775,0.0475,0.01375,0.08899999999999997
5467,13,267,4000,5488,0.001,0.015864577510021703,0.020689957710443078,3628,130,164,78,0.907,0.0325,0.041,0.0195,0.09299999999999997
5468,13,268,4000,5489,0.001,0.01542536091061113,0.020744151612969313,3614,152,171,63,0.9035,0.038,0.04275,0.01575,0.09650000000000003
5469,13,269,4000,5490,0.001,0.015535620728905467,0.020788098091209576,3631,144,167,58,0.90775,0.036,0.04175,0.0145,0.09225000000000005
5470,13,270,4000,5491,0.001,0.015591286275545313,0.020798048701038623,3666,120,162,52,0.9165,0.03,0.0405,0.013,0.08350000000000002
5471,13,271,4000,5492,0.001,0.015376734796442554,0.020860768211008452,3620,136,176,68,0.905,0.034,0.044,0.017,0.09499999999999997
5472,13,272,4000,5493,0.001,0.014998837403750001,0.020960812925359843,3652,130,158,60,0.913,0.0325,0.0395,0.015,0.08699999999999997
5473,13,273,4000,5494,0.001,0.014944621305299994,0.020983917564008813,3639,131,168,62,0.90975,0.03275,0.042,0.0155,0.09025000000000005
5474,13,274,4000,5495,0.001,0.014629187254618824,0.021196365087149633,3624,154,174,48,0.906,0.0385,0.0435,0.012,0.09399999999999997
5475,13,275,4000,5496,0.001,0.014578089454752623,0.021147299323707083,3634,106,181,79,0.9085,0.0265,0.04525,0.01975,0.09150000000000003
5476,13,276,4000,5497,0.001,0.014108978484144755,0.020954622341883035,3664,134,155,47,0.916,0.0335,0.03875,0.01175,0.08399999999999996
5477,13,277,4000,5498,0.001,0.014088555273218457,0.021020942586633524,3663,132,133,72,0.91575,0.033,0.03325,0.018,0.08425000000000005
5478,13,278,4000,5499,0.001,0.014413812584227328,0.020989632762066602,3648,138,160,54,0.912,0.0345,0.04,0.0135,0.08799999999999997
5479,13,279,4000,5500,0.001,0.013873727505432283,0.020937149365935992,3668,136,152,44,0.917,0.034,0.038,0.011,0.08299999999999996
5480,13,280,4000,5501,0.001,0.01411815699998559,0.02108075734327144,3659,135,143,63,0.91475,0.03375,0.03575,0.01575,0.08525000000000005
5481,13,281,4000,5502,0.001,0.013969317684975054,0.021143041809186296,3645,158,147,50,0.91125,0.0395,0.03675,0.0125,0.08875
5482,13,282,4000,5503,0.001,0.013940083616254356,0.021087608702054422,3640,127,165,68,0.91,0.03175,0.04125,0.017,0.08999999999999997
5483,13,283,4000,5504,0.001,0.013837833592776936,0.021221604367664088,3632,139,172,57,0.908,0.03475,0.043,0.01425,0.09199999999999997
5484,13,284,4000,5505,0.001,0.013888895879225208,0.02129908715294091,3673,124,153,50,0.91825,0.031,0.03825,0.0125,0.08174999999999999
5485,13,285,4000,5506,0.001,0.013719397163906645,0.021284996582791805,3656,128,160,56,0.914,0.032,0.04,0.014,0.08599999999999997
5486,13,286,4000,5507,0.001,0.013752774451201252,0.021280871505857987,3653,142,145,60,0.91325,0.0355,0.03625,0.015,0.08675
5487,13,287,4000,5508,0.001,0.013662539416363945,0.021278872407121792,3615,155,172,58,0.90375,0.03875,0.043,0.0145,0.09624999999999995
5488,13,288,4000,5509,0.001,0.013885790273131903,0.02130497233499786,3628,166,153,53,0.907,0.0415,0.03825,0.01325,0.09299999999999997
5489,13,289,4000,5510,0.001,0.013889729342921755,0.021380271727285065,3625,143,176,56,0.90625,0.03575,0.044,0.014,0.09375
5490,13,290,4000,5511,0.001,0.014184761043335936,0.021340900484626366,3644,140,166,50,0.911,0.035,0.0415,0.0125,0.08899999999999997
5491,13,291,4000,5512,0.001,0.014229079365814272,0.021223891188812696,3650,117,174,59,0.9125,0.02925,0.0435,0.01475,0.08750000000000002
5492,13,292,4000,5513,0.001,0.01426493171759766,0.021370876699714443,3680,116,139,65,0.92,0.029,0.03475,0.01625,0.07999999999999996
5493,13,293,4000,5514,0.001,0.014345345768614048,0.021429038870341754,3646,143,149,62,0.9115,0.03575,0.03725,0.0155,0.08850000000000002
5494,13,294,4000,5515,0.001,0.014421908400066864,0.021490421627577225,3601,154,179,66,0.90025,0.0385,0.04475,0.0165,0.09975
5495,13,295,4000,5516,0.001,0.014665208828882,0.02148534242700264,3626,145,177,52,0.9065,0.03625,0.04425,0.013,0.09350000000000003
5496,13,296,4000,5517,0.001,0.01473735172487778,0.021476863868309763,3670,124,140,66,0.9175,0.031,0.035,0.0165,0.08250000000000002
5497,13,297,4000,5518,0.001,0.015127336571099326,0.021507476816029686,3657,128,151,64,0.91425,0.032,0.03775,0.016,0.08574999999999999
5498,13,298,4000,5519,0.001,0.0150084334949876,0.021420030409217777,3620,146,169,65,0.905,0.0365,0.04225,0.01625,0.09499999999999997
5499,13,299,4000,5520,0.001,0.015003971635535757,0.02148584089023576,3623,144,173,60,0.90575,0.036,0.04325,0.015,0.09424999999999994
5500,13,300,4000,5521,0.001,0.01479199642942371,0.021371470197819334,3655,145,148,52,0.91375,0.03625,0.037,0.013,0.08625000000000005
5501,13,301,4000,5522,0.001,0.014853897994726015,0.021416450338479758,3620,154,165,61,0.905,0.0385,0.04125,0.01525,0.09499999999999997
5502,13,302,4000,5523,0.001,0.01484586410180213,0.021349488123333617,3658,127,154,61,0.9145,0.03175,0.0385,0.01525,0.08550000000000002
5503,13,303,4000,5524,0.001,0.0145539457308263,0.02144887743822951,3628,135,179,58,0.907,0.03375,0.04475,0.0145,0.09299999999999997
5504,13,304,4000,5525,0.001,0.014464503954807499,0.021466946572146508,3641,126,175,58,0.91025,0.0315,0.04375,0.0145,0.08975
5505,13,305,4000,5526,0.001,0.014905838543627568,0.021190740565133592,3637,149,159,55,0.90925,0.03725,0.03975,0.01375,0.09075
5506,13,306,4000,5527,0.001,0.014987158442641488,0.021076702435213243,3638,145,158,59,0.9095,0.03625,0.0395,0.01475,0.09050000000000002
5507,13,307,4000,5528,0.001,0.0146769567519712,0.020933838453692233,3672,115,157,56,0.918,0.02875,0.03925,0.014,0.08199999999999996
5508,13,308,4000,5529,0.001,0.0145000460464022,0.020955081788280663,3638,138,174,50,0.9095,0.0345,0.0435,0.0125,0.09050000000000002
5509,13,309,4000,5530,0.001,0.014949103760555733,0.020852730529588547,3663,109,163,65,0.91575,0.02725,0.04075,0.01625,0.08425000000000005
5510,13,310,4000,5531,0.001,0.0153118108903245,0.020934746983121467,3640,130,155,75,0.91,0.0325,0.03875,0.01875,0.08999999999999997
5511,13,311,4000,5532,0.001,0.01530694776357883,0.021054895409773546,3623,162,155,60,0.90575,0.0405,0.03875,0.015,0.09424999999999994
5512,13,312,4000,5533,0.001,0.015508320448454422,0.021108566377186434,3629,142,165,64,0.90725,0.0355,0.04125,0.016,0.09275
5513,13,313,4000,5534,0.001,0.01566880199147693,0.021006964866572338,3661,127,136,76,0.91525,0.03175,0.034,0.019,0.08474999999999999
5514,13,314,4000,5535,0.001,0.015888366853727683,0.021093971334420314,3657,130,152,61,0.91425,0.0325,0.038,0.01525,0.08574999999999999
5515,13,315,4000,5536,0.001,0.015840334857102564,0.021086353174583322,3637,139,162,62,0.90925,0.03475,0.0405,0.0155,0.09075
5516,13,316,4000,5537,0.001,0.016009913694450494,0.02108189666462189,3640,147,160,53,0.91,0.03675,0.04,0.01325,0.08999999999999997
5517,13,317,4000,5538,0.001,0.016117669697288565,0.021156770112446346,3617,129,177,77,0.90425,0.03225,0.04425,0.01925,0.09575
5518,13,318,4000,5539,0.001,0.016107654447389676,0.021165542235348007,3657,116,165,62,0.91425,0.029,0.04125,0.0155,0.08574999999999999
5519,13,319,4000,5540,0.001,0.016099256835493802,0.021212851160452496,3654,125,163,58,0.9135,0.03125,0.04075,0.0145,0.08650000000000002
5520,13,320,4000,5541,0.001,0.01597138913007045,0.021144190103035684,3654,124,156,66,0.9135,0.031,0.039,0.0165,0.08650000000000002
5521,13,321,4000,5542,0.001,0.015912143539442834,0.021094489719110775,3618,136,160,86,0.9045,0.034,0.04,0.0215,0.09550000000000003
5522,13,322,4000,5543,0.001,0.016060425958794037,0.021099533154839853,3616,153,172,59,0.904,0.03825,0.043,0.01475,0.09599999999999997
5523,13,323,4000,5544,0.001,0.015967697657611583,0.020970799951217867,3637,131,182,50,0.90925,0.03275,0.0455,0.0125,0.09075
5524,13,324,4000,5545,0.001,0.016092318826948483,0.020950256108091814,3620,139,173,68,0.905,0.03475,0.04325,0.017,0.09499999999999997
5525,13,325,4000,5546,0.001,0.01572073068698808,0.020766789380667467,3650,128,158,64,0.9125,0.032,0.0395,0.016,0.08750000000000002
5526,13,326,4000,5547,0.001,0.015680251890994593,0.020894611739706945,3648,134,158,60,0.912,0.0335,0.0395,0.015,0.08799999999999997
5527,13,327,4000,5548,0.001,0.015935780379030574,0.020991528633547925,3581,151,184,84,0.89525,0.03775,0.046,0.021,0.10475000000000001
5528,13,328,4000,5549,0.001,0.015806932712786576,0.020885061080096124,3647,127,166,60,0.91175,0.03175,0.0415,0.015,0.08825000000000005
5529,13,329,4000,5550,0.001,0.016045095282879403,0.02096181206227175,3620,139,169,72,0.905,0.03475,0.04225,0.018,0.09499999999999997
5530,13,330,4000,5551,0.001,0.016101845692297397,0.02110349321733171,3634,134,162,70,0.9085,0.0335,0.0405,0.0175,0.09150000000000003
5531,13,331,4000,5552,0.001,0.016200223892478525,0.021142750896022654,3612,154,165,69,0.903,0.0385,0.04125,0.01725,0.09699999999999998
5532,13,332,4000,5553,0.001,0.016264517981549972,0.021069374727419887,3639,128,167,66,0.90975,0.032,0.04175,0.0165,0.09025000000000005
5533,13,333,4000,5554,0.001,0.01658485003599815,0.020937739652049637,3609,140,178,73,0.90225,0.035,0.0445,0.01825,0.09775
5534,13,334,4000,5555,0.001,0.01651939163372447,0.021072627912384144,3645,130,159,66,0.91125,0.0325,0.03975,0.0165,0.08875
5535,13,335,4000,5556,0.001,0.01641966706573205,0.02102055112996993,3616,142,169,73,0.904,0.0355,0.04225,0.01825,0.09599999999999997
5536,13,336,4000,5557,0.001,0.016212303901109816,0.020989982712670118,3624,155,157,64,0.906,0.03875,0.03925,0.016,0.09399999999999997
5537,13,337,4000,5558,0.001,0.01636368564944239,0.021030018901096684,3584,164,179,73,0.896,0.041,0.04475,0.01825,0.10399999999999998
5538,13,338,4000,5559,0.001,0.016087081360997478,0.02079331604319606,3638,120,172,70,0.9095,0.03,0.043,0.0175,0.09050000000000002
5539,13,339,4000,5560,0.001,0.01601011340835875,0.02068052628195901,3638,128,179,55,0.9095,0.032,0.04475,0.01375,0.09050000000000002
5540,13,340,4000,5561,0.001,0.016163548970737244,0.02086518965635118,3647,143,159,51,0.91175,0.03575,0.03975,0.01275,0.08825000000000005
5541,13,341,4000,5562,0.001,0.016125906746176633,0.020800997435338132,3591,153,184,72,0.89775,0.03825,0.046,0.018,0.10224999999999995
5542,13,342,4000,5563,0.001,0.016200483342903214,0.020744456987963757,3654,134,158,54,0.9135,0.0335,0.0395,0.0135,0.08650000000000002
5543,13,343,4000,5564,0.001,0.016406975911808248,0.020762622726253746,3610,168,158,64,0.9025,0.042,0.0395,0.016,0.09750000000000003
5544,13,344,4000,5565,0.001,0.016289382452171715,0.020732909957047973,3658,120,161,61,0.9145,0.03,0.04025,0.01525,0.08550000000000002
5545,13,345,4000,5566,0.001,0.01681847060120124,0.020735068527302006,3629,134,167,70,0.90725,0.0335,0.04175,0.0175,0.09275
5546,13,346,4000,5567,0.001,0.016701998393137588,0.020707167174932106,3626,148,166,60,0.9065,0.037,0.0415,0.015,0.09350000000000003
5547,13,347,4000,5568,0.001,0.016665633917745556,0.02081664850146362,3626,140,156,78,0.9065,0.035,0.039,0.0195,0.09350000000000003
5548,13,348,4000,5569,0.001,0.016711643038733914,0.020990200548418887,3616,140,160,84,0.904,0.035,0.04,0.021,0.09599999999999997
5549,13,349,4000,5570,0.001,0.01649965136662329,0.02109518187941818,3609,160,161,70,0.90225,0.04,0.04025,0.0175,0.09775
5550,13,350,4000,5571,0.001,0.016379889474985542,0.02109855726566976,3594,153,191,62,0.8985,0.03825,0.04775,0.0155,0.10150000000000003
5551,13,351,4000,5572,0.001,0.01662873361040359,0.021105604166508724,3603,159,173,65,0.90075,0.03975,0.04325,0.01625,0.09924999999999995
5552,13,352,4000,5573,0.001,0.016579047361003112,0.02113870072392501,3635,112,174,79,0.90875,0.028,0.0435,0.01975,0.09125000000000005
5553,13,353,4000,5574,0.001,0.01628423294319599,0.021126885644759064,3624,118,181,77,0.906,0.0295,0.04525,0.01925,0.09399999999999997
5554,13,354,4000,5575,0.001,0.01600378229126877,0.02102943945949937,3639,141,148,72,0.90975,0.03525,0.037,0.018,0.09025000000000005
5555,13,355,4000,5576,0.001,0.016012235039081252,0.021090359064132827,3621,147,160,72,0.90525,0.03675,0.04,0.018,0.09475
5556,13,356,4000,5577,0.001,0.01585510545315077,0.02119133234517949,3634,138,171,57,0.9085,0.0345,0.04275,0.01425,0.09150000000000003
5557,13,357,4000,5578,0.001,0.01603002704571982,0.021153667510915193,3614,156,172,58,0.9035,0.039,0.043,0.0145,0.09650000000000003
5558,13,358,4000,5579,0.001,0.016396218722783757,0.021186130323239984,3606,150,171,73,0.9015,0.0375,0.04275,0.01825,0.09850000000000003
5559,13,359,4000,5580,0.001,0.01624359166912274,0.020934169926606,3602,154,168,76,0.9005,0.0385,0.042,0.019,0.09950000000000003
5560,13,360,4000,5581,0.001,0.0163411570340953,0.020832458785353867,3639,140,159,62,0.90975,0.035,0.03975,0.0155,0.09025000000000005
5561,13,361,4000,5582,0.001,0.016359514661227766,0.020689985703429392,3607,159,169,65,0.90175,0.03975,0.04225,0.01625,0.09824999999999995
5562,13,362,4000,5583,0.001,0.016306639029469213,0.02062794384253003,3666,122,147,65,0.9165,0.0305,0.03675,0.01625,0.08350000000000002
5563,13,363,4000,5584,0.001,0.016633765155006922,0.020683266848940566,3626,128,170,76,0.9065,0.032,0.0425,0.019,0.09350000000000003
5564,13,364,4000,5585,0.001,0.016689936702530685,0.02070351404179713,3591,145,188,76,0.89775,0.03625,0.047,0.019,0.10224999999999995
5565,13,365,4000,5586,0.001,0.01659058489491684,0.020704583025144108,3634,133,174,59,0.9085,0.03325,0.0435,0.01475,0.09150000000000003
5566,13,366,4000,5587,0.001,0.016827023765095737,0.020723127784230366,3614,148,161,77,0.9035,0.037,0.04025,0.01925,0.09650000000000003
5567,13,367,4000,5588,0.001,0.017036834842505236,0.020697206099484722,3618,129,178,75,0.9045,0.03225,0.0445,0.01875,0.09550000000000003
5568,13,368,4000,5589,0.001,0.017002077176880008,0.020681402359586654,3630,148,159,63,0.9075,0.037,0.03975,0.01575,0.09250000000000003
5569,13,369,4000,5590,0.001,0.01719121412748461,0.020534759555213437,3591,145,187,77,0.89775,0.03625,0.04675,0.01925,0.10224999999999995
5570,13,370,4000,5591,0.001,0.017143546594108362,0.02067964987808589,3590,146,183,81,0.8975,0.0365,0.04575,0.02025,0.10250000000000004
5571,13,371,4000,5592,0.001,0.01692943251897676,0.020570570498860196,3630,143,165,62,0.9075,0.03575,0.04125,0.0155,0.09250000000000003
5572,13,372,4000,5593,0.001,0.01701296176554123,0.02050560921258334,3631,137,164,68,0.90775,0.03425,0.041,0.017,0.09225000000000005
5573,13,373,4000,5594,0.001,0.01706245053295357,0.020514651940963635,3603,148,190,59,0.90075,0.037,0.0475,0.01475,0.09924999999999995
5574,13,374,4000,5595,0.001,0.016946972652506245,0.020439789474463788,3614,141,184,61,0.9035,0.03525,0.046,0.01525,0.09650000000000003
5575,13,375,4000,5596,0.001,0.01709540604116544,0.020538366906075852,3631,138,163,68,0.90775,0.0345,0.04075,0.017,0.09225000000000005
5576,13,376,4000,5597,0.001,0.01686237198541029,0.02039226438726873,3650,143,146,61,0.9125,0.03575,0.0365,0.01525,0.08750000000000002
5577,13,377,4000,5598,0.001,0.016625004342216334,0.020353023512574217,3625,148,145,82,0.90625,0.037,0.03625,0.0205,0.09375
5578,13,378,4000,5599,0.001,0.016766983370888416,0.020252804070829265,3634,136,170,60,0.9085,0.034,0.0425,0.015,0.09150000000000003
5579,13,379,4000,5600,0.001,0.01680374886859097,0.020325632671272527,3618,152,157,73,0.9045,0.038,0.03925,0.01825,0.09550000000000003
5580,13,380,4000,5601,0.001,0.01707761180867284,0.02030128922931861,3614,163,158,65,0.9035,0.04075,0.0395,0.01625,0.09650000000000003
5581,13,381,4000,5602,0.001,0.017265426610481596,0.020368313292954063,3617,139,170,74,0.90425,0.03475,0.0425,0.0185,0.09575
5582,13,382,4000,5603,0.001,0.017468075382909263,0.02031637365292287,3630,139,174,57,0.9075,0.03475,0.0435,0.01425,0.09250000000000003
5583,13,383,4000,5604,0.001,0.017361440920306438,0.02035389751504172,3620,140,165,75,0.905,0.035,0.04125,0.01875,0.09499999999999997
5584,13,384,4000,5605,0.001,0.017226271877342995,0.020275849086834108,3628,136,174,62,0.907,0.034,0.0435,0.0155,0.09299999999999997
5585,13,385,4000,5606,0.001,0.01706336092791534,0.02023726044071664,3603,139,188,70,0.90075,0.03475,0.047,0.0175,0.09924999999999995
5586,13,386,4000,5607,0.001,0.016860310963369672,0.020134957487763634,3626,132,167,75,0.9065,0.033,0.04175,0.01875,0.09350000000000003
5587,13,387,4000,5608,0.001,0.017010223496930252,0.02005771186761254,3625,131,176,68,0.90625,0.03275,0.044,0.017,0.09375
5588,13,388,4000,5609,0.001,0.01706338442754798,0.020067514310857,3648,113,151,88,0.912,0.02825,0.03775,0.022,0.08799999999999997
5589,13,389,4000,5610,0.001,0.017377849477796258,0.02007069690168356,3640,138,168,54,0.91,0.0345,0.042,0.0135,0.08999999999999997
5590,13,390,4000,5611,0.001,0.017142197778652384,0.020173585929514473,3615,147,169,69,0.90375,0.03675,0.04225,0.01725,0.09624999999999995
5591,13,391,4000,5612,0.001,0.01728923741788363,0.02023262741307047,3637,139,153,71,0.90925,0.03475,0.03825,0.01775,0.09075
5592,13,392,4000,5613,0.001,0.017428765580449368,0.02026249628050922,3644,140,138,78,0.911,0.035,0.0345,0.0195,0.08899999999999997
5593,13,393,4000,5614,0.001,0.017774098027160404,0.020422627084569656,3621,152,170,57,0.90525,0.038,0.0425,0.01425,0.09475
5594,13,394,4000,5615,0.001,0.01778601939001947,0.02040012915222408,3618,141,167,74,0.9045,0.03525,0.04175,0.0185,0.09550000000000003
5595,13,395,4000,5616,0.001,0.018032104684873464,0.02055119863847838,3623,144,169,64,0.90575,0.036,0.04225,0.016,0.09424999999999994
5596,13,396,4000,5617,0.001,0.01826610456833697,0.02064939261910931,3594,139,189,78,0.8985,0.03475,0.04725,0.0195,0.10150000000000003
5597,13,397,4000,5618,0.001,0.018260239631503403,0.02074850030771933,3622,142,166,70,0.9055,0.0355,0.0415,0.0175,0.09450000000000003
5598,13,398,4000,5619,0.001,0.01827827433068276,0.02053442591207962,3616,144,177,63,0.904,0.036,0.04425,0.01575,0.09599999999999997
5599,13,399,4000,5620,0.001,0.01811182440080988,0.020482410816173833,3618,166,157,59,0.9045,0.0415,0.03925,0.01475,0.09550000000000003
5600,14,0,4000,5622,0.001,0.010022348918355805,0.02012742557095618,3727,98,130,45,0.93175,0.0245,0.0325,0.01125,0.06825000000000003
5601,14,1,4000,5623,0.001,0.01011277401889781,0.0202779797572621,3732,108,112,48,0.933,0.027,0.028,0.012,0.06699999999999995
5602,14,2,4000,5624,0.001,0.010580318995725703,0.020160867227242467,3720,126,112,42,0.93,0.0315,0.028,0.0105,0.06999999999999995
5603,14,3,4000,5625,0.001,0.010222315184019178,0.020133787782285355,3727,109,133,31,0.93175,0.02725,0.03325,0.00775,0.06825000000000003
5604,14,4,4000,5626,0.001,0.010485204060411302,0.02011631243211706,3691,117,134,58,0.92275,0.02925,0.0335,0.0145,0.07725000000000004
5605,14,5,4000,5627,0.001,0.010844902527814154,0.020348405000903843,3703,117,140,40,0.92575,0.02925,0.035,0.01,0.07425000000000004
5606,14,6,4000,5628,0.001,0.011029897840308698,0.0203727692118719,3690,123,138,49,0.9225,0.03075,0.0345,0.01225,0.07750000000000001
5607,14,7,4000,5629,0.001,0.011043635283801732,0.020404638013022253,3724,102,126,48,0.931,0.0255,0.0315,0.012,0.06899999999999995
5608,14,8,4000,5630,0.001,0.011257004249655464,0.02054304358051925,3669,135,153,43,0.91725,0.03375,0.03825,0.01075,0.08274999999999999
5609,14,9,4000,5631,0.001,0.011415019773909891,0.020463395967280775,3697,126,134,43,0.92425,0.0315,0.0335,0.01075,0.07574999999999998
5610,14,10,4000,5632,0.001,0.011463597365698765,0.02054690093340579,3693,122,137,48,0.92325,0.0305,0.03425,0.012,0.07674999999999998
5611,14,11,4000,5633,0.001,0.011226141474483243,0.020857114005840782,3709,119,127,45,0.92725,0.02975,0.03175,0.01125,0.07274999999999998
5612,14,12,4000,5634,0.001,0.01146312215590913,0.020895989215273268,3665,125,155,55,0.91625,0.03125,0.03875,0.01375,0.08374999999999999
5613,14,13,4000,5635,0.001,0.01141590048873004,0.02088078591774306,3711,135,114,40,0.92775,0.03375,0.0285,0.01,0.07225000000000004
5614,14,14,4000,5636,0.001,0.011704238485699724,0.020818384054450734,3690,130,139,41,0.9225,0.0325,0.03475,0.01025,0.07750000000000001
5615,14,15,4000,5637,0.001,0.011584624683613333,0.020984565305605857,3698,102,161,39,0.9245,0.0255,0.04025,0.00975,0.07550000000000001
5616,14,16,4000,5638,0.001,0.011683812191398366,0.021069623450095165,3674,119,160,47,0.9185,0.02975,0.04,0.01175,0.08150000000000002
5617,14,17,4000,5639,0.001,0.011813860994436398,0.021143625646160784,3640,148,163,49,0.91,0.037,0.04075,0.01225,0.08999999999999997
5618,14,18,4000,5640,0.001,0.011597388287439975,0.021004941771198868,3664,141,151,44,0.916,0.03525,0.03775,0.011,0.08399999999999996
5619,14,19,4000,5641,0.001,0.011176562104470364,0.020971066291647668,3694,113,143,50,0.9235,0.02825,0.03575,0.0125,0.07650000000000001
5620,14,20,4000,5642,0.001,0.011259656851527019,0.021040951663089218,3666,140,153,41,0.9165,0.035,0.03825,0.01025,0.08350000000000002
5621,14,21,4000,5643,0.001,0.01139821262375472,0.02087261662218755,3691,117,140,52,0.92275,0.02925,0.035,0.013,0.07725000000000004
5622,14,22,4000,5644,0.001,0.011399146526984823,0.020771439757330167,3678,130,135,57,0.9195,0.0325,0.03375,0.01425,0.08050000000000002
5623,14,23,4000,5645,0.001,0.011415420175957402,0.02080766547141959,3687,124,124,65,0.92175,0.031,0.031,0.01625,0.07825000000000004
5624,14,24,4000,5646,0.001,0.011560685292761504,0.020712526648623872,3689,113,135,63,0.92225,0.02825,0.03375,0.01575,0.07774999999999999
5625,14,25,4000,5647,0.001,0.011483370713968592,0.02089326213019488,3683,121,147,49,0.92075,0.03025,0.03675,0.01225,0.07925000000000004
5626,14,26,4000,5648,0.001,0.011393818229515143,0.020964491416156538,3726,108,107,59,0.9315,0.027,0.02675,0.01475,0.0685
5627,14,27,4000,5649,0.001,0.011107642861628774,0.020884476537909438,3731,112,126,31,0.93275,0.028,0.0315,0.00775,0.06725000000000003
5628,14,28,4000,5650,0.001,0.011152881972476854,0.020884348790373104,3695,111,146,48,0.92375,0.02775,0.0365,0.012,0.07625000000000004
5629,14,29,4000,5651,0.001,0.011268723776232208,0.0208098657927483,3701,120,130,49,0.92525,0.03,0.0325,0.01225,0.07474999999999998
5630,14,30,4000,5652,0.001,0.011492365946481732,0.020639516333121354,3659,127,159,55,0.91475,0.03175,0.03975,0.01375,0.08525000000000005
5631,14,31,4000,5653,0.001,0.011446547165960703,0.02050739488949804,3669,128,146,57,0.91725,0.032,0.0365,0.01425,0.08274999999999999
5632,14,32,4000,5654,0.001,0.011835195442135599,0.02032588334777048,3684,125,148,43,0.921,0.03125,0.037,0.01075,0.07899999999999996
5633,14,33,4000,5655,0.001,0.01195790227397199,0.020327843852673437,3702,106,154,38,0.9255,0.0265,0.0385,0.0095,0.07450000000000001
5634,14,34,4000,5656,0.001,0.012136862683147013,0.02027076199799558,3671,123,152,54,0.91775,0.03075,0.038,0.0135,0.08225000000000005
5635,14,35,4000,5657,0.001,0.01233403069036262,0.02028718662131888,3681,118,140,61,0.92025,0.0295,0.035,0.01525,0.07974999999999999
5636,14,36,4000,5658,0.001,0.012647768045478234,0.020377853857226236,3680,113,145,62,0.92,0.02825,0.03625,0.0155,0.07999999999999996
5637,14,37,4000,5659,0.001,0.012469786111513888,0.020279157374594597,3698,120,136,46,0.9245,0.03,0.034,0.0115,0.07550000000000001
5638,14,38,4000,5660,0.001,0.012362456278829792,0.020314576809308607,3645,134,160,61,0.91125,0.0335,0.04,0.01525,0.08875
5639,14,39,4000,5661,0.001,0.012561672195746228,0.020245331989659287,3681,123,147,49,0.92025,0.03075,0.03675,0.01225,0.07974999999999999
5640,14,40,4000,5662,0.001,0.012235826083578255,0.0203347089648286,3669,141,134,56,0.91725,0.03525,0.0335,0.014,0.08274999999999999
5641,14,41,4000,5663,0.001,0.012041209776082905,0.02025883344824302,3668,141,151,40,0.917,0.03525,0.03775,0.01,0.08299999999999996
5642,14,42,4000,5664,0.001,0.012639965016115893,0.0202463698492501,3635,142,164,59,0.90875,0.0355,0.041,0.01475,0.09125000000000005
5643,14,43,4000,5665,0.001,0.012363245115058341,0.020148382190214253,3678,124,142,56,0.9195,0.031,0.0355,0.014,0.08050000000000002
5644,14,44,4000,5666,0.001,0.012206767751017105,0.020035957675280446,3663,137,147,53,0.91575,0.03425,0.03675,0.01325,0.08425000000000005
5645,14,45,4000,5667,0.001,0.012333644668781113,0.02008149265609453,3676,127,141,56,0.919,0.03175,0.03525,0.014,0.08099999999999996
5646,14,46,4000,5668,0.001,0.012571689815833984,0.019986143935970816,3681,115,163,41,0.92025,0.02875,0.04075,0.01025,0.07974999999999999
5647,14,47,4000,5669,0.001,0.01255791188039177,0.02014234446266507,3673,124,147,56,0.91825,0.031,0.03675,0.014,0.08174999999999999
5648,14,48,4000,5670,0.001,0.012690805735909116,0.020068120648658774,3686,124,142,48,0.9215,0.031,0.0355,0.012,0.07850000000000001
5649,14,49,4000,5671,0.001,0.012539542544161371,0.020226832209681612,3676,123,156,45,0.919,0.03075,0.039,0.01125,0.08099999999999996
5650,14,50,4000,5672,0.001,0.012718680841799569,0.020100707891151415,3680,131,141,48,0.92,0.03275,0.03525,0.012,0.07999999999999996
5651,14,51,4000,5673,0.001,0.013094611639642451,0.020154169571487218,3666,128,163,43,0.9165,0.032,0.04075,0.01075,0.08350000000000002
5652,14,52,4000,5674,0.001,0.01262904557833311,0.02009923681617785,3678,126,156,40,0.9195,0.0315,0.039,0.01,0.08050000000000002
5653,14,53,4000,5675,0.001,0.012544890560599247,0.02003440809818356,3677,133,131,59,0.91925,0.03325,0.03275,0.01475,0.08074999999999999
5654,14,54,4000,5676,0.001,0.012260018646987355,0.020197350120190624,3699,108,150,43,0.92475,0.027,0.0375,0.01075,0.07525000000000004
5655,14,55,4000,5677,0.001,0.01219339276302023,0.02017363539932491,3662,129,154,55,0.9155,0.03225,0.0385,0.01375,0.08450000000000002
5656,14,56,4000,5678,0.001,0.012261952242361889,0.020145970093333562,3654,138,151,57,0.9135,0.0345,0.03775,0.01425,0.08650000000000002
5657,14,57,4000,5679,0.001,0.012187766704714675,0.020006874611960074,3678,117,158,47,0.9195,0.02925,0.0395,0.01175,0.08050000000000002
5658,14,58,4000,5680,0.001,0.011934640516891491,0.020128398952219274,3663,132,150,55,0.91575,0.033,0.0375,0.01375,0.08425000000000005
5659,14,59,4000,5681,0.001,0.011882867438398888,0.020127010087362247,3690,121,142,47,0.9225,0.03025,0.0355,0.01175,0.07750000000000001
5660,14,60,4000,5682,0.001,0.012176974607322881,0.02004436933021392,3712,112,127,49,0.928,0.028,0.03175,0.01225,0.07199999999999995
5661,14,61,4000,5683,0.001,0.012330993010035353,0.02020434210200425,3681,128,146,45,0.92025,0.032,0.0365,0.01125,0.07974999999999999
5662,14,62,4000,5684,0.001,0.012315309579760826,0.02010794954204181,3703,113,141,43,0.92575,0.02825,0.03525,0.01075,0.07425000000000004
5663,14,63,4000,5685,0.001,0.012504414143035335,0.02009117107577222,3684,121,144,51,0.921,0.03025,0.036,0.01275,0.07899999999999996
5664,14,64,4000,5686,0.001,0.012465889210191598,0.02000655627434266,3672,129,132,67,0.918,0.03225,0.033,0.01675,0.08199999999999996
5665,14,65,4000,5687,0.001,0.012235313716184195,0.02006105207215832,3695,129,120,56,0.92375,0.03225,0.03,0.014,0.07625000000000004
5666,14,66,4000,5688,0.001,0.01234718816836622,0.020222291021638007,3658,136,153,53,0.9145,0.034,0.03825,0.01325,0.08550000000000002
5667,14,67,4000,5689,0.001,0.012000865734627178,0.02031987539458442,3684,129,141,46,0.921,0.03225,0.03525,0.0115,0.07899999999999996
5668,14,68,4000,5690,0.001,0.012404042781646744,0.02033565619297259,3675,135,141,49,0.91875,0.03375,0.03525,0.01225,0.08125000000000004
5669,14,69,4000,5691,0.001,0.012346136311921765,0.020475173542466394,3695,117,141,47,0.92375,0.02925,0.03525,0.01175,0.07625000000000004
5670,14,70,4000,5692,0.001,0.012315940457959142,0.020562198150695366,3675,124,143,58,0.91875,0.031,0.03575,0.0145,0.08125000000000004
5671,14,71,4000,5693,0.001,0.012132958995457858,0.020632195864076955,3675,142,136,47,0.91875,0.0355,0.034,0.01175,0.08125000000000004
5672,14,72,4000,5694,0.001,0.012144984735036462,0.020766719369880737,3677,117,157,49,0.91925,0.02925,0.03925,0.01225,0.08074999999999999
5673,14,73,4000,5695,0.001,0.0122312839830728,0.020663966204343083,3681,119,154,46,0.92025,0.02975,0.0385,0.0115,0.07974999999999999
5674,14,74,4000,5696,0.001,0.012353140375621206,0.020671506696224674,3663,128,156,53,0.91575,0.032,0.039,0.01325,0.08425000000000005
5675,14,75,4000,5697,0.001,0.012677418346823106,0.020541362153030127,3656,129,151,64,0.914,0.03225,0.03775,0.016,0.08599999999999997
5676,14,76,4000,5698,0.001,0.012838531069843475,0.020564195678755042,3677,133,131,59,0.91925,0.03325,0.03275,0.01475,0.08074999999999999
5677,14,77,4000,5699,0.001,0.012785480774228497,0.020712631072342086,3645,138,163,54,0.91125,0.0345,0.04075,0.0135,0.08875
5678,14,78,4000,5700,0.001,0.012815254887074592,0.02056559592144604,3699,114,132,55,0.92475,0.0285,0.033,0.01375,0.07525000000000004
5679,14,79,4000,5701,0.001,0.01270840144928068,0.02054679365248245,3666,127,163,44,0.9165,0.03175,0.04075,0.011,0.08350000000000002
5680,14,80,4000,5702,0.001,0.012670638415429444,0.02059305453061161,3676,135,149,40,0.919,0.03375,0.03725,0.01,0.08099999999999996
5681,14,81,4000,5703,0.001,0.01261763689304008,0.02041869201299014,3676,118,148,58,0.919,0.0295,0.037,0.0145,0.08099999999999996
5682,14,82,4000,5704,0.001,0.012507156354767979,0.020304292610639145,3676,109,153,62,0.919,0.02725,0.03825,0.0155,0.08099999999999996
5683,14,83,4000,5705,0.001,0.012569674044187698,0.020256902839360352,3687,114,146,53,0.92175,0.0285,0.0365,0.01325,0.07825000000000004
5684,14,84,4000,5706,0.001,0.012656869814276427,0.02031266641924349,3649,148,141,62,0.91225,0.037,0.03525,0.0155,0.08775
5685,14,85,4000,5707,0.001,0.012964632043045515,0.020435070348216625,3674,122,149,55,0.9185,0.0305,0.03725,0.01375,0.08150000000000002
5686,14,86,4000,5708,0.001,0.013200482393938865,0.020498355249174097,3672,121,159,48,0.918,0.03025,0.03975,0.012,0.08199999999999996
5687,14,87,4000,5709,0.001,0.01342588152179866,0.02056787914886588,3637,157,155,51,0.90925,0.03925,0.03875,0.01275,0.09075
5688,14,88,4000,5710,0.001,0.013480002341081833,0.02070043802515558,3664,127,162,47,0.916,0.03175,0.0405,0.01175,0.08399999999999996
5689,14,89,4000,5711,0.001,0.013804323592533488,0.020628016631105143,3692,130,119,59,0.923,0.0325,0.02975,0.01475,0.07699999999999996
5690,14,90,4000,5712,0.001,0.013532965411990089,0.020692385633583332,3648,137,162,53,0.912,0.03425,0.0405,0.01325,0.08799999999999997
5691,14,91,4000,5713,0.001,0.013599693400218623,0.020751114927446558,3654,131,153,62,0.9135,0.03275,0.03825,0.0155,0.08650000000000002
5692,14,92,4000,5714,0.001,0.013678495015979154,0.02078417685934288,3638,118,172,72,0.9095,0.0295,0.043,0.018,0.09050000000000002
5693,14,93,4000,5715,0.001,0.013766981852364529,0.020721299593387383,3645,135,147,73,0.91125,0.03375,0.03675,0.01825,0.08875
5694,14,94,4000,5716,0.001,0.01370097370648057,0.020796581944459082,3669,126,150,55,0.91725,0.0315,0.0375,0.01375,0.08274999999999999
5695,14,95,4000,5717,0.001,0.013910662514430622,0.020770494036966753,3654,111,173,62,0.9135,0.02775,0.04325,0.0155,0.08650000000000002
5696,14,96,4000,5718,0.001,0.013876269720406353,0.02076805949927381,3639,126,166,69,0.90975,0.0315,0.0415,0.01725,0.09025000000000005
5697,14,97,4000,5719,0.001,0.013397521165660339,0.02086737778552676,3633,141,173,53,0.90825,0.03525,0.04325,0.01325,0.09175
5698,14,98,4000,5720,0.001,0.013253683065025603,0.020713220009615924,3685,106,155,54,0.92125,0.0265,0.03875,0.0135,0.07874999999999999
5699,14,99,4000,5721,0.001,0.013505142073483588,0.020637089474739113,3668,119,163,50,0.917,0.02975,0.04075,0.0125,0.08299999999999996
5700,14,100,4000,5722,0.001,0.013530755940021224,0.020652947206150563,3672,140,135,53,0.918,0.035,0.03375,0.01325,0.08199999999999996
5701,14,101,4000,5723,0.001,0.013592649745082383,0.02033634860388349,3696,121,128,55,0.924,0.03025,0.032,0.01375,0.07599999999999996
5702,14,102,4000,5724,0.001,0.013660724287616756,0.02024839920670465,3673,136,143,48,0.91825,0.034,0.03575,0.012,0.08174999999999999
5703,14,103,4000,5725,0.001,0.01352414858524333,0.020314317896339643,3671,136,135,58,0.91775,0.034,0.03375,0.0145,0.08225000000000005
5704,14,104,4000,5726,0.001,0.013723538161674223,0.02033878447690644,3667,138,149,46,0.91675,0.0345,0.03725,0.0115,0.08325000000000005
5705,14,105,4000,5727,0.001,0.013490778457247556,0.020272781524999717,3694,108,142,56,0.9235,0.027,0.0355,0.014,0.07650000000000001
5706,14,106,4000,5728,0.001,0.013684165268023293,0.02002068180899112,3670,127,158,45,0.9175,0.03175,0.0395,0.01125,0.08250000000000002
5707,14,107,4000,5729,0.001,0.013263882711021729,0.01991733515806816,3680,111,164,45,0.92,0.02775,0.041,0.01125,0.07999999999999996
5708,14,108,4000,5730,0.001,0.013529837025607252,0.019732848465194776,3677,117,134,72,0.91925,0.02925,0.0335,0.018,0.08074999999999999
5709,14,109,4000,5731,0.001,0.013397628868115847,0.01976478231572812,3668,133,144,55,0.917,0.03325,0.036,0.01375,0.08299999999999996
5710,14,110,4000,5732,0.001,0.01332643953496726,0.02003733924285844,3686,127,133,54,0.9215,0.03175,0.03325,0.0135,0.07850000000000001
5711,14,111,4000,5733,0.001,0.01302826839738497,0.020001971075551888,3691,137,121,51,0.92275,0.03425,0.03025,0.01275,0.07725000000000004
5712,14,112,4000,5734,0.001,0.013324834736143692,0.020175574352712933,3656,137,161,46,0.914,0.03425,0.04025,0.0115,0.08599999999999997
5713,14,113,4000,5735,0.001,0.012900363194660551,0.02017025536679064,3665,123,157,55,0.91625,0.03075,0.03925,0.01375,0.08374999999999999
5714,14,114,4000,5736,0.001,0.012918334683840075,0.020086434538493708,3650,136,156,58,0.9125,0.034,0.039,0.0145,0.08750000000000002
5715,14,115,4000,5737,0.001,0.01292888359900005,0.02013332672224711,3658,136,151,55,0.9145,0.034,0.03775,0.01375,0.08550000000000002
5716,14,116,4000,5738,0.001,0.012951267517585687,0.020117503359574955,3689,126,135,50,0.92225,0.0315,0.03375,0.0125,0.07774999999999999
5717,14,117,4000,5739,0.001,0.013048913863624024,0.020264524158330546,3663,130,159,48,0.91575,0.0325,0.03975,0.012,0.08425000000000005
5718,14,118,4000,5740,0.001,0.01332958620722494,0.02034538025659223,3634,134,177,55,0.9085,0.0335,0.04425,0.01375,0.09150000000000003
5719,14,119,4000,5741,0.001,0.013204760739005375,0.020290425919666392,3670,134,135,61,0.9175,0.0335,0.03375,0.01525,0.08250000000000002
5720,14,120,4000,5742,0.001,0.013037074649865072,0.02028304659745079,3654,135,161,50,0.9135,0.03375,0.04025,0.0125,0.08650000000000002
5721,14,121,4000,5743,0.001,0.01312610156378765,0.020305002707130544,3642,143,160,55,0.9105,0.03575,0.04,0.01375,0.08950000000000002
5722,14,122,4000,5744,0.001,0.013154266988979852,0.02027163174890401,3672,130,145,53,0.918,0.0325,0.03625,0.01325,0.08199999999999996
5723,14,123,4000,5745,0.001,0.013154476762051951,0.02017500312811219,3678,144,139,39,0.9195,0.036,0.03475,0.00975,0.08050000000000002
5724,14,124,4000,5746,0.001,0.012974825393886558,0.02014592258362072,3676,111,160,53,0.919,0.02775,0.04,0.01325,0.08099999999999996
5725,14,125,4000,5747,0.001,0.013074807263390322,0.020078582469236165,3684,131,139,46,0.921,0.03275,0.03475,0.0115,0.07899999999999996
5726,14,126,4000,5748,0.001,0.012734067195434106,0.020001251588343552,3637,142,153,68,0.90925,0.0355,0.03825,0.017,0.09075
5727,14,127,4000,5749,0.001,0.012847886945988974,0.01998111776074064,3685,118,140,57,0.92125,0.0295,0.035,0.01425,0.07874999999999999
5728,14,128,4000,5750,0.001,0.013176277631670806,0.020017488054341195,3669,123,154,54,0.91725,0.03075,0.0385,0.0135,0.08274999999999999
5729,14,129,4000,5751,0.001,0.012978745733322654,0.02006547065879469,3672,118,162,48,0.918,0.0295,0.0405,0.012,0.08199999999999996
5730,14,130,4000,5752,0.001,0.013209535491385023,0.020178674368869685,3651,110,183,56,0.91275,0.0275,0.04575,0.014,0.08725000000000005
5731,14,131,4000,5753,0.001,0.01316211886496567,0.020189382233848814,3669,128,156,47,0.91725,0.032,0.039,0.01175,0.08274999999999999
5732,14,132,4000,5754,0.001,0.012966900658885106,0.02027070023718224,3661,133,153,53,0.91525,0.03325,0.03825,0.01325,0.08474999999999999
5733,14,133,4000,5755,0.001,0.013234107351570629,0.020314398458725916,3661,139,151,49,0.91525,0.03475,0.03775,0.01225,0.08474999999999999
5734,14,134,4000,5756,0.001,0.012995847570746004,0.020249219813688085,3655,146,142,57,0.91375,0.0365,0.0355,0.01425,0.08625000000000005
5735,14,135,4000,5757,0.001,0.012690550869160818,0.020256781293693838,3665,135,148,52,0.91625,0.03375,0.037,0.013,0.08374999999999999
5736,14,136,4000,5758,0.001,0.012439021692063262,0.02031410876078484,3691,116,147,46,0.92275,0.029,0.03675,0.0115,0.07725000000000004
5737,14,137,4000,5759,0.001,0.012310892291997997,0.020297001963373782,3682,115,164,39,0.9205,0.02875,0.041,0.00975,0.07950000000000002
5738,14,138,4000,5760,0.001,0.012427672835128483,0.02032967285568374,3671,126,148,55,0.91775,0.0315,0.037,0.01375,0.08225000000000005
5739,14,139,4000,5761,0.001,0.012385860521511355,0.020264366006039727,3645,144,152,59,0.91125,0.036,0.038,0.01475,0.08875
5740,14,140,4000,5762,0.001,0.012213920554341541,0.020246085913966896,3682,129,125,64,0.9205,0.03225,0.03125,0.016,0.07950000000000002
5741,14,141,4000,5763,0.001,0.012235410882423374,0.020335518960520833,3654,119,170,57,0.9135,0.02975,0.0425,0.01425,0.08650000000000002
5742,14,142,4000,5764,0.001,0.012140992644615895,0.020448367972416698,3690,122,147,41,0.9225,0.0305,0.03675,0.01025,0.07750000000000001
5743,14,143,4000,5765,0.001,0.012357564071821205,0.020529229908565372,3681,116,142,61,0.92025,0.029,0.0355,0.01525,0.07974999999999999
5744,14,144,4000,5766,0.001,0.011922326134560412,0.02085179337572702,3695,119,138,48,0.92375,0.02975,0.0345,0.012,0.07625000000000004
5745,14,145,4000,5767,0.001,0.011913584788438403,0.020866843171219545,3718,113,135,34,0.9295,0.02825,0.03375,0.0085,0.07050000000000001
5746,14,146,4000,5768,0.001,0.012084293046607403,0.02091886348341932,3675,131,142,52,0.91875,0.03275,0.0355,0.013,0.08125000000000004
5747,14,147,4000,5769,0.001,0.012291636926307085,0.020925168825284998,3671,131,158,40,0.91775,0.03275,0.0395,0.01,0.08225000000000005
5748,14,148,4000,5770,0.001,0.011999049507167889,0.021077529896518402,3669,117,164,50,0.91725,0.02925,0.041,0.0125,0.08274999999999999
5749,14,149,4000,5771,0.001,0.01201453014576815,0.021257524405588056,3704,123,123,50,0.926,0.03075,0.03075,0.0125,0.07399999999999995
5750,14,150,4000,5772,0.001,0.011994146602779381,0.021388622002043202,3679,143,139,39,0.91975,0.03575,0.03475,0.00975,0.08025000000000004
5751,14,151,4000,5773,0.001,0.012106443871637267,0.02139210757350295,3657,122,170,51,0.91425,0.0305,0.0425,0.01275,0.08574999999999999
5752,14,152,4000,5774,0.001,0.011929125931967986,0.021416277034932502,3657,143,141,59,0.91425,0.03575,0.03525,0.01475,0.08574999999999999
5753,14,153,4000,5775,0.001,0.011859326489185081,0.02153439673104306,3682,124,154,40,0.9205,0.031,0.0385,0.01,0.07950000000000002
5754,14,154,4000,5776,0.001,0.011531330779769935,0.021671744150729495,3682,129,142,47,0.9205,0.03225,0.0355,0.01175,0.07950000000000002
5755,14,155,4000,5777,0.001,0.011538726218094432,0.02162661784692805,3664,139,143,54,0.916,0.03475,0.03575,0.0135,0.08399999999999996
5756,14,156,4000,5778,0.001,0.011226868886279858,0.02170211595489817,3731,105,130,34,0.93275,0.02625,0.0325,0.0085,0.06725000000000003
5757,14,157,4000,5779,0.001,0.011026798525896461,0.021633250931520992,3682,126,150,42,0.9205,0.0315,0.0375,0.0105,0.07950000000000002
5758,14,158,4000,5780,0.001,0.01110061469933416,0.021674801288869967,3698,109,148,45,0.9245,0.02725,0.037,0.01125,0.07550000000000001
5759,14,159,4000,5781,0.001,0.01086682972005388,0.021729444646437158,3693,109,148,50,0.92325,0.02725,0.037,0.0125,0.07674999999999998
5760,14,160,4000,5782,0.001,0.010964729538547428,0.0217018895947102,3699,117,134,50,0.92475,0.02925,0.0335,0.0125,0.07525000000000004
5761,14,161,4000,5783,0.001,0.011029337064947426,0.02158926280115641,3668,129,152,51,0.917,0.03225,0.038,0.01275,0.08299999999999996
5762,14,162,4000,5784,0.001,0.01111637652829573,0.02159869610374195,3699,103,161,37,0.92475,0.02575,0.04025,0.00925,0.07525000000000004
5763,14,163,4000,5785,0.001,0.011454748364527357,0.021689619636836334,3673,129,149,49,0.91825,0.03225,0.03725,0.01225,0.08174999999999999
5764,14,164,4000,5786,0.001,0.011684607015093844,0.021513286853291368,3667,126,154,53,0.91675,0.0315,0.0385,0.01325,0.08325000000000005
5765,14,165,4000,5787,0.001,0.011843871908917603,0.02147040749770577,3681,121,148,50,0.92025,0.03025,0.037,0.0125,0.07974999999999999
5766,14,166,4000,5788,0.001,0.01198533164753203,0.0214307277741574,3657,128,167,48,0.91425,0.032,0.04175,0.012,0.08574999999999999
5767,14,167,4000,5789,0.001,0.011824463321221453,0.02141636510813655,3660,124,169,47,0.915,0.031,0.04225,0.01175,0.08499999999999996
5768,14,168,4000,5790,0.001,0.012203807829274993,0.021322762283407366,3689,130,138,43,0.92225,0.0325,0.0345,0.01075,0.07774999999999999
5769,14,169,4000,5791,0.001,0.01208319907353679,0.0213504672445932,3642,157,153,48,0.9105,0.03925,0.03825,0.012,0.08950000000000002
5770,14,170,4000,5792,0.001,0.012157406328188024,0.021495397756038426,3635,146,157,62,0.90875,0.0365,0.03925,0.0155,0.09125000000000005
5771,14,171,4000,5793,0.001,0.012169766359191592,0.021678351499336505,3662,121,155,62,0.9155,0.03025,0.03875,0.0155,0.08450000000000002
5772,14,172,4000,5794,0.001,0.01236765954931669,0.02179699905794322,3662,124,162,52,0.9155,0.031,0.0405,0.013,0.08450000000000002
5773,14,173,4000,5795,0.001,0.012509029486438328,0.02206787245204867,3698,117,136,49,0.9245,0.02925,0.034,0.01225,0.07550000000000001
5774,14,174,4000,5796,0.001,0.012528784338230877,0.02203323580142477,3664,142,131,63,0.916,0.0355,0.03275,0.01575,0.08399999999999996
5775,14,175,4000,5797,0.001,0.012454507522137535,0.021889851454744622,3676,107,165,52,0.919,0.02675,0.04125,0.013,0.08099999999999996
5776,14,176,4000,5798,0.001,0.012619410654688244,0.021981405139397264,3691,114,140,55,0.92275,0.0285,0.035,0.01375,0.07725000000000004
5777,14,177,4000,5799,0.001,0.012553427699179205,0.022062573028244874,3661,132,148,59,0.91525,0.033,0.037,0.01475,0.08474999999999999
5778,14,178,4000,5800,0.001,0.012445657677717962,0.021998959151453192,3694,122,142,42,0.9235,0.0305,0.0355,0.0105,0.07650000000000001
5779,14,179,4000,5801,0.001,0.012335055990364956,0.021898602335437608,3652,142,169,37,0.913,0.0355,0.04225,0.00925,0.08699999999999997
5780,14,180,4000,5802,0.001,0.012424358265281996,0.021956427865914348,3664,130,149,57,0.916,0.0325,0.03725,0.01425,0.08399999999999996
5781,14,181,4000,5803,0.001,0.012351274615484272,0.021878271153499558,3677,142,139,42,0.91925,0.0355,0.03475,0.0105,0.08074999999999999
5782,14,182,4000,5804,0.001,0.012080673302018615,0.021877325066203716,3668,115,164,53,0.917,0.02875,0.041,0.01325,0.08299999999999996
5783,14,183,4000,5805,0.001,0.011725271177935374,0.021969365279980675,3680,132,150,38,0.92,0.033,0.0375,0.0095,0.07999999999999996
5784,14,184,4000,5806,0.001,0.011681404053660515,0.021923621558540028,3663,135,133,69,0.91575,0.03375,0.03325,0.01725,0.08425000000000005
5785,14,185,4000,5807,0.001,0.01196654569669084,0.02204239537764002,3679,126,140,55,0.91975,0.0315,0.035,0.01375,0.08025000000000004
5786,14,186,4000,5808,0.001,0.012287772754200822,0.022220259327022433,3663,137,153,47,0.91575,0.03425,0.03825,0.01175,0.08425000000000005
5787,14,187,4000,5809,0.001,0.012345972774722,0.02236396131833553,3696,115,145,44,0.924,0.02875,0.03625,0.011,0.07599999999999996
5788,14,188,4000,5810,0.001,0.011968071830322446,0.0224235283630748,3684,123,161,32,0.921,0.03075,0.04025,0.008,0.07899999999999996
5789,14,189,4000,5811,0.001,0.01229918375746303,0.02243138815889809,3663,141,149,47,0.91575,0.03525,0.03725,0.01175,0.08425000000000005
5790,14,190,4000,5812,0.001,0.012628457395388365,0.02244923276456095,3668,132,146,54,0.917,0.033,0.0365,0.0135,0.08299999999999996
5791,14,191,4000,5813,0.001,0.012512381148430899,0.022540578008186495,3618,151,168,63,0.9045,0.03775,0.042,0.01575,0.09550000000000003
5792,14,192,4000,5814,0.001,0.01215140405000002,0.02252414988461675,3678,112,156,54,0.9195,0.028,0.039,0.0135,0.08050000000000002
5793,14,193,4000,5815,0.001,0.012185728720434425,0.02254568440147171,3696,116,155,33,0.924,0.029,0.03875,0.00825,0.07599999999999996
5794,14,194,4000,5816,0.001,0.012337458933434048,0.02255721992445389,3624,157,163,56,0.906,0.03925,0.04075,0.014,0.09399999999999997
5795,14,195,4000,5817,0.001,0.01257660814267923,0.02262124640923727,3656,131,162,51,0.914,0.03275,0.0405,0.01275,0.08599999999999997
5796,14,196,4000,5818,0.001,0.0125609953334206,0.02273521043966883,3633,122,185,60,0.90825,0.0305,0.04625,0.015,0.09175
5797,14,197,4000,5819,0.001,0.012519167978320029,0.02274682273487919,3643,132,174,51,0.91075,0.033,0.0435,0.01275,0.08925000000000005
5798,14,198,4000,5820,0.001,0.01255356144631249,0.022737872574756342,3651,135,168,46,0.91275,0.03375,0.042,0.0115,0.08725000000000005
5799,14,199,4000,5821,0.001,0.012870714611722775,0.022839448753266628,3635,158,166,41,0.90875,0.0395,0.0415,0.01025,0.09125000000000005
5800,14,200,4000,5822,0.001,0.012771597337103991,0.02285718677562236,3645,130,157,68,0.91125,0.0325,0.03925,0.017,0.08875
5801,14,201,4000,5823,0.001,0.012919898495061958,0.02294131581909048,3655,140,143,62,0.91375,0.035,0.03575,0.0155,0.08625000000000005
5802,14,202,4000,5824,0.001,0.013040228069256227,0.02292448679373727,3665,142,137,56,0.91625,0.0355,0.03425,0.014,0.08374999999999999
5803,14,203,4000,5825,0.001,0.01321457022008928,0.022892815856313895,3685,120,147,48,0.92125,0.03,0.03675,0.012,0.07874999999999999
5804,14,204,4000,5826,0.001,0.012968496615984473,0.022895417334602368,3643,132,162,63,0.91075,0.033,0.0405,0.01575,0.08925000000000005
5805,14,205,4000,5827,0.001,0.013023849824544746,0.022823926449529776,3688,118,151,43,0.922,0.0295,0.03775,0.01075,0.07799999999999996
5806,14,206,4000,5828,0.001,0.013461073463640866,0.02282890685513546,3676,116,158,50,0.919,0.029,0.0395,0.0125,0.08099999999999996
5807,14,207,4000,5829,0.001,0.013663603209592073,0.02278399809921141,3640,151,146,63,0.91,0.03775,0.0365,0.01575,0.08999999999999997
5808,14,208,4000,5830,0.001,0.013782289648266544,0.02280979140490766,3621,149,174,56,0.90525,0.03725,0.0435,0.014,0.09475
5809,14,209,4000,5831,0.001,0.013768961864609434,0.02289550137848591,3638,147,154,61,0.9095,0.03675,0.0385,0.01525,0.09050000000000002
5810,14,210,4000,5832,0.001,0.014024413145087875,0.02295926190892355,3647,141,162,50,0.91175,0.03525,0.0405,0.0125,0.08825000000000005
5811,14,211,4000,5833,0.001,0.013795420864834962,0.02294832167827743,3619,152,165,64,0.90475,0.038,0.04125,0.016,0.09524999999999995
5812,14,212,4000,5834,0.001,0.013670892162507253,0.022922237821983497,3667,129,146,58,0.91675,0.03225,0.0365,0.0145,0.08325000000000005
5813,14,213,4000,5835,0.001,0.013822846284392901,0.02294315445565274,3617,133,183,67,0.90425,0.03325,0.04575,0.01675,0.09575
5814,14,214,4000,5836,0.001,0.013952292557754094,0.02298458096815874,3576,165,188,71,0.894,0.04125,0.047,0.01775,0.10599999999999998
5815,14,215,4000,5837,0.001,0.013827306748481356,0.022842249204813887,3627,157,174,42,0.90675,0.03925,0.0435,0.0105,0.09325000000000006
5816,14,216,4000,5838,0.001,0.01397711865560987,0.02288802678702908,3629,139,173,59,0.90725,0.03475,0.04325,0.01475,0.09275
5817,14,217,4000,5839,0.001,0.014041984370646882,0.0229362466750792,3597,152,193,58,0.89925,0.038,0.04825,0.0145,0.10075
5818,14,218,4000,5840,0.001,0.013994564539001181,0.022989056351852093,3661,123,160,56,0.91525,0.03075,0.04,0.014,0.08474999999999999
5819,14,219,4000,5841,0.001,0.01383574615004014,0.023083079934728634,3644,133,151,72,0.911,0.03325,0.03775,0.018,0.08899999999999997
5820,14,220,4000,5842,0.001,0.014098434029643536,0.02290039859122793,3655,155,154,36,0.91375,0.03875,0.0385,0.009,0.08625000000000005
5821,14,221,4000,5843,0.001,0.014191066523063641,0.023042770896623172,3657,135,155,53,0.91425,0.03375,0.03875,0.01325,0.08574999999999999
5822,14,222,4000,5844,0.001,0.014301554950227894,0.022912966537164754,3650,135,145,70,0.9125,0.03375,0.03625,0.0175,0.08750000000000002
5823,14,223,4000,5845,0.001,0.014707455658222743,0.022898559945690792,3646,117,179,58,0.9115,0.02925,0.04475,0.0145,0.08850000000000002
5824,14,224,4000,5846,0.001,0.014386138558654817,0.02306297345680668,3635,157,154,54,0.90875,0.03925,0.0385,0.0135,0.09125000000000005
5825,14,225,4000,5847,0.001,0.01433544031688784,0.023145795634785866,3660,140,148,52,0.915,0.035,0.037,0.013,0.08499999999999996
5826,14,226,4000,5848,0.001,0.014737231852674934,0.02320200605589572,3640,135,166,59,0.91,0.03375,0.0415,0.01475,0.08999999999999997
5827,14,227,4000,5849,0.001,0.015143359746307154,0.02331318764956872,3624,135,182,59,0.906,0.03375,0.0455,0.01475,0.09399999999999997
5828,14,228,4000,5850,0.001,0.015245719089248672,0.02334482976278125,3621,151,160,68,0.90525,0.03775,0.04,0.017,0.09475
5829,14,229,4000,5851,0.001,0.015243484238625768,0.02318995777958372,3612,149,171,68,0.903,0.03725,0.04275,0.017,0.09699999999999998
5830,14,230,4000,5852,0.001,0.015037157262887058,0.023240077148116736,3628,145,175,52,0.907,0.03625,0.04375,0.013,0.09299999999999997
5831,14,231,4000,5853,0.001,0.015078305603257418,0.023336506686538507,3596,158,172,74,0.899,0.0395,0.043,0.0185,0.10099999999999998
5832,14,232,4000,5854,0.001,0.015203866260279244,0.023343669903795286,3642,137,151,70,0.9105,0.03425,0.03775,0.0175,0.08950000000000002
5833,14,233,4000,5855,0.001,0.015283838562896685,0.02332397396294871,3690,108,155,47,0.9225,0.027,0.03875,0.01175,0.07750000000000001
5834,14,234,4000,5856,0.001,0.01499193173692904,0.023233704612496985,3606,150,174,70,0.9015,0.0375,0.0435,0.0175,0.09850000000000003
5835,14,235,4000,5857,0.001,0.01510633416034332,0.023113205364030154,3600,149,181,70,0.9,0.03725,0.04525,0.0175,0.09999999999999998
5836,14,236,4000,5858,0.001,0.015037702076202909,0.02314897526386173,3653,132,163,52,0.91325,0.033,0.04075,0.013,0.08675
5837,14,237,4000,5859,0.001,0.015213262753981271,0.02307055948404188,3644,128,163,65,0.911,0.032,0.04075,0.01625,0.08899999999999997
5838,14,238,4000,5860,0.001,0.015315126190417814,0.022939322176205354,3607,158,170,65,0.90175,0.0395,0.0425,0.01625,0.09824999999999995
5839,14,239,4000,5861,0.001,0.015136956621275356,0.022796919037701806,3628,139,175,58,0.907,0.03475,0.04375,0.0145,0.09299999999999997
5840,14,240,4000,5862,0.001,0.01502526276602502,0.02263474726436041,3610,129,188,73,0.9025,0.03225,0.047,0.01825,0.09750000000000003
5841,14,241,4000,5863,0.001,0.014928241431816997,0.02254897360423913,3631,124,184,61,0.90775,0.031,0.046,0.01525,0.09225000000000005
5842,14,242,4000,5864,0.001,0.014929165932367072,0.02258541057490609,3597,167,164,72,0.89925,0.04175,0.041,0.018,0.10075
5843,14,243,4000,5865,0.001,0.015025463100831696,0.022436684084092978,3636,129,164,71,0.909,0.03225,0.041,0.01775,0.09099999999999997
5844,14,244,4000,5866,0.001,0.015160481620457574,0.02234113099161418,3632,147,171,50,0.908,0.03675,0.04275,0.0125,0.09199999999999997
5845,14,245,4000,5867,0.001,0.015282855686749724,0.02246074851649717,3638,125,177,60,0.9095,0.03125,0.04425,0.015,0.09050000000000002
5846,14,246,4000,5868,0.001,0.015384038915305856,0.022566602717069003,3650,147,144,59,0.9125,0.03675,0.036,0.01475,0.08750000000000002
5847,14,247,4000,5869,0.001,0.015311458647188268,0.02252466772300393,3605,147,183,65,0.90125,0.03675,0.04575,0.01625,0.09875
5848,14,248,4000,5870,0.001,0.015554893206741329,0.02269237080519957,3627,141,169,63,0.90675,0.03525,0.04225,0.01575,0.09325000000000006
5849,14,249,4000,5871,0.001,0.015456672022074038,0.022671571488818005,3622,139,177,62,0.9055,0.03475,0.04425,0.0155,0.09450000000000003
5850,14,250,4000,5872,0.001,0.015299926935128463,0.022600149719119823,3623,123,193,61,0.90575,0.03075,0.04825,0.01525,0.09424999999999994
5851,14,251,4000,5873,0.001,0.015453043532027026,0.022566982018060712,3606,162,166,66,0.9015,0.0405,0.0415,0.0165,0.09850000000000003
5852,14,252,4000,5874,0.001,0.015461918474934385,0.02261259522668771,3601,149,186,64,0.90025,0.03725,0.0465,0.016,0.09975
5853,14,253,4000,5875,0.001,0.015652754838483877,0.02245690285425832,3614,145,189,52,0.9035,0.03625,0.04725,0.013,0.09650000000000003
5854,14,254,4000,5876,0.001,0.015918735963598295,0.022406448959586597,3606,162,174,58,0.9015,0.0405,0.0435,0.0145,0.09850000000000003
5855,14,255,4000,5877,0.001,0.01559641325664683,0.022315660024907615,3609,156,163,72,0.90225,0.039,0.04075,0.018,0.09775
5856,14,256,4000,5878,0.001,0.015737108091003083,0.022418254559463273,3590,164,176,70,0.8975,0.041,0.044,0.0175,0.10250000000000004
5857,14,257,4000,5879,0.001,0.015976583617866996,0.02241209934031036,3610,144,161,85,0.9025,0.036,0.04025,0.02125,0.09750000000000003
5858,14,258,4000,5880,0.001,0.01610958662903911,0.0224087771528807,3624,153,165,58,0.906,0.03825,0.04125,0.0145,0.09399999999999997
5859,14,259,4000,5881,0.001,0.0160457919616983,0.022283701209901374,3629,157,142,72,0.90725,0.03925,0.0355,0.018,0.09275
5860,14,260,4000,5882,0.001,0.01596019179054598,0.02223564394033832,3604,146,188,62,0.901,0.0365,0.047,0.0155,0.09899999999999998
5861,14,261,4000,5883,0.001,0.015877028584333847,0.02236625652878093,3643,132,169,56,0.91075,0.033,0.04225,0.014,0.08925000000000005
5862,14,262,4000,5884,0.001,0.016195668054351423,0.022351104940967332,3591,158,178,73,0.89775,0.0395,0.0445,0.01825,0.10224999999999995
5863,14,263,4000,5885,0.001,0.01650161107539797,0.022597261333101692,3597,165,164,74,0.89925,0.04125,0.041,0.0185,0.10075
5864,14,264,4000,5886,0.001,0.01647543435024007,0.022772789664730998,3612,128,203,57,0.903,0.032,0.05075,0.01425,0.09699999999999998
5865,14,265,4000,5887,0.001,0.01628182995785484,0.022693565378726195,3599,159,184,58,0.89975,0.03975,0.046,0.0145,0.10024999999999995
5866,14,266,4000,5888,0.001,0.016174845652400942,0.02273313352075995,3597,157,189,57,0.89925,0.03925,0.04725,0.01425,0.10075
5867,14,267,4000,5889,0.001,0.01639202450891579,0.022852199225582858,3586,164,167,83,0.8965,0.041,0.04175,0.02075,0.10350000000000004
5868,14,268,4000,5890,0.001,0.01646369342380691,0.022785979629183842,3624,137,182,57,0.906,0.03425,0.0455,0.01425,0.09399999999999997
5869,14,269,4000,5891,0.001,0.016476388996791887,0.022901826783873376,3605,156,165,74,0.90125,0.039,0.04125,0.0185,0.09875
5870,14,270,4000,5892,0.001,0.016724645630701158,0.022923309583508158,3611,142,185,62,0.90275,0.0355,0.04625,0.0155,0.09724999999999995
5871,14,271,4000,5893,0.001,0.016949682186890396,0.022942080080804787,3615,150,187,48,0.90375,0.0375,0.04675,0.012,0.09624999999999995
5872,14,272,4000,5894,0.001,0.017073127785795787,0.022957073268773023,3600,148,181,71,0.9,0.037,0.04525,0.01775,0.09999999999999998
5873,14,273,4000,5895,0.001,0.016992369857436976,0.022925025355374808,3615,160,163,62,0.90375,0.04,0.04075,0.0155,0.09624999999999995
5874,14,274,4000,5896,0.001,0.017366735920322753,0.022909090294509105,3593,155,179,73,0.89825,0.03875,0.04475,0.01825,0.10175000000000001
5875,14,275,4000,5897,0.001,0.017321280442186334,0.022830843595292288,3559,175,198,68,0.88975,0.04375,0.0495,0.017,0.11024999999999996
5876,14,276,4000,5898,0.001,0.017038653919993405,0.022871314581413258,3621,142,166,71,0.90525,0.0355,0.0415,0.01775,0.09475
5877,14,277,4000,5899,0.001,0.01703935343218726,0.022744581032314738,3614,140,174,72,0.9035,0.035,0.0435,0.018,0.09650000000000003
5878,14,278,4000,5900,0.001,0.01704091474073088,0.022956490619447,3580,181,177,62,0.895,0.04525,0.04425,0.0155,0.10499999999999998
5879,14,279,4000,5901,0.001,0.017330599151357026,0.022896386040432048,3618,144,167,71,0.9045,0.036,0.04175,0.01775,0.09550000000000003
5880,14,280,4000,5902,0.001,0.017740729261888834,0.022795634621351323,3581,154,189,76,0.89525,0.0385,0.04725,0.019,0.10475000000000001
5881,14,281,4000,5903,0.001,0.01809006687764021,0.022963139817486697,3592,157,188,63,0.898,0.03925,0.047,0.01575,0.10199999999999998
5882,14,282,4000,5904,0.001,0.017843073147167616,0.02278858205862829,3589,167,174,70,0.89725,0.04175,0.0435,0.0175,0.10275000000000001
5883,14,283,4000,5905,0.001,0.017633105002215235,0.02270316706979384,3599,140,197,64,0.89975,0.035,0.04925,0.016,0.10024999999999995
5884,14,284,4000,5906,0.001,0.017711719933595514,0.022704820261185085,3590,144,184,82,0.8975,0.036,0.046,0.0205,0.10250000000000004
5885,14,285,4000,5907,0.001,0.017813717785284733,0.022789116612242352,3595,161,182,62,0.89875,0.04025,0.0455,0.0155,0.10124999999999995
5886,14,286,4000,5908,0.001,0.017689137759568263,0.022668954648864002,3629,119,180,72,0.90725,0.02975,0.045,0.018,0.09275
5887,14,287,4000,5909,0.001,0.017902768962144607,0.022583568363962844,3606,147,197,50,0.9015,0.03675,0.04925,0.0125,0.09850000000000003
5888,14,288,4000,5910,0.001,0.01810341479309909,0.022733051256594708,3565,158,201,76,0.89125,0.0395,0.05025,0.019,0.10875000000000001
5889,14,289,4000,5911,0.001,0.01805135165753843,0.022757608107686556,3596,173,167,64,0.899,0.04325,0.04175,0.016,0.10099999999999998
5890,14,290,4000,5912,0.001,0.018417497069640458,0.022874653951755412,3575,148,196,81,0.89375,0.037,0.049,0.02025,0.10624999999999996
5891,14,291,4000,5913,0.001,0.01827396420056545,0.023050894442673733,3595,141,188,76,0.89875,0.03525,0.047,0.019,0.10124999999999995
5892,14,292,4000,5914,0.001,0.01837507621223915,0.023027270615047644,3591,137,188,84,0.89775,0.03425,0.047,0.021,0.10224999999999995
5893,14,293,4000,5915,0.001,0.01827306174157044,0.02299489385430193,3604,157,163,76,0.901,0.03925,0.04075,0.019,0.09899999999999998
5894,14,294,4000,5916,0.001,0.018044714950450916,0.023057497442406562,3571,141,205,83,0.89275,0.03525,0.05125,0.02075,0.10724999999999996
5895,14,295,4000,5917,0.001,0.018068654549527784,0.023028421055669913,3600,145,182,73,0.9,0.03625,0.0455,0.01825,0.09999999999999998
5896,14,296,4000,5918,0.001,0.01805571296382565,0.023036382783783997,3587,148,188,77,0.89675,0.037,0.047,0.01925,0.10324999999999995
5897,14,297,4000,5919,0.001,0.01815530390406168,0.023121069738213564,3583,167,178,72,0.89575,0.04175,0.0445,0.018,0.10424999999999995
5898,14,298,4000,5920,0.001,0.01825302262019142,0.023217927473224174,3584,187,153,76,0.896,0.04675,0.03825,0.019,0.10399999999999998
5899,14,299,4000,5921,0.001,0.018652893191408122,0.023176052446272376,3584,160,187,69,0.896,0.04,0.04675,0.01725,0.10399999999999998
5900,14,300,4000,5922,0.001,0.01866215686773465,0.023322479705954063,3595,139,194,72,0.89875,0.03475,0.0485,0.018,0.10124999999999995
5901,14,301,4000,5923,0.001,0.018286411531159303,0.02335635540627655,3561,155,198,86,0.89025,0.03875,0.0495,0.0215,0.10975000000000001
5902,14,302,4000,5924,0.001,0.018618403448364886,0.02328524074946907,3603,159,166,72,0.90075,0.03975,0.0415,0.018,0.09924999999999995
5903,14,303,4000,5925,0.001,0.018907877363582338,0.023242969993789078,3574,167,180,79,0.8935,0.04175,0.045,0.01975,0.10650000000000004
5904,14,304,4000,5926,0.001,0.019074494328650136,0.023190816693198103,3583,150,198,69,0.89575,0.0375,0.0495,0.01725,0.10424999999999995
5905,14,305,4000,5927,0.001,0.01919476142536458,0.02334147975322571,3617,132,178,73,0.90425,0.033,0.0445,0.01825,0.09575
5906,14,306,4000,5928,0.001,0.019142597722276604,0.023463732467097004,3588,150,180,82,0.897,0.0375,0.045,0.0205,0.10299999999999998
5907,14,307,4000,5929,0.001,0.01929927924809733,0.02334138455319973,3547,174,198,81,0.88675,0.0435,0.0495,0.02025,0.11324999999999996
5908,14,308,4000,5930,0.001,0.01932070533798331,0.023159888678330062,3605,129,195,71,0.90125,0.03225,0.04875,0.01775,0.09875
5909,14,309,4000,5931,0.001,0.01956651692868585,0.023230396927866163,3561,162,209,68,0.89025,0.0405,0.05225,0.017,0.10975000000000001
5910,14,310,4000,5932,0.001,0.019472067105758096,0.02333549119055149,3556,164,196,84,0.889,0.041,0.049,0.021,0.11099999999999999
5911,14,311,4000,5933,0.001,0.01945606615342609,0.023123254063473538,3582,148,188,82,0.8955,0.037,0.047,0.0205,0.10450000000000004
5912,14,312,4000,5934,0.001,0.019533365454097052,0.023154467688637527,3557,149,203,91,0.88925,0.03725,0.05075,0.02275,0.11075000000000002
5913,14,313,4000,5935,0.001,0.019558654486871913,0.02310578749322647,3567,167,194,72,0.89175,0.04175,0.0485,0.018,0.10824999999999996
5914,14,314,4000,5936,0.001,0.019533078705725303,0.023124269158986927,3551,168,202,79,0.88775,0.042,0.0505,0.01975,0.11224999999999996
5915,14,315,4000,5937,0.001,0.019090434047107127,0.023182962060625114,3565,167,187,81,0.89125,0.04175,0.04675,0.02025,0.10875000000000001
5916,14,316,4000,5938,0.001,0.019386620592286758,0.023253952836738357,3522,202,198,78,0.8805,0.0505,0.0495,0.0195,0.11950000000000005
5917,14,317,4000,5939,0.001,0.019189916604919848,0.02322559526018248,3588,138,203,71,0.897,0.0345,0.05075,0.01775,0.10299999999999998
5918,14,318,4000,5940,0.001,0.019146681950504698,0.02329172848172462,3609,154,147,90,0.90225,0.0385,0.03675,0.0225,0.09775
5919,14,319,4000,5941,0.001,0.019261565168289935,0.02340966175013859,3593,158,166,83,0.89825,0.0395,0.0415,0.02075,0.10175000000000001
5920,14,320,4000,5942,0.001,0.01866556907168829,0.02332292924570923,3544,156,214,86,0.886,0.039,0.0535,0.0215,0.11399999999999999
5921,14,321,4000,5943,0.001,0.018726062206713946,0.023490698321836263,3566,155,195,84,0.8915,0.03875,0.04875,0.021,0.10850000000000004
5922,14,322,4000,5944,0.001,0.018737401559013683,0.023588996161447245,3538,137,238,87,0.8845,0.03425,0.0595,0.02175,0.11550000000000005
5923,14,323,4000,5945,0.001,0.018969582005630727,0.023558125098792376,3566,185,176,73,0.8915,0.04625,0.044,0.01825,0.10850000000000004
5924,14,324,4000,5946,0.001,0.018884307596139974,0.0236204125842868,3576,146,203,75,0.894,0.0365,0.05075,0.01875,0.10599999999999998
5925,14,325,4000,5947,0.001,0.01895985490490159,0.02362250164786238,3566,161,193,80,0.8915,0.04025,0.04825,0.02,0.10850000000000004
5926,14,326,4000,5948,0.001,0.019032832237573776,0.02360036330163922,3577,162,188,73,0.89425,0.0405,0.047,0.01825,0.10575000000000001
5927,14,327,4000,5949,0.001,0.019178494387015587,0.023539745361255353,3565,163,206,66,0.89125,0.04075,0.0515,0.0165,0.10875000000000001
5928,14,328,4000,5950,0.001,0.019269652367993356,0.023467070839754692,3545,169,204,82,0.88625,0.04225,0.051,0.0205,0.11375000000000002
5929,14,329,4000,5951,0.001,0.018998373546308303,0.02358525158363092,3582,150,195,73,0.8955,0.0375,0.04875,0.01825,0.10450000000000004
5930,14,330,4000,5952,0.001,0.018984904922536246,0.023476391486394483,3599,136,194,71,0.89975,0.034,0.0485,0.01775,0.10024999999999995
5931,14,331,4000,5953,0.001,0.018813044532186695,0.023361222844237053,3581,152,182,85,0.89525,0.038,0.0455,0.02125,0.10475000000000001
5932,14,332,4000,5954,0.001,0.0188059391583214,0.023224485435238588,3551,156,209,84,0.88775,0.039,0.05225,0.021,0.11224999999999996
5933,14,333,4000,5955,0.001,0.018866550770705127,0.02328768120937989,3604,154,180,62,0.901,0.0385,0.045,0.0155,0.09899999999999998
5934,14,334,4000,5956,0.001,0.019074050074311073,0.023268690438148512,3590,164,178,68,0.8975,0.041,0.0445,0.017,0.10250000000000004
5935,14,335,4000,5957,0.001,0.018840477830561912,0.02341675051549943,3564,156,196,84,0.891,0.039,0.049,0.021,0.10899999999999999
5936,14,336,4000,5958,0.001,0.018955591588419224,0.023508249280022618,3577,167,189,67,0.89425,0.04175,0.04725,0.01675,0.10575000000000001
5937,14,337,4000,5959,0.001,0.01909881585670637,0.02352445246520304,3564,156,205,75,0.891,0.039,0.05125,0.01875,0.10899999999999999
5938,14,338,4000,5960,0.001,0.019262648879406645,0.02353261041817477,3561,176,186,77,0.89025,0.044,0.0465,0.01925,0.10975000000000001
5939,14,339,4000,5961,0.001,0.01908280385175064,0.02352895857815854,3573,162,184,81,0.89325,0.0405,0.046,0.02025,0.10675000000000001
5940,14,340,4000,5962,0.001,0.01926095988816383,0.02339371117004773,3560,164,201,75,0.89,0.041,0.05025,0.01875,0.10999999999999999
5941,14,341,4000,5963,0.001,0.019142007247601633,0.023578533062275114,3592,155,176,77,0.898,0.03875,0.044,0.01925,0.10199999999999998
5942,14,342,4000,5964,0.001,0.01929918159152856,0.023671921306340524,3541,156,223,80,0.88525,0.039,0.05575,0.02,0.11475000000000002
5943,14,343,4000,5965,0.001,0.019633036579607875,0.02367136917900031,3523,179,217,81,0.88075,0.04475,0.05425,0.02025,0.11924999999999997
5944,14,344,4000,5966,0.001,0.019477310665925663,0.023607941039892832,3561,167,208,64,0.89025,0.04175,0.052,0.016,0.10975000000000001
5945,14,345,4000,5967,0.001,0.019710307090869475,0.02353407374088813,3570,170,196,64,0.8925,0.0425,0.049,0.016,0.10750000000000004
5946,14,346,4000,5968,0.001,0.01941376724939088,0.0235557683867204,3551,168,190,91,0.88775,0.042,0.0475,0.02275,0.11224999999999996
5947,14,347,4000,5969,0.001,0.01941637221840048,0.02350701374686477,3568,169,171,92,0.892,0.04225,0.04275,0.023,0.10799999999999998
5948,14,348,4000,5970,0.001,0.019797855124025425,0.023533235530290613,3549,162,204,85,0.88725,0.0405,0.051,0.02125,0.11275000000000002
5949,14,349,4000,5971,0.001,0.019778316862364937,0.02356187419148781,3583,153,185,79,0.89575,0.03825,0.04625,0.01975,0.10424999999999995
5950,14,350,4000,5972,0.001,0.01982321322358619,0.023682535712584357,3558,160,200,82,0.8895,0.04,0.05,0.0205,0.11050000000000004
5951,14,351,4000,5973,0.001,0.019953262028054287,0.023661948287942353,3551,173,214,62,0.88775,0.04325,0.0535,0.0155,0.11224999999999996
5952,14,352,4000,5974,0.001,0.019569381390449975,0.023648715984023072,3566,150,204,80,0.8915,0.0375,0.051,0.02,0.10850000000000004
5953,14,353,4000,5975,0.001,0.01943710841623511,0.023789588686884567,3561,165,185,89,0.89025,0.04125,0.04625,0.02225,0.10975000000000001
5954,14,354,4000,5976,0.001,0.019306967345355593,0.02393516753600921,3587,167,168,78,0.89675,0.04175,0.042,0.0195,0.10324999999999995
5955,14,355,4000,5977,0.001,0.01944658402066709,0.023896634269638867,3599,147,183,71,0.89975,0.03675,0.04575,0.01775,0.10024999999999995
5956,14,356,4000,5978,0.001,0.019511286650644402,0.02395274894690734,3585,140,203,72,0.89625,0.035,0.05075,0.018,0.10375000000000001
5957,14,357,4000,5979,0.001,0.019546396973796756,0.024205619530481035,3597,160,175,68,0.89925,0.04,0.04375,0.017,0.10075
5958,14,358,4000,5980,0.001,0.019354224845246758,0.024171517668992906,3585,157,191,67,0.89625,0.03925,0.04775,0.01675,0.10375000000000001
5959,14,359,4000,5981,0.001,0.019055790383659052,0.024277686615823243,3541,171,211,77,0.88525,0.04275,0.05275,0.01925,0.11475000000000002
5960,14,360,4000,5982,0.001,0.018989291024143356,0.024276306272955656,3524,195,189,92,0.881,0.04875,0.04725,0.023,0.119
5961,14,361,4000,5983,0.001,0.018888665169841647,0.02438519995115906,3558,172,188,82,0.8895,0.043,0.047,0.0205,0.11050000000000004
5962,14,362,4000,5984,0.001,0.0187067492827149,0.024358385978992748,3551,162,198,89,0.88775,0.0405,0.0495,0.02225,0.11224999999999996
5963,14,363,4000,5985,0.001,0.018737657332647043,0.024478554392168585,3547,172,205,76,0.88675,0.043,0.05125,0.019,0.11324999999999996
5964,14,364,4000,5986,0.001,0.018597194500643913,0.024413208021855554,3600,162,171,67,0.9,0.0405,0.04275,0.01675,0.09999999999999998
5965,14,365,4000,5987,0.001,0.018363791375077498,0.024480004509895823,3593,160,198,49,0.89825,0.04,0.0495,0.01225,0.10175000000000001
5966,14,366,4000,5988,0.001,0.018495268817890105,0.02450118013458468,3567,170,182,81,0.89175,0.0425,0.0455,0.02025,0.10824999999999996
5967,14,367,4000,5989,0.001,0.018420453307940957,0.024641604406075275,3600,145,183,72,0.9,0.03625,0.04575,0.018,0.09999999999999998
5968,14,368,4000,5990,0.001,0.0182124064989516,0.02449456674024681,3578,161,176,85,0.8945,0.04025,0.044,0.02125,0.10550000000000004
5969,14,369,4000,5991,0.001,0.01812159627698132,0.024516666345291024,3594,147,185,74,0.8985,0.03675,0.04625,0.0185,0.10150000000000003
5970,14,370,4000,5992,0.001,0.017976713336520525,0.02441807387153478,3572,163,192,73,0.893,0.04075,0.048,0.01825,0.10699999999999998
5971,14,371,4000,5993,0.001,0.018229805403917335,0.024400150785625553,3592,136,208,64,0.898,0.034,0.052,0.016,0.10199999999999998
5972,14,372,4000,5994,0.001,0.01839029874780363,0.024268536000842646,3571,170,180,79,0.89275,0.0425,0.045,0.01975,0.10724999999999996
5973,14,373,4000,5995,0.001,0.018476453112637528,0.024491715759706975,3585,154,187,74,0.89625,0.0385,0.04675,0.0185,0.10375000000000001
5974,14,374,4000,5996,0.001,0.018217458190852846,0.024516905227699025,3577,157,191,75,0.89425,0.03925,0.04775,0.01875,0.10575000000000001
5975,14,375,4000,5997,0.001,0.018382661117453094,0.024673560897509297,3584,161,175,80,0.896,0.04025,0.04375,0.02,0.10399999999999998
5976,14,376,4000,5998,0.001,0.018443379440130376,0.024748596845314646,3593,140,191,76,0.89825,0.035,0.04775,0.019,0.10175000000000001
5977,14,377,4000,5999,0.001,0.01820355610911469,0.024757617046501583,3549,153,217,81,0.88725,0.03825,0.05425,0.02025,0.11275000000000002
5978,14,378,4000,6000,0.001,0.018231068525454402,0.02484325146193804,3566,150,197,87,0.8915,0.0375,0.04925,0.02175,0.10850000000000004
5979,14,379,4000,6001,0.001,0.018293624175592514,0.024962625288110583,3569,136,220,75,0.89225,0.034,0.055,0.01875,0.10775000000000001
5980,14,380,4000,6002,0.001,0.01848060805537099,0.024980621974937254,3544,162,217,77,0.886,0.0405,0.05425,0.01925,0.11399999999999999
5981,14,381,4000,6003,0.001,0.018545765899020183,0.02503255466057763,3565,177,196,62,0.89125,0.04425,0.049,0.0155,0.10875000000000001
5982,14,382,4000,6004,0.001,0.01861601417055908,0.02510707664715506,3553,186,201,60,0.88825,0.0465,0.05025,0.015,0.11175000000000002
5983,14,383,4000,6005,0.001,0.018324856870288356,0.02498441469862612,3564,173,187,76,0.891,0.04325,0.04675,0.019,0.10899999999999999
5984,14,384,4000,6006,0.001,0.017972165894311748,0.025071438414439047,3589,164,175,72,0.89725,0.041,0.04375,0.018,0.10275000000000001
5985,14,385,4000,6007,0.001,0.01823210745130646,0.025047308483485468,3595,139,201,65,0.89875,0.03475,0.05025,0.01625,0.10124999999999995
5986,14,386,4000,6008,0.001,0.018200372840707187,0.02512555260784476,3572,161,204,63,0.893,0.04025,0.051,0.01575,0.10699999999999998
5987,14,387,4000,6009,0.001,0.018095694739734252,0.025246024616578044,3566,154,207,73,0.8915,0.0385,0.05175,0.01825,0.10850000000000004
5988,14,388,4000,6010,0.001,0.018212871047411653,0.025205167142788667,3594,170,186,50,0.8985,0.0425,0.0465,0.0125,0.10150000000000003
5989,14,389,4000,6011,0.001,0.018393529576580386,0.025058798464644077,3579,161,193,67,0.89475,0.04025,0.04825,0.01675,0.10524999999999995
5990,14,390,4000,6012,0.001,0.018326778013210178,0.02505135239590069,3593,139,188,80,0.89825,0.03475,0.047,0.02,0.10175000000000001
5991,14,391,4000,6013,0.001,0.0185081920639365,0.025089677353078415,3582,161,190,67,0.8955,0.04025,0.0475,0.01675,0.10450000000000004
5992,14,392,4000,6014,0.001,0.018998516804720735,0.025045673662374878,3574,166,163,97,0.8935,0.0415,0.04075,0.02425,0.10650000000000004
5993,14,393,4000,6015,0.001,0.01935627521068349,0.025063852863082204,3563,161,211,65,0.89075,0.04025,0.05275,0.01625,0.10924999999999996
5994,14,394,4000,6016,0.001,0.019183543128527367,0.025025691199018887,3552,146,225,77,0.888,0.0365,0.05625,0.01925,0.11199999999999999
5995,14,395,4000,6017,0.001,0.01948564633361899,0.02479914732509083,3564,155,210,71,0.891,0.03875,0.0525,0.01775,0.10899999999999999
5996,14,396,4000,6018,0.001,0.019761200448186904,0.024745567112037386,3537,152,219,92,0.88425,0.038,0.05475,0.023,0.11575000000000002
5997,14,397,4000,6019,0.001,0.019916722729511747,0.024610627855033016,3569,172,185,74,0.89225,0.043,0.04625,0.0185,0.10775000000000001
5998,14,398,4000,6020,0.001,0.019846333613181086,0.024642265451764362,3546,159,212,83,0.8865,0.03975,0.053,0.02075,0.11350000000000005
5999,14,399,4000,6021,0.001,0.020409180104324683,0.024627453228478896,3533,173,216,78,0.88325,0.04325,0.054,0.0195,0.11675000000000002
