split,split_row,trajectory_id,input_start_cycle,input_end_cycle,target_cycle,target_raw_row,y
train,0,2,0,7,8,808,0
train,1,2,1,8,9,809,0
train,2,2,2,9,10,810,0
train,3,2,3,10,11,811,0
train,4,2,4,11,12,812,0
train,5,2,5,12,13,813,0
train,6,2,6,13,14,814,0
train,7,2,7,14,15,815,0
train,8,2,8,15,16,816,1
train,9,2,9,16,17,817,0
train,10,2,10,17,18,818,0
train,11,2,11,18,19,819,0
train,12,2,12,19,20,820,0
train,13,2,13,20,21,821,0
train,14,2,14,21,22,822,0
train,15,2,15,22,23,823,0
train,16,2,16,23,24,824,0
train,17,2,17,24,25,825,0
train,18,2,18,25,26,826,0
train,19,2,19,26,27,827,1
train,20,2,20,27,28,828,0
train,21,2,21,28,29,829,0
train,22,2,22,29,30,830,0
train,23,2,23,30,31,831,0
train,24,2,24,31,32,832,0
train,25,2,25,32,33,833,0
train,26,2,26,33,34,834,1
train,27,2,27,34,35,835,1
train,28,2,28,35,36,836,1
train,29,2,29,36,37,837,0
train,30,2,30,37,38,838,0
train,31,2,31,38,39,839,0
train,32,2,32,39,40,840,0
train,33,2,33,40,41,841,0
train,34,2,34,41,42,842,1
train,35,2,35,42,43,843,1
train,36,2,36,43,44,844,1
train,37,2,37,44,45,845,1
train,38,2,38,45,46,846,0
train,39,2,39,46,47,847,1
train,40,2,40,47,48,848,0
train,41,2,41,48,49,849,0
train,42,2,42,49,50,850,0
train,43,2,43,50,51,851,0
train,44,2,44,51,52,852,0
train,45,2,45,52,53,853,0
train,46,2,46,53,54,854,0
train,47,2,47,54,55,855,0
train,48,2,48,55,56,856,1
train,49,2,49,56,57,857,0
train,50,2,50,57,58,858,0
train,51,2,51,58,59,859,0
train,52,2,52,59,60,860,0
train,53,2,53,60,61,861,0
train,54,2,54,61,62,862,0
train,55,2,55,62,63,863,0
train,56,2,56,63,64,864,0
train,57,2,57,64,65,865,0
train,58,2,58,65,66,866,0
train,59,2,59,66,67,867,0
train,60,2,60,67,68,868,0
train,61,2,61,68,69,869,0
train,62,2,62,69,70,870,0
train,63,2,63,70,71,871,0
train,64,2,64,71,72,872,0
train,65,2,65,72,73,873,0
train,66,2,66,73,74,874,0
train,67,2,67,74,75,875,0
train,68,2,68,75,76,876,0
train,69,2,69,76,77,877,1
train,70,2,70,77,78,878,1
train,71,2,71,78,79,879,1
train,72,2,72,79,80,880,0
train,73,2,73,80,81,881,1
train,74,2,74,81,82,882,0
train,75,2,75,82,83,883,0
train,76,2,76,83,84,884,1
train,77,2,77,84,85,885,0
train,78,2,78,85,86,886,1
train,79,2,79,86,87,887,0
train,80,2,80,87,88,888,1
train,81,2,81,88,89,889,0
train,82,2,82,89,90,890,0
train,83,2,83,90,91,891,0
train,84,2,84,91,92,892,1
train,85,2,85,92,93,893,1
train,86,2,86,93,94,894,1
train,87,2,87,94,95,895,1
train,88,2,88,95,96,896,1
train,89,2,89,96,97,897,1
train,90,2,90,97,98,898,0
train,91,2,91,98,99,899,0
train,92,2,92,99,100,900,1
train,93,2,93,100,101,901,0
train,94,2,94,101,102,902,1
train,95,2,95,102,103,903,1
train,96,2,96,103,104,904,1
train,97,2,97,104,105,905,0
train,98,2,98,105,106,906,0
train,99,2,99,106,107,907,1
train,100,2,100,107,108,908,0
train,101,2,101,108,109,909,0
train,102,2,102,109,110,910,1
train,103,2,103,110,111,911,0
train,104,2,104,111,112,912,0
train,105,2,105,112,113,913,1
train,106,2,106,113,114,914,1
train,107,2,107,114,115,915,1
train,108,2,108,115,116,916,1
train,109,2,109,116,117,917,1
train,110,2,110,117,118,918,1
train,111,2,111,118,119,919,1
train,112,2,112,119,120,920,1
train,113,2,113,120,121,921,1
train,114,2,114,121,122,922,1
train,115,2,115,122,123,923,1
train,116,2,116,123,124,924,0
train,117,2,117,124,125,925,1
train,118,2,118,125,126,926,1
train,119,2,119,126,127,927,0
train,120,2,120,127,128,928,1
train,121,2,121,128,129,929,0
train,122,2,122,129,130,930,1
train,123,2,123,130,131,931,1
train,124,2,124,131,132,932,1
train,125,2,125,132,133,933,1
train,126,2,126,133,134,934,1
train,127,2,127,134,135,935,1
train,128,2,128,135,136,936,1
train,129,2,129,136,137,937,0
train,130,2,130,137,138,938,1
train,131,2,131,138,139,939,0
train,132,2,132,139,140,940,0
train,133,2,133,140,141,941,1
train,134,2,134,141,142,942,0
train,135,2,135,142,143,943,1
train,136,2,136,143,144,944,1
train,137,2,137,144,145,945,0
train,138,2,138,145,146,946,1
train,139,2,139,146,147,947,1
train,140,2,140,147,148,948,1
train,141,2,141,148,149,949,0
train,142,2,142,149,150,950,1
train,143,2,143,150,151,951,1
train,144,2,144,151,152,952,1
train,145,2,145,152,153,953,0
train,146,2,146,153,154,954,1
train,147,2,147,154,155,955,1
train,148,2,148,155,156,956,1
train,149,2,149,156,157,957,1
train,150,2,150,157,158,958,0
train,151,2,151,158,159,959,1
train,152,2,152,159,160,960,0
train,153,2,153,160,161,961,0
train,154,2,154,161,162,962,0
train,155,2,155,162,163,963,0
train,156,2,156,163,164,964,1
train,157,2,157,164,165,965,1
train,158,2,158,165,166,966,0
train,159,2,159,166,167,967,1
train,160,2,160,167,168,968,1
train,161,2,161,168,169,969,1
train,162,2,162,169,170,970,1
train,163,2,163,170,171,971,1
train,164,2,164,171,172,972,1
train,165,2,165,172,173,973,1
train,166,2,166,173,174,974,0
train,167,2,167,174,175,975,0
train,168,2,168,175,176,976,1
train,169,2,169,176,177,977,1
train,170,2,170,177,178,978,1
train,171,2,171,178,179,979,1
train,172,2,172,179,180,980,1
train,173,2,173,180,181,981,1
train,174,2,174,181,182,982,1
train,175,2,175,182,183,983,1
train,176,2,176,183,184,984,1
train,177,2,177,184,185,985,1
train,178,2,178,185,186,986,1
train,179,2,179,186,187,987,0
train,180,2,180,187,188,988,1
train,181,2,181,188,189,989,1
train,182,2,182,189,190,990,1
train,183,2,183,190,191,991,1
train,184,2,184,191,192,992,1
train,185,2,185,192,193,993,1
train,186,2,186,193,194,994,1
train,187,2,187,194,195,995,1
train,188,2,188,195,196,996,1
train,189,2,189,196,197,997,1
train,190,2,190,197,198,998,1
train,191,2,191,198,199,999,1
train,192,2,192,199,200,1000,0
train,193,2,193,200,201,1001,1
train,194,2,194,201,202,1002,1
train,195,2,195,202,203,1003,1
train,196,2,196,203,204,1004,1
train,197,2,197,204,205,1005,1
train,198,2,198,205,206,1006,1
train,199,2,199,206,207,1007,1
train,200,2,200,207,208,1008,1
train,201,2,201,208,209,1009,1
train,202,2,202,209,210,1010,1
train,203,2,203,210,211,1011,1
train,204,2,204,211,212,1012,1
train,205,2,205,212,213,1013,1
train,206,2,206,213,214,1014,1
train,207,2,207,214,215,1015,1
train,208,2,208,215,216,1016,1
train,209,2,209,216,217,1017,1
train,210,2,210,217,218,1018,1
train,211,2,211,218,219,1019,1
train,212,2,212,219,220,1020,1
train,213,2,213,220,221,1021,1
train,214,2,214,221,222,1022,1
train,215,2,215,222,223,1023,1
train,216,2,216,223,224,1024,1
train,217,2,217,224,225,1025,1
train,218,2,218,225,226,1026,1
train,219,2,219,226,227,1027,1
train,220,2,220,227,228,1028,1
train,221,2,221,228,229,1029,1
train,222,2,222,229,230,1030,1
train,223,2,223,230,231,1031,1
train,224,2,224,231,232,1032,1
train,225,2,225,232,233,1033,1
train,226,2,226,233,234,1034,1
train,227,2,227,234,235,1035,1
train,228,2,228,235,236,1036,1
train,229,2,229,236,237,1037,1
train,230,2,230,237,238,1038,1
train,231,2,231,238,239,1039,1
train,232,2,232,239,240,1040,1
train,233,2,233,240,241,1041,1
train,234,2,234,241,242,1042,1
train,235,2,235,242,243,1043,1
train,236,2,236,243,244,1044,1
train,237,2,237,244,245,1045,1
train,238,2,238,245,246,1046,1
train,239,2,239,246,247,1047,1
train,240,2,240,247,248,1048,1
train,241,2,241,248,249,1049,1
train,242,2,242,249,250,1050,1
train,243,2,243,250,251,1051,1
train,244,2,244,251,252,1052,1
train,245,2,245,252,253,1053,1
train,246,2,246,253,254,1054,1
train,247,2,247,254,255,1055,1
train,248,2,248,255,256,1056,1
train,249,2,249,256,257,1057,1
train,250,2,250,257,258,1058,1
train,251,2,251,258,259,1059,1
train,252,2,252,259,260,1060,1
train,253,2,253,260,261,1061,1
train,254,2,254,261,262,1062,1
train,255,2,255,262,263,1063,1
train,256,2,256,263,264,1064,1
train,257,2,257,264,265,1065,1
train,258,2,258,265,266,1066,1
train,259,2,259,266,267,1067,1
train,260,2,260,267,268,1068,1
train,261,2,261,268,269,1069,1
train,262,2,262,269,270,1070,1
train,263,2,263,270,271,1071,1
train,264,2,264,271,272,1072,1
train,265,2,265,272,273,1073,1
train,266,2,266,273,274,1074,1
train,267,2,267,274,275,1075,1
train,268,2,268,275,276,1076,1
train,269,2,269,276,277,1077,1
train,270,2,270,277,278,1078,1
train,271,2,271,278,279,1079,1
train,272,2,272,279,280,1080,1
train,273,2,273,280,281,1081,1
train,274,2,274,281,282,1082,1
train,275,2,275,282,283,1083,1
train,276,2,276,283,284,1084,1
train,277,2,277,284,285,1085,1
train,278,2,278,285,286,1086,1
train,279,2,279,286,287,1087,1
train,280,2,280,287,288,1088,1
train,281,2,281,288,289,1089,1
train,282,2,282,289,290,1090,1
train,283,2,283,290,291,1091,1
train,284,2,284,291,292,1092,1
train,285,2,285,292,293,1093,1
train,286,2,286,293,294,1094,1
train,287,2,287,294,295,1095,1
train,288,2,288,295,296,1096,1
train,289,2,289,296,297,1097,1
train,290,2,290,297,298,1098,1
train,291,2,291,298,299,1099,1
train,292,2,292,299,300,1100,1
train,293,2,293,300,301,1101,1
train,294,2,294,301,302,1102,1
train,295,2,295,302,303,1103,1
train,296,2,296,303,304,1104,1
train,297,2,297,304,305,1105,1
train,298,2,298,305,306,1106,1
train,299,2,299,306,307,1107,1
train,300,2,300,307,308,1108,1
train,301,2,301,308,309,1109,1
train,302,2,302,309,310,1110,1
train,303,2,303,310,311,1111,1
train,304,2,304,311,312,1112,1
train,305,2,305,312,313,1113,1
train,306,2,306,313,314,1114,1
train,307,2,307,314,315,1115,1
train,308,2,308,315,316,1116,1
train,309,2,309,316,317,1117,1
train,310,2,310,317,318,1118,1
train,311,2,311,318,319,1119,1
train,312,2,312,319,320,1120,1
train,313,2,313,320,321,1121,1
train,314,2,314,321,322,1122,1
train,315,2,315,322,323,1123,1
train,316,2,316,323,324,1124,1
train,317,2,317,324,325,1125,1
train,318,2,318,325,326,1126,1
train,319,2,319,326,327,1127,1
train,320,2,320,327,328,1128,1
train,321,2,321,328,329,1129,1
train,322,2,322,329,330,1130,1
train,323,2,323,330,331,1131,1
train,324,2,324,331,332,1132,1
train,325,2,325,332,333,1133,1
train,326,2,326,333,334,1134,1
train,327,2,327,334,335,1135,1
train,328,2,328,335,336,1136,1
train,329,2,329,336,337,1137,1
train,330,2,330,337,338,1138,1
train,331,2,331,338,339,1139,1
train,332,2,332,339,340,1140,1
train,333,2,333,340,341,1141,1
train,334,2,334,341,342,1142,1
train,335,2,335,342,343,1143,1
train,336,2,336,343,344,1144,1
train,337,2,337,344,345,1145,1
train,338,2,338,345,346,1146,1
train,339,2,339,346,347,1147,1
train,340,2,340,347,348,1148,1
train,341,2,341,348,349,1149,1
train,342,2,342,349,350,1150,1
train,343,2,343,350,351,1151,1
train,344,2,344,351,352,1152,1
train,345,2,345,352,353,1153,1
train,346,2,346,353,354,1154,1
train,347,2,347,354,355,1155,1
train,348,2,348,355,356,1156,1
train,349,2,349,356,357,1157,1
train,350,2,350,357,358,1158,1
train,351,2,351,358,359,1159,1
train,352,2,352,359,360,1160,1
train,353,2,353,360,361,1161,1
train,354,2,354,361,362,1162,1
train,355,2,355,362,363,1163,1
train,356,2,356,363,364,1164,1
train,357,2,357,364,365,1165,1
train,358,2,358,365,366,1166,1
train,359,2,359,366,367,1167,1
train,360,2,360,367,368,1168,1
train,361,2,361,368,369,1169,1
train,362,2,362,369,370,1170,1
train,363,2,363,370,371,1171,1
train,364,2,364,371,372,1172,1
train,365,2,365,372,373,1173,1
train,366,2,366,373,374,1174,1
train,367,2,367,374,375,1175,1
train,368,2,368,375,376,1176,1
train,369,2,369,376,377,1177,1
train,370,2,370,377,378,1178,1
train,371,2,371,378,379,1179,1
train,372,2,372,379,380,1180,1
train,373,2,373,380,381,1181,1
train,374,2,374,381,382,1182,1
train,375,2,375,382,383,1183,1
train,376,2,376,383,384,1184,1
train,377,2,377,384,385,1185,1
train,378,2,378,385,386,1186,1
train,379,2,379,386,387,1187,1
train,380,2,380,387,388,1188,1
train,381,2,381,388,389,1189,1
train,382,2,382,389,390,1190,1
train,383,2,383,390,391,1191,1
train,384,2,384,391,392,1192,1
train,385,2,385,392,393,1193,1
train,386,2,386,393,394,1194,1
train,387,2,387,394,395,1195,1
train,388,2,388,395,396,1196,1
train,389,2,389,396,397,1197,1
train,390,2,390,397,398,1198,1
train,391,2,391,398,399,1199,1
train,392,3,0,7,8,1208,0
train,393,3,1,8,9,1209,0
train,394,3,2,9,10,1210,0
train,395,3,3,10,11,1211,0
train,396,3,4,11,12,1212,0
train,397,3,5,12,13,1213,0
train,398,3,6,13,14,1214,0
train,399,3,7,14,15,1215,1
train,400,3,8,15,16,1216,1
train,401,3,9,16,17,1217,0
train,402,3,10,17,18,1218,0
train,403,3,11,18,19,1219,0
train,404,3,12,19,20,1220,0
train,405,3,13,20,21,1221,1
train,406,3,14,21,22,1222,0
train,407,3,15,22,23,1223,1
train,408,3,16,23,24,1224,0
train,409,3,17,24,25,1225,1
train,410,3,18,25,26,1226,0
train,411,3,19,26,27,1227,0
train,412,3,20,27,28,1228,0
train,413,3,21,28,29,1229,0
train,414,3,22,29,30,1230,1
train,415,3,23,30,31,1231,0
train,416,3,24,31,32,1232,1
train,417,3,25,32,33,1233,0
train,418,3,26,33,34,1234,1
train,419,3,27,34,35,1235,0
train,420,3,28,35,36,1236,0
train,421,3,29,36,37,1237,0
train,422,3,30,37,38,1238,0
train,423,3,31,38,39,1239,0
train,424,3,32,39,40,1240,1
train,425,3,33,40,41,1241,1
train,426,3,34,41,42,1242,0
train,427,3,35,42,43,1243,1
train,428,3,36,43,44,1244,0
train,429,3,37,44,45,1245,1
train,430,3,38,45,46,1246,1
train,431,3,39,46,47,1247,0
train,432,3,40,47,48,1248,1
train,433,3,41,48,49,1249,1
train,434,3,42,49,50,1250,1
train,435,3,43,50,51,1251,1
train,436,3,44,51,52,1252,1
train,437,3,45,52,53,1253,1
train,438,3,46,53,54,1254,1
train,439,3,47,54,55,1255,1
train,440,3,48,55,56,1256,1
train,441,3,49,56,57,1257,1
train,442,3,50,57,58,1258,1
train,443,3,51,58,59,1259,1
train,444,3,52,59,60,1260,1
train,445,3,53,60,61,1261,1
train,446,3,54,61,62,1262,1
train,447,3,55,62,63,1263,1
train,448,3,56,63,64,1264,1
train,449,3,57,64,65,1265,1
train,450,3,58,65,66,1266,1
train,451,3,59,66,67,1267,1
train,452,3,60,67,68,1268,1
train,453,3,61,68,69,1269,1
train,454,3,62,69,70,1270,1
train,455,3,63,70,71,1271,1
train,456,3,64,71,72,1272,1
train,457,3,65,72,73,1273,1
train,458,3,66,73,74,1274,1
train,459,3,67,74,75,1275,1
train,460,3,68,75,76,1276,1
train,461,3,69,76,77,1277,1
train,462,3,70,77,78,1278,1
train,463,3,71,78,79,1279,1
train,464,3,72,79,80,1280,1
train,465,3,73,80,81,1281,1
train,466,3,74,81,82,1282,1
train,467,3,75,82,83,1283,1
train,468,3,76,83,84,1284,1
train,469,3,77,84,85,1285,1
train,470,3,78,85,86,1286,1
train,471,3,79,86,87,1287,1
train,472,3,80,87,88,1288,1
train,473,3,81,88,89,1289,1
train,474,3,82,89,90,1290,1
train,475,3,83,90,91,1291,1
train,476,3,84,91,92,1292,1
train,477,3,85,92,93,1293,1
train,478,3,86,93,94,1294,1
train,479,3,87,94,95,1295,1
train,480,3,88,95,96,1296,1
train,481,3,89,96,97,1297,1
train,482,3,90,97,98,1298,1
train,483,3,91,98,99,1299,1
train,484,3,92,99,100,1300,1
train,485,3,93,100,101,1301,1
train,486,3,94,101,102,1302,1
train,487,3,95,102,103,1303,1
train,488,3,96,103,104,1304,1
train,489,3,97,104,105,1305,1
train,490,3,98,105,106,1306,1
train,491,3,99,106,107,1307,1
train,492,3,100,107,108,1308,1
train,493,3,101,108,109,1309,1
train,494,3,102,109,110,1310,1
train,495,3,103,110,111,1311,1
train,496,3,104,111,112,1312,1
train,497,3,105,112,113,1313,1
train,498,3,106,113,114,1314,1
train,499,3,107,114,115,1315,1
train,500,3,108,115,116,1316,1
train,501,3,109,116,117,1317,1
train,502,3,110,117,118,1318,1
train,503,3,111,118,119,1319,1
train,504,3,112,119,120,1320,1
train,505,3,113,120,121,1321,1
train,506,3,114,121,122,1322,1
train,507,3,115,122,123,1323,1
train,508,3,116,123,124,1324,1
train,509,3,117,124,125,1325,1
train,510,3,118,125,126,1326,1
train,511,3,119,126,127,1327,1
train,512,3,120,127,128,1328,1
train,513,3,121,128,129,1329,1
train,514,3,122,129,130,1330,1
train,515,3,123,130,131,1331,1
train,516,3,124,131,132,1332,1
train,517,3,125,132,133,1333,1
train,518,3,126,133,134,1334,1
train,519,3,127,134,135,1335,1
train,520,3,128,135,136,1336,1
train,521,3,129,136,137,1337,1
train,522,3,130,137,138,1338,1
train,523,3,131,138,139,1339,1
train,524,3,132,139,140,1340,1
train,525,3,133,140,141,1341,1
train,526,3,134,141,142,1342,1
train,527,3,135,142,143,1343,1
train,528,3,136,143,144,1344,1
train,529,3,137,144,145,1345,1
train,530,3,138,145,146,1346,1
train,531,3,139,146,147,1347,1
train,532,3,140,147,148,1348,1
train,533,3,141,148,149,1349,1
train,534,3,142,149,150,1350,1
train,535,3,143,150,151,1351,1
train,536,3,144,151,152,1352,1
train,537,3,145,152,153,1353,1
train,538,3,146,153,154,1354,1
train,539,3,147,154,155,1355,1
train,540,3,148,155,156,1356,1
train,541,3,149,156,157,1357,1
train,542,3,150,157,158,1358,1
train,543,3,151,158,159,1359,1
train,544,3,152,159,160,1360,1
train,545,3,153,160,161,1361,1
train,546,3,154,161,162,1362,1
train,547,3,155,162,163,1363,1
train,548,3,156,163,164,1364,1
train,549,3,157,164,165,1365,1
train,550,3,158,165,166,1366,1
train,551,3,159,166,167,1367,1
train,552,3,160,167,168,1368,1
train,553,3,161,168,169,1369,1
train,554,3,162,169,170,1370,1
train,555,3,163,170,171,1371,1
train,556,3,164,171,172,1372,1
train,557,3,165,172,173,1373,1
train,558,3,166,173,174,1374,1
train,559,3,167,174,175,1375,1
train,560,3,168,175,176,1376,1
train,561,3,169,176,177,1377,1
train,562,3,170,177,178,1378,1
train,563,3,171,178,179,1379,1
train,564,3,172,179,180,1380,1
train,565,3,173,180,181,1381,1
train,566,3,174,181,182,1382,1
train,567,3,175,182,183,1383,1
train,568,3,176,183,184,1384,1
train,569,3,177,184,185,1385,1
train,570,3,178,185,186,1386,1
train,571,3,179,186,187,1387,1
train,572,3,180,187,188,1388,1
train,573,3,181,188,189,1389,1
train,574,3,182,189,190,1390,1
train,575,3,183,190,191,1391,1
train,576,3,184,191,192,1392,1
train,577,3,185,192,193,1393,1
train,578,3,186,193,194,1394,1
train,579,3,187,194,195,1395,1
train,580,3,188,195,196,1396,1
train,581,3,189,196,197,1397,1
train,582,3,190,197,198,1398,1
train,583,3,191,198,199,1399,1
train,584,3,192,199,200,1400,1
train,585,3,193,200,201,1401,1
train,586,3,194,201,202,1402,1
train,587,3,195,202,203,1403,1
train,588,3,196,203,204,1404,1
train,589,3,197,204,205,1405,1
train,590,3,198,205,206,1406,1
train,591,3,199,206,207,1407,1
train,592,3,200,207,208,1408,1
train,593,3,201,208,209,1409,1
train,594,3,202,209,210,1410,1
train,595,3,203,210,211,1411,1
train,596,3,204,211,212,1412,1
train,597,3,205,212,213,1413,1
train,598,3,206,213,214,1414,1
train,599,3,207,214,215,1415,1
train,600,3,208,215,216,1416,1
train,601,3,209,216,217,1417,1
train,602,3,210,217,218,1418,1
train,603,3,211,218,219,1419,1
train,604,3,212,219,220,1420,1
train,605,3,213,220,221,1421,1
train,606,3,214,221,222,1422,1
train,607,3,215,222,223,1423,1
train,608,3,216,223,224,1424,1
train,609,3,217,224,225,1425,1
train,610,3,218,225,226,1426,1
train,611,3,219,226,227,1427,1
train,612,3,220,227,228,1428,1
train,613,3,221,228,229,1429,1
train,614,3,222,229,230,1430,1
train,615,3,223,230,231,1431,1
train,616,3,224,231,232,1432,1
train,617,3,225,232,233,1433,1
train,618,3,226,233,234,1434,1
train,619,3,227,234,235,1435,1
train,620,3,228,235,236,1436,1
train,621,3,229,236,237,1437,1
train,622,3,230,237,238,1438,1
train,623,3,231,238,239,1439,1
train,624,3,232,239,240,1440,1
train,625,3,233,240,241,1441,1
train,626,3,234,241,242,1442,1
train,627,3,235,242,243,1443,1
train,628,3,236,243,244,1444,1
train,629,3,237,244,245,1445,1
train,630,3,238,245,246,1446,1
train,631,3,239,246,247,1447,1
train,632,3,240,247,248,1448,1
train,633,3,241,248,249,1449,1
train,634,3,242,249,250,1450,1
train,635,3,243,250,251,1451,1
train,636,3,244,251,252,1452,1
train,637,3,245,252,253,1453,1
train,638,3,246,253,254,1454,1
train,639,3,247,254,255,1455,1
train,640,3,248,255,256,1456,1
train,641,3,249,256,257,1457,1
train,642,3,250,257,258,1458,1
train,643,3,251,258,259,1459,1
train,644,3,252,259,260,1460,1
train,645,3,253,260,261,1461,1
train,646,3,254,261,262,1462,1
train,647,3,255,262,263,1463,1
train,648,3,256,263,264,1464,1
train,649,3,257,264,265,1465,1
train,650,3,258,265,266,1466,1
train,651,3,259,266,267,1467,1
train,652,3,260,267,268,1468,1
train,653,3,261,268,269,1469,1
train,654,3,262,269,270,1470,1
train,655,3,263,270,271,1471,1
train,656,3,264,271,272,1472,1
train,657,3,265,272,273,1473,1
train,658,3,266,273,274,1474,1
train,659,3,267,274,275,1475,1
train,660,3,268,275,276,1476,1
train,661,3,269,276,277,1477,1
train,662,3,270,277,278,1478,1
train,663,3,271,278,279,1479,1
train,664,3,272,279,280,1480,1
train,665,3,273,280,281,1481,1
train,666,3,274,281,282,1482,1
train,667,3,275,282,283,1483,1
train,668,3,276,283,284,1484,1
train,669,3,277,284,285,1485,1
train,670,3,278,285,286,1486,1
train,671,3,279,286,287,1487,1
train,672,3,280,287,288,1488,1
train,673,3,281,288,289,1489,1
train,674,3,282,289,290,1490,1
train,675,3,283,290,291,1491,1
train,676,3,284,291,292,1492,1
train,677,3,285,292,293,1493,1
train,678,3,286,293,294,1494,1
train,679,3,287,294,295,1495,1
train,680,3,288,295,296,1496,1
train,681,3,289,296,297,1497,1
train,682,3,290,297,298,1498,1
train,683,3,291,298,299,1499,1
train,684,3,292,299,300,1500,1
train,685,3,293,300,301,1501,1
train,686,3,294,301,302,1502,1
train,687,3,295,302,303,1503,1
train,688,3,296,303,304,1504,1
train,689,3,297,304,305,1505,1
train,690,3,298,305,306,1506,1
train,691,3,299,306,307,1507,1
train,692,3,300,307,308,1508,1
train,693,3,301,308,309,1509,1
train,694,3,302,309,310,1510,1
train,695,3,303,310,311,1511,1
train,696,3,304,311,312,1512,1
train,697,3,305,312,313,1513,1
train,698,3,306,313,314,1514,1
train,699,3,307,314,315,1515,1
train,700,3,308,315,316,1516,1
train,701,3,309,316,317,1517,1
train,702,3,310,317,318,1518,1
train,703,3,311,318,319,1519,1
train,704,3,312,319,320,1520,1
train,705,3,313,320,321,1521,1
train,706,3,314,321,322,1522,1
train,707,3,315,322,323,1523,1
train,708,3,316,323,324,1524,1
train,709,3,317,324,325,1525,1
train,710,3,318,325,326,1526,1
train,711,3,319,326,327,1527,1
train,712,3,320,327,328,1528,1
train,713,3,321,328,329,1529,1
train,714,3,322,329,330,1530,1
train,715,3,323,330,331,1531,1
train,716,3,324,331,332,1532,1
train,717,3,325,332,333,1533,1
train,718,3,326,333,334,1534,1
train,719,3,327,334,335,1535,1
train,720,3,328,335,336,1536,1
train,721,3,329,336,337,1537,1
train,722,3,330,337,338,1538,1
train,723,3,331,338,339,1539,1
train,724,3,332,339,340,1540,1
train,725,3,333,340,341,1541,1
train,726,3,334,341,342,1542,1
train,727,3,335,342,343,1543,1
train,728,3,336,343,344,1544,1
train,729,3,337,344,345,1545,1
train,730,3,338,345,346,1546,1
train,731,3,339,346,347,1547,1
train,732,3,340,347,348,1548,1
train,733,3,341,348,349,1549,1
train,734,3,342,349,350,1550,1
train,735,3,343,350,351,1551,1
train,736,3,344,351,352,1552,1
train,737,3,345,352,353,1553,1
train,738,3,346,353,354,1554,1
train,739,3,347,354,355,1555,1
train,740,3,348,355,356,1556,1
train,741,3,349,356,357,1557,1
train,742,3,350,357,358,1558,1
train,743,3,351,358,359,1559,1
train,744,3,352,359,360,1560,1
train,745,3,353,360,361,1561,1
train,746,3,354,361,362,1562,1
train,747,3,355,362,363,1563,1
train,748,3,356,363,364,1564,1
train,749,3,357,364,365,1565,1
train,750,3,358,365,366,1566,1
train,751,3,359,366,367,1567,1
train,752,3,360,367,368,1568,1
train,753,3,361,368,369,1569,1
train,754,3,362,369,370,1570,1
train,755,3,363,370,371,1571,1
train,756,3,364,371,372,1572,1
train,757,3,365,372,373,1573,1
train,758,3,366,373,374,1574,1
train,759,3,367,374,375,1575,1
train,760,3,368,375,376,1576,1
train,761,3,369,376,377,1577,1
train,762,3,370,377,378,1578,1
train,763,3,371,378,379,1579,1
train,764,3,372,379,380,1580,1
train,765,3,373,380,381,1581,1
train,766,3,374,381,382,1582,1
train,767,3,375,382,383,1583,1
train,768,3,376,383,384,1584,1
train,769,3,377,384,385,1585,1
train,770,3,378,385,386,1586,1
train,771,3,379,386,387,1587,1
train,772,3,380,387,388,1588,1
train,773,3,381,388,389,1589,1
train,774,3,382,389,390,1590,1
train,775,3,383,390,391,1591,1
train,776,3,384,391,392,1592,1
train,777,3,385,392,393,1593,1
train,778,3,386,393,394,1594,1
train,779,3,387,394,395,1595,1
train,780,3,388,395,396,1596,1
train,781,3,389,396,397,1597,1
train,782,3,390,397,398,1598,1
train,783,3,391,398,399,1599,1
train,784,4,0,7,8,1608,0
train,785,4,1,8,9,1609,0
train,786,4,2,9,10,1610,0
train,787,4,3,10,11,1611,0
train,788,4,4,11,12,1612,0
train,789,4,5,12,13,1613,1
train,790,4,6,13,14,1614,0
train,791,4,7,14,15,1615,0
train,792,4,8,15,16,1616,1
train,793,4,9,16,17,1617,0
train,794,4,10,17,18,1618,0
train,795,4,11,18,19,1619,1
train,796,4,12,19,20,1620,0
train,797,4,13,20,21,1621,0
train,798,4,14,21,22,1622,0
train,799,4,15,22,23,1623,1
train,800,4,16,23,24,1624,0
train,801,4,17,24,25,1625,0
train,802,4,18,25,26,1626,0
train,803,4,19,26,27,1627,0
train,804,4,20,27,28,1628,0
train,805,4,21,28,29,1629,0
train,806,4,22,29,30,1630,0
train,807,4,23,30,31,1631,0
train,808,4,24,31,32,1632,0
train,809,4,25,32,33,1633,0
train,810,4,26,33,34,1634,0
train,811,4,27,34,35,1635,1
train,812,4,28,35,36,1636,0
train,813,4,29,36,37,1637,0
train,814,4,30,37,38,1638,0
train,815,4,31,38,39,1639,0
train,816,4,32,39,40,1640,0
train,817,4,33,40,41,1641,0
train,818,4,34,41,42,1642,0
train,819,4,35,42,43,1643,0
train,820,4,36,43,44,1644,0
train,821,4,37,44,45,1645,0
train,822,4,38,45,46,1646,1
train,823,4,39,46,47,1647,0
train,824,4,40,47,48,1648,0
train,825,4,41,48,49,1649,1
train,826,4,42,49,50,1650,1
train,827,4,43,50,51,1651,0
train,828,4,44,51,52,1652,0
train,829,4,45,52,53,1653,0
train,830,4,46,53,54,1654,1
train,831,4,47,54,55,1655,0
train,832,4,48,55,56,1656,0
train,833,4,49,56,57,1657,0
train,834,4,50,57,58,1658,1
train,835,4,51,58,59,1659,0
train,836,4,52,59,60,1660,0
train,837,4,53,60,61,1661,0
train,838,4,54,61,62,1662,1
train,839,4,55,62,63,1663,1
train,840,4,56,63,64,1664,0
train,841,4,57,64,65,1665,0
train,842,4,58,65,66,1666,0
train,843,4,59,66,67,1667,0
train,844,4,60,67,68,1668,0
train,845,4,61,68,69,1669,0
train,846,4,62,69,70,1670,0
train,847,4,63,70,71,1671,0
train,848,4,64,71,72,1672,0
train,849,4,65,72,73,1673,0
train,850,4,66,73,74,1674,1
train,851,4,67,74,75,1675,0
train,852,4,68,75,76,1676,0
train,853,4,69,76,77,1677,1
train,854,4,70,77,78,1678,0
train,855,4,71,78,79,1679,0
train,856,4,72,79,80,1680,1
train,857,4,73,80,81,1681,1
train,858,4,74,81,82,1682,0
train,859,4,75,82,83,1683,0
train,860,4,76,83,84,1684,1
train,861,4,77,84,85,1685,0
train,862,4,78,85,86,1686,0
train,863,4,79,86,87,1687,1
train,864,4,80,87,88,1688,1
train,865,4,81,88,89,1689,0
train,866,4,82,89,90,1690,1
train,867,4,83,90,91,1691,1
train,868,4,84,91,92,1692,1
train,869,4,85,92,93,1693,0
train,870,4,86,93,94,1694,1
train,871,4,87,94,95,1695,1
train,872,4,88,95,96,1696,1
train,873,4,89,96,97,1697,1
train,874,4,90,97,98,1698,1
train,875,4,91,98,99,1699,1
train,876,4,92,99,100,1700,1
train,877,4,93,100,101,1701,0
train,878,4,94,101,102,1702,1
train,879,4,95,102,103,1703,1
train,880,4,96,103,104,1704,1
train,881,4,97,104,105,1705,1
train,882,4,98,105,106,1706,1
train,883,4,99,106,107,1707,1
train,884,4,100,107,108,1708,1
train,885,4,101,108,109,1709,1
train,886,4,102,109,110,1710,1
train,887,4,103,110,111,1711,1
train,888,4,104,111,112,1712,1
train,889,4,105,112,113,1713,1
train,890,4,106,113,114,1714,1
train,891,4,107,114,115,1715,1
train,892,4,108,115,116,1716,1
train,893,4,109,116,117,1717,1
train,894,4,110,117,118,1718,1
train,895,4,111,118,119,1719,1
train,896,4,112,119,120,1720,1
train,897,4,113,120,121,1721,1
train,898,4,114,121,122,1722,1
train,899,4,115,122,123,1723,1
train,900,4,116,123,124,1724,1
train,901,4,117,124,125,1725,1
train,902,4,118,125,126,1726,1
train,903,4,119,126,127,1727,1
train,904,4,120,127,128,1728,1
train,905,4,121,128,129,1729,1
train,906,4,122,129,130,1730,1
train,907,4,123,130,131,1731,1
train,908,4,124,131,132,1732,1
train,909,4,125,132,133,1733,1
train,910,4,126,133,134,1734,1
train,911,4,127,134,135,1735,1
train,912,4,128,135,136,1736,1
train,913,4,129,136,137,1737,1
train,914,4,130,137,138,1738,1
train,915,4,131,138,139,1739,1
train,916,4,132,139,140,1740,1
train,917,4,133,140,141,1741,1
train,918,4,134,141,142,1742,1
train,919,4,135,142,143,1743,1
train,920,4,136,143,144,1744,1
train,921,4,137,144,145,1745,1
train,922,4,138,145,146,1746,1
train,923,4,139,146,147,1747,1
train,924,4,140,147,148,1748,1
train,925,4,141,148,149,1749,1
train,926,4,142,149,150,1750,1
train,927,4,143,150,151,1751,1
train,928,4,144,151,152,1752,1
train,929,4,145,152,153,1753,1
train,930,4,146,153,154,1754,1
train,931,4,147,154,155,1755,1
train,932,4,148,155,156,1756,1
train,933,4,149,156,157,1757,1
train,934,4,150,157,158,1758,1
train,935,4,151,158,159,1759,1
train,936,4,152,159,160,1760,1
train,937,4,153,160,161,1761,1
train,938,4,154,161,162,1762,1
train,939,4,155,162,163,1763,1
train,940,4,156,163,164,1764,1
train,941,4,157,164,165,1765,1
train,942,4,158,165,166,1766,1
train,943,4,159,166,167,1767,1
train,944,4,160,167,168,1768,1
train,945,4,161,168,169,1769,1
train,946,4,162,169,170,1770,1
train,947,4,163,170,171,1771,1
train,948,4,164,171,172,1772,1
train,949,4,165,172,173,1773,1
train,950,4,166,173,174,1774,1
train,951,4,167,174,175,1775,1
train,952,4,168,175,176,1776,1
train,953,4,169,176,177,1777,1
train,954,4,170,177,178,1778,1
train,955,4,171,178,179,1779,1
train,956,4,172,179,180,1780,1
train,957,4,173,180,181,1781,1
train,958,4,174,181,182,1782,1
train,959,4,175,182,183,1783,1
train,960,4,176,183,184,1784,1
train,961,4,177,184,185,1785,1
train,962,4,178,185,186,1786,1
train,963,4,179,186,187,1787,1
train,964,4,180,187,188,1788,1
train,965,4,181,188,189,1789,1
train,966,4,182,189,190,1790,1
train,967,4,183,190,191,1791,1
train,968,4,184,191,192,1792,1
train,969,4,185,192,193,1793,1
train,970,4,186,193,194,1794,1
train,971,4,187,194,195,1795,1
train,972,4,188,195,196,1796,1
train,973,4,189,196,197,1797,1
train,974,4,190,197,198,1798,1
train,975,4,191,198,199,1799,1
train,976,4,192,199,200,1800,1
train,977,4,193,200,201,1801,1
train,978,4,194,201,202,1802,1
train,979,4,195,202,203,1803,1
train,980,4,196,203,204,1804,1
train,981,4,197,204,205,1805,1
train,982,4,198,205,206,1806,1
train,983,4,199,206,207,1807,1
train,984,4,200,207,208,1808,1
train,985,4,201,208,209,1809,1
train,986,4,202,209,210,1810,1
train,987,4,203,210,211,1811,1
train,988,4,204,211,212,1812,1
train,989,4,205,212,213,1813,1
train,990,4,206,213,214,1814,1
train,991,4,207,214,215,1815,1
train,992,4,208,215,216,1816,1
train,993,4,209,216,217,1817,1
train,994,4,210,217,218,1818,1
train,995,4,211,218,219,1819,1
train,996,4,212,219,220,1820,1
train,997,4,213,220,221,1821,1
train,998,4,214,221,222,1822,1
train,999,4,215,222,223,1823,1
train,1000,4,216,223,224,1824,1
train,1001,4,217,224,225,1825,1
train,1002,4,218,225,226,1826,1
train,1003,4,219,226,227,1827,1
train,1004,4,220,227,228,1828,1
train,1005,4,221,228,229,1829,1
train,1006,4,222,229,230,1830,1
train,1007,4,223,230,231,1831,1
train,1008,4,224,231,232,1832,1
train,1009,4,225,232,233,1833,1
train,1010,4,226,233,234,1834,1
train,1011,4,227,234,235,1835,1
train,1012,4,228,235,236,1836,1
train,1013,4,229,236,237,1837,1
train,1014,4,230,237,238,1838,1
train,1015,4,231,238,239,1839,1
train,1016,4,232,239,240,1840,1
train,1017,4,233,240,241,1841,1
train,1018,4,234,241,242,1842,1
train,1019,4,235,242,243,1843,1
train,1020,4,236,243,244,1844,1
train,1021,4,237,244,245,1845,1
train,1022,4,238,245,246,1846,1
train,1023,4,239,246,247,1847,1
train,1024,4,240,247,248,1848,1
train,1025,4,241,248,249,1849,1
train,1026,4,242,249,250,1850,1
train,1027,4,243,250,251,1851,1
train,1028,4,244,251,252,1852,1
train,1029,4,245,252,253,1853,1
train,1030,4,246,253,254,1854,1
train,1031,4,247,254,255,1855,1
train,1032,4,248,255,256,1856,1
train,1033,4,249,256,257,1857,1
train,1034,4,250,257,258,1858,1
train,1035,4,251,258,259,1859,1
train,1036,4,252,259,260,1860,1
train,1037,4,253,260,261,1861,1
train,1038,4,254,261,262,1862,1
train,1039,4,255,262,263,1863,1
train,1040,4,256,263,264,1864,1
train,1041,4,257,264,265,1865,1
train,1042,4,258,265,266,1866,1
train,1043,4,259,266,267,1867,1
train,1044,4,260,267,268,1868,1
train,1045,4,261,268,269,1869,1
train,1046,4,262,269,270,1870,1
train,1047,4,263,270,271,1871,1
train,1048,4,264,271,272,1872,1
train,1049,4,265,272,273,1873,1
train,1050,4,266,273,274,1874,1
train,1051,4,267,274,275,1875,1
train,1052,4,268,275,276,1876,1
train,1053,4,269,276,277,1877,1
train,1054,4,270,277,278,1878,1
train,1055,4,271,278,279,1879,1
train,1056,4,272,279,280,1880,1
train,1057,4,273,280,281,1881,1
train,1058,4,274,281,282,1882,1
train,1059,4,275,282,283,1883,1
train,1060,4,276,283,284,1884,1
train,1061,4,277,284,285,1885,1
train,1062,4,278,285,286,1886,1
train,1063,4,279,286,287,1887,1
train,1064,4,280,287,288,1888,1
train,1065,4,281,288,289,1889,1
train,1066,4,282,289,290,1890,1
train,1067,4,283,290,291,1891,1
train,1068,4,284,291,292,1892,1
train,1069,4,285,292,293,1893,1
train,1070,4,286,293,294,1894,1
train,1071,4,287,294,295,1895,1
train,1072,4,288,295,296,1896,1
train,1073,4,289,296,297,1897,1
train,1074,4,290,297,298,1898,1
train,1075,4,291,298,299,1899,1
train,1076,4,292,299,300,1900,1
train,1077,4,293,300,301,1901,1
train,1078,4,294,301,302,1902,1
train,1079,4,295,302,303,1903,1
train,1080,4,296,303,304,1904,1
train,1081,4,297,304,305,1905,1
train,1082,4,298,305,306,1906,1
train,1083,4,299,306,307,1907,1
train,1084,4,300,307,308,1908,1
train,1085,4,301,308,309,1909,1
train,1086,4,302,309,310,1910,1
train,1087,4,303,310,311,1911,1
train,1088,4,304,311,312,1912,1
train,1089,4,305,312,313,1913,1
train,1090,4,306,313,314,1914,1
train,1091,4,307,314,315,1915,1
train,1092,4,308,315,316,1916,1
train,1093,4,309,316,317,1917,1
train,1094,4,310,317,318,1918,1
train,1095,4,311,318,319,1919,1
train,1096,4,312,319,320,1920,1
train,1097,4,313,320,321,1921,1
train,1098,4,314,321,322,1922,1
train,1099,4,315,322,323,1923,1
train,1100,4,316,323,324,1924,1
train,1101,4,317,324,325,1925,1
train,1102,4,318,325,326,1926,1
train,1103,4,319,326,327,1927,1
train,1104,4,320,327,328,1928,1
train,1105,4,321,328,329,1929,1
train,1106,4,322,329,330,1930,1
train,1107,4,323,330,331,1931,1
train,1108,4,324,331,332,1932,1
train,1109,4,325,332,333,1933,1
train,1110,4,326,333,334,1934,1
train,1111,4,327,334,335,1935,1
train,1112,4,328,335,336,1936,1
train,1113,4,329,336,337,1937,1
train,1114,4,330,337,338,1938,1
train,1115,4,331,338,339,1939,1
train,1116,4,332,339,340,1940,1
train,1117,4,333,340,341,1941,1
train,1118,4,334,341,342,1942,1
train,1119,4,335,342,343,1943,1
train,1120,4,336,343,344,1944,1
train,1121,4,337,344,345,1945,1
train,1122,4,338,345,346,1946,1
train,1123,4,339,346,347,1947,1
train,1124,4,340,347,348,1948,1
train,1125,4,341,348,349,1949,1
train,1126,4,342,349,350,1950,1
train,1127,4,343,350,351,1951,1
train,1128,4,344,351,352,1952,1
train,1129,4,345,352,353,1953,1
train,1130,4,346,353,354,1954,1
train,1131,4,347,354,355,1955,1
train,1132,4,348,355,356,1956,1
train,1133,4,349,356,357,1957,1
train,1134,4,350,357,358,1958,1
train,1135,4,351,358,359,1959,1
train,1136,4,352,359,360,1960,1
train,1137,4,353,360,361,1961,1
train,1138,4,354,361,362,1962,1
train,1139,4,355,362,363,1963,1
train,1140,4,356,363,364,1964,1
train,1141,4,357,364,365,1965,1
train,1142,4,358,365,366,1966,1
train,1143,4,359,366,367,1967,1
train,1144,4,360,367,368,1968,1
train,1145,4,361,368,369,1969,1
train,1146,4,362,369,370,1970,1
train,1147,4,363,370,371,1971,1
train,1148,4,364,371,372,1972,1
train,1149,4,365,372,373,1973,1
train,1150,4,366,373,374,1974,1
train,1151,4,367,374,375,1975,1
train,1152,4,368,375,376,1976,1
train,1153,4,369,376,377,1977,1
train,1154,4,370,377,378,1978,1
train,1155,4,371,378,379,1979,1
train,1156,4,372,379,380,1980,1
train,1157,4,373,380,381,1981,1
train,1158,4,374,381,382,1982,1
train,1159,4,375,382,383,1983,1
train,1160,4,376,383,384,1984,1
train,1161,4,377,384,385,1985,1
train,1162,4,378,385,386,1986,1
train,1163,4,379,386,387,1987,1
train,1164,4,380,387,388,1988,1
train,1165,4,381,388,389,1989,1
train,1166,4,382,389,390,1990,1
train,1167,4,383,390,391,1991,1
train,1168,4,384,391,392,1992,1
train,1169,4,385,392,393,1993,1
train,1170,4,386,393,394,1994,1
train,1171,4,387,394,395,1995,1
train,1172,4,388,395,396,1996,1
train,1173,4,389,396,397,1997,1
train,1174,4,390,397,398,1998,1
train,1175,4,391,398,399,1999,1
train,1176,5,0,7,8,2008,0
train,1177,5,1,8,9,2009,0
train,1178,5,2,9,10,2010,0
train,1179,5,3,10,11,2011,0
train,1180,5,4,11,12,2012,0
train,1181,5,5,12,13,2013,0
train,1182,5,6,13,14,2014,0
train,1183,5,7,14,15,2015,0
train,1184,5,8,15,16,2016,0
train,1185,5,9,16,17,2017,0
train,1186,5,10,17,18,2018,0
train,1187,5,11,18,19,2019,0
train,1188,5,12,19,20,2020,0
train,1189,5,13,20,21,2021,0
train,1190,5,14,21,22,2022,0
train,1191,5,15,22,23,2023,0
train,1192,5,16,23,24,2024,0
train,1193,5,17,24,25,2025,0
train,1194,5,18,25,26,2026,0
train,1195,5,19,26,27,2027,0
train,1196,5,20,27,28,2028,0
train,1197,5,21,28,29,2029,0
train,1198,5,22,29,30,2030,0
train,1199,5,23,30,31,2031,1
train,1200,5,24,31,32,2032,0
train,1201,5,25,32,33,2033,0
train,1202,5,26,33,34,2034,0
train,1203,5,27,34,35,2035,0
train,1204,5,28,35,36,2036,0
train,1205,5,29,36,37,2037,0
train,1206,5,30,37,38,2038,0
train,1207,5,31,38,39,2039,0
train,1208,5,32,39,40,2040,0
train,1209,5,33,40,41,2041,0
train,1210,5,34,41,42,2042,0
train,1211,5,35,42,43,2043,0
train,1212,5,36,43,44,2044,0
train,1213,5,37,44,45,2045,0
train,1214,5,38,45,46,2046,0
train,1215,5,39,46,47,2047,0
train,1216,5,40,47,48,2048,0
train,1217,5,41,48,49,2049,1
train,1218,5,42,49,50,2050,0
train,1219,5,43,50,51,2051,1
train,1220,5,44,51,52,2052,0
train,1221,5,45,52,53,2053,0
train,1222,5,46,53,54,2054,0
train,1223,5,47,54,55,2055,0
train,1224,5,48,55,56,2056,0
train,1225,5,49,56,57,2057,1
train,1226,5,50,57,58,2058,1
train,1227,5,51,58,59,2059,0
train,1228,5,52,59,60,2060,1
train,1229,5,53,60,61,2061,1
train,1230,5,54,61,62,2062,0
train,1231,5,55,62,63,2063,0
train,1232,5,56,63,64,2064,0
train,1233,5,57,64,65,2065,1
train,1234,5,58,65,66,2066,1
train,1235,5,59,66,67,2067,1
train,1236,5,60,67,68,2068,0
train,1237,5,61,68,69,2069,0
train,1238,5,62,69,70,2070,0
train,1239,5,63,70,71,2071,1
train,1240,5,64,71,72,2072,1
train,1241,5,65,72,73,2073,1
train,1242,5,66,73,74,2074,0
train,1243,5,67,74,75,2075,0
train,1244,5,68,75,76,2076,0
train,1245,5,69,76,77,2077,1
train,1246,5,70,77,78,2078,0
train,1247,5,71,78,79,2079,0
train,1248,5,72,79,80,2080,0
train,1249,5,73,80,81,2081,1
train,1250,5,74,81,82,2082,1
train,1251,5,75,82,83,2083,1
train,1252,5,76,83,84,2084,0
train,1253,5,77,84,85,2085,1
train,1254,5,78,85,86,2086,0
train,1255,5,79,86,87,2087,0
train,1256,5,80,87,88,2088,1
train,1257,5,81,88,89,2089,0
train,1258,5,82,89,90,2090,0
train,1259,5,83,90,91,2091,1
train,1260,5,84,91,92,2092,1
train,1261,5,85,92,93,2093,1
train,1262,5,86,93,94,2094,0
train,1263,5,87,94,95,2095,1
train,1264,5,88,95,96,2096,0
train,1265,5,89,96,97,2097,1
train,1266,5,90,97,98,2098,0
train,1267,5,91,98,99,2099,1
train,1268,5,92,99,100,2100,0
train,1269,5,93,100,101,2101,0
train,1270,5,94,101,102,2102,1
train,1271,5,95,102,103,2103,0
train,1272,5,96,103,104,2104,0
train,1273,5,97,104,105,2105,0
train,1274,5,98,105,106,2106,0
train,1275,5,99,106,107,2107,0
train,1276,5,100,107,108,2108,1
train,1277,5,101,108,109,2109,1
train,1278,5,102,109,110,2110,1
train,1279,5,103,110,111,2111,0
train,1280,5,104,111,112,2112,0
train,1281,5,105,112,113,2113,0
train,1282,5,106,113,114,2114,0
train,1283,5,107,114,115,2115,0
train,1284,5,108,115,116,2116,0
train,1285,5,109,116,117,2117,0
train,1286,5,110,117,118,2118,1
train,1287,5,111,118,119,2119,0
train,1288,5,112,119,120,2120,0
train,1289,5,113,120,121,2121,0
train,1290,5,114,121,122,2122,1
train,1291,5,115,122,123,2123,1
train,1292,5,116,123,124,2124,1
train,1293,5,117,124,125,2125,1
train,1294,5,118,125,126,2126,1
train,1295,5,119,126,127,2127,1
train,1296,5,120,127,128,2128,1
train,1297,5,121,128,129,2129,1
train,1298,5,122,129,130,2130,1
train,1299,5,123,130,131,2131,1
train,1300,5,124,131,132,2132,0
train,1301,5,125,132,133,2133,0
train,1302,5,126,133,134,2134,0
train,1303,5,127,134,135,2135,0
train,1304,5,128,135,136,2136,0
train,1305,5,129,136,137,2137,1
train,1306,5,130,137,138,2138,0
train,1307,5,131,138,139,2139,1
train,1308,5,132,139,140,2140,1
train,1309,5,133,140,141,2141,1
train,1310,5,134,141,142,2142,1
train,1311,5,135,142,143,2143,0
train,1312,5,136,143,144,2144,1
train,1313,5,137,144,145,2145,1
train,1314,5,138,145,146,2146,0
train,1315,5,139,146,147,2147,0
train,1316,5,140,147,148,2148,0
train,1317,5,141,148,149,2149,0
train,1318,5,142,149,150,2150,0
train,1319,5,143,150,151,2151,1
train,1320,5,144,151,152,2152,1
train,1321,5,145,152,153,2153,0
train,1322,5,146,153,154,2154,1
train,1323,5,147,154,155,2155,0
train,1324,5,148,155,156,2156,1
train,1325,5,149,156,157,2157,0
train,1326,5,150,157,158,2158,1
train,1327,5,151,158,159,2159,1
train,1328,5,152,159,160,2160,0
train,1329,5,153,160,161,2161,1
train,1330,5,154,161,162,2162,1
train,1331,5,155,162,163,2163,0
train,1332,5,156,163,164,2164,1
train,1333,5,157,164,165,2165,1
train,1334,5,158,165,166,2166,0
train,1335,5,159,166,167,2167,0
train,1336,5,160,167,168,2168,0
train,1337,5,161,168,169,2169,1
train,1338,5,162,169,170,2170,0
train,1339,5,163,170,171,2171,0
train,1340,5,164,171,172,2172,1
train,1341,5,165,172,173,2173,1
train,1342,5,166,173,174,2174,0
train,1343,5,167,174,175,2175,1
train,1344,5,168,175,176,2176,0
train,1345,5,169,176,177,2177,0
train,1346,5,170,177,178,2178,0
train,1347,5,171,178,179,2179,1
train,1348,5,172,179,180,2180,0
train,1349,5,173,180,181,2181,1
train,1350,5,174,181,182,2182,1
train,1351,5,175,182,183,2183,1
train,1352,5,176,183,184,2184,0
train,1353,5,177,184,185,2185,0
train,1354,5,178,185,186,2186,0
train,1355,5,179,186,187,2187,0
train,1356,5,180,187,188,2188,1
train,1357,5,181,188,189,2189,1
train,1358,5,182,189,190,2190,0
train,1359,5,183,190,191,2191,1
train,1360,5,184,191,192,2192,1
train,1361,5,185,192,193,2193,1
train,1362,5,186,193,194,2194,1
train,1363,5,187,194,195,2195,1
train,1364,5,188,195,196,2196,1
train,1365,5,189,196,197,2197,0
train,1366,5,190,197,198,2198,1
train,1367,5,191,198,199,2199,1
train,1368,5,192,199,200,2200,0
train,1369,5,193,200,201,2201,1
train,1370,5,194,201,202,2202,1
train,1371,5,195,202,203,2203,0
train,1372,5,196,203,204,2204,1
train,1373,5,197,204,205,2205,1
train,1374,5,198,205,206,2206,1
train,1375,5,199,206,207,2207,0
train,1376,5,200,207,208,2208,1
train,1377,5,201,208,209,2209,1
train,1378,5,202,209,210,2210,1
train,1379,5,203,210,211,2211,1
train,1380,5,204,211,212,2212,1
train,1381,5,205,212,213,2213,1
train,1382,5,206,213,214,2214,1
train,1383,5,207,214,215,2215,1
train,1384,5,208,215,216,2216,1
train,1385,5,209,216,217,2217,1
train,1386,5,210,217,218,2218,1
train,1387,5,211,218,219,2219,1
train,1388,5,212,219,220,2220,1
train,1389,5,213,220,221,2221,1
train,1390,5,214,221,222,2222,1
train,1391,5,215,222,223,2223,1
train,1392,5,216,223,224,2224,1
train,1393,5,217,224,225,2225,1
train,1394,5,218,225,226,2226,1
train,1395,5,219,226,227,2227,1
train,1396,5,220,227,228,2228,1
train,1397,5,221,228,229,2229,1
train,1398,5,222,229,230,2230,1
train,1399,5,223,230,231,2231,1
train,1400,5,224,231,232,2232,1
train,1401,5,225,232,233,2233,1
train,1402,5,226,233,234,2234,1
train,1403,5,227,234,235,2235,1
train,1404,5,228,235,236,2236,1
train,1405,5,229,236,237,2237,1
train,1406,5,230,237,238,2238,1
train,1407,5,231,238,239,2239,1
train,1408,5,232,239,240,2240,1
train,1409,5,233,240,241,2241,1
train,1410,5,234,241,242,2242,1
train,1411,5,235,242,243,2243,1
train,1412,5,236,243,244,2244,1
train,1413,5,237,244,245,2245,1
train,1414,5,238,245,246,2246,1
train,1415,5,239,246,247,2247,0
train,1416,5,240,247,248,2248,1
train,1417,5,241,248,249,2249,1
train,1418,5,242,249,250,2250,1
train,1419,5,243,250,251,2251,1
train,1420,5,244,251,252,2252,1
train,1421,5,245,252,253,2253,1
train,1422,5,246,253,254,2254,1
train,1423,5,247,254,255,2255,1
train,1424,5,248,255,256,2256,1
train,1425,5,249,256,257,2257,1
train,1426,5,250,257,258,2258,1
train,1427,5,251,258,259,2259,1
train,1428,5,252,259,260,2260,1
train,1429,5,253,260,261,2261,1
train,1430,5,254,261,262,2262,1
train,1431,5,255,262,263,2263,1
train,1432,5,256,263,264,2264,1
train,1433,5,257,264,265,2265,1
train,1434,5,258,265,266,2266,1
train,1435,5,259,266,267,2267,1
train,1436,5,260,267,268,2268,1
train,1437,5,261,268,269,2269,1
train,1438,5,262,269,270,2270,1
train,1439,5,263,270,271,2271,1
train,1440,5,264,271,272,2272,1
train,1441,5,265,272,273,2273,1
train,1442,5,266,273,274,2274,1
train,1443,5,267,274,275,2275,1
train,1444,5,268,275,276,2276,1
train,1445,5,269,276,277,2277,1
train,1446,5,270,277,278,2278,1
train,1447,5,271,278,279,2279,1
train,1448,5,272,279,280,2280,1
train,1449,5,273,280,281,2281,1
train,1450,5,274,281,282,2282,1
train,1451,5,275,282,283,2283,1
train,1452,5,276,283,284,2284,1
train,1453,5,277,284,285,2285,1
train,1454,5,278,285,286,2286,1
train,1455,5,279,286,287,2287,1
train,1456,5,280,287,288,2288,1
train,1457,5,281,288,289,2289,1
train,1458,5,282,289,290,2290,1
train,1459,5,283,290,291,2291,0
train,1460,5,284,291,292,2292,1
train,1461,5,285,292,293,2293,1
train,1462,5,286,293,294,2294,1
train,1463,5,287,294,295,2295,1
train,1464,5,288,295,296,2296,1
train,1465,5,289,296,297,2297,1
train,1466,5,290,297,298,2298,1
train,1467,5,291,298,299,2299,1
train,1468,5,292,299,300,2300,1
train,1469,5,293,300,301,2301,1
train,1470,5,294,301,302,2302,1
train,1471,5,295,302,303,2303,1
train,1472,5,296,303,304,2304,1
train,1473,5,297,304,305,2305,1
train,1474,5,298,305,306,2306,1
train,1475,5,299,306,307,2307,1
train,1476,5,300,307,308,2308,1
train,1477,5,301,308,309,2309,1
train,1478,5,302,309,310,2310,1
train,1479,5,303,310,311,2311,1
train,1480,5,304,311,312,2312,1
train,1481,5,305,312,313,2313,1
train,1482,5,306,313,314,2314,1
train,1483,5,307,314,315,2315,1
train,1484,5,308,315,316,2316,1
train,1485,5,309,316,317,2317,1
train,1486,5,310,317,318,2318,1
train,1487,5,311,318,319,2319,1
train,1488,5,312,319,320,2320,1
train,1489,5,313,320,321,2321,1
train,1490,5,314,321,322,2322,1
train,1491,5,315,322,323,2323,1
train,1492,5,316,323,324,2324,1
train,1493,5,317,324,325,2325,1
train,1494,5,318,325,326,2326,1
train,1495,5,319,326,327,2327,1
train,1496,5,320,327,328,2328,1
train,1497,5,321,328,329,2329,1
train,1498,5,322,329,330,2330,1
train,1499,5,323,330,331,2331,1
train,1500,5,324,331,332,2332,1
train,1501,5,325,332,333,2333,1
train,1502,5,326,333,334,2334,1
train,1503,5,327,334,335,2335,1
train,1504,5,328,335,336,2336,1
train,1505,5,329,336,337,2337,1
train,1506,5,330,337,338,2338,1
train,1507,5,331,338,339,2339,1
train,1508,5,332,339,340,2340,1
train,1509,5,333,340,341,2341,1
train,1510,5,334,341,342,2342,1
train,1511,5,335,342,343,2343,1
train,1512,5,336,343,344,2344,1
train,1513,5,337,344,345,2345,1
train,1514,5,338,345,346,2346,1
train,1515,5,339,346,347,2347,1
train,1516,5,340,347,348,2348,1
train,1517,5,341,348,349,2349,1
train,1518,5,342,349,350,2350,1
train,1519,5,343,350,351,2351,1
train,1520,5,344,351,352,2352,1
train,1521,5,345,352,353,2353,1
train,1522,5,346,353,354,2354,1
train,1523,5,347,354,355,2355,1
train,1524,5,348,355,356,2356,1
train,1525,5,349,356,357,2357,1
train,1526,5,350,357,358,2358,1
train,1527,5,351,358,359,2359,1
train,1528,5,352,359,360,2360,1
train,1529,5,353,360,361,2361,1
train,1530,5,354,361,362,2362,1
train,1531,5,355,362,363,2363,1
train,1532,5,356,363,364,2364,1
train,1533,5,357,364,365,2365,1
train,1534,5,358,365,366,2366,1
train,1535,5,359,366,367,2367,1
train,1536,5,360,367,368,2368,1
train,1537,5,361,368,369,2369,1
train,1538,5,362,369,370,2370,1
train,1539,5,363,370,371,2371,1
train,1540,5,364,371,372,2372,1
train,1541,5,365,372,373,2373,1
train,1542,5,366,373,374,2374,1
train,1543,5,367,374,375,2375,1
train,1544,5,368,375,376,2376,1
train,1545,5,369,376,377,2377,1
train,1546,5,370,377,378,2378,1
train,1547,5,371,378,379,2379,1
train,1548,5,372,379,380,2380,1
train,1549,5,373,380,381,2381,1
train,1550,5,374,381,382,2382,1
train,1551,5,375,382,383,2383,1
train,1552,5,376,383,384,2384,1
train,1553,5,377,384,385,2385,1
train,1554,5,378,385,386,2386,1
train,1555,5,379,386,387,2387,1
train,1556,5,380,387,388,2388,1
train,1557,5,381,388,389,2389,1
train,1558,5,382,389,390,2390,1
train,1559,5,383,390,391,2391,1
train,1560,5,384,391,392,2392,1
train,1561,5,385,392,393,2393,1
train,1562,5,386,393,394,2394,1
train,1563,5,387,394,395,2395,1
train,1564,5,388,395,396,2396,1
train,1565,5,389,396,397,2397,1
train,1566,5,390,397,398,2398,1
train,1567,5,391,398,399,2399,1
train,1568,6,0,7,8,2408,0
train,1569,6,1,8,9,2409,0
train,1570,6,2,9,10,2410,0
train,1571,6,3,10,11,2411,0
train,1572,6,4,11,12,2412,0
train,1573,6,5,12,13,2413,0
train,1574,6,6,13,14,2414,0
train,1575,6,7,14,15,2415,0
train,1576,6,8,15,16,2416,0
train,1577,6,9,16,17,2417,0
train,1578,6,10,17,18,2418,0
train,1579,6,11,18,19,2419,0
train,1580,6,12,19,20,2420,0
train,1581,6,13,20,21,2421,0
train,1582,6,14,21,22,2422,0
train,1583,6,15,22,23,2423,0
train,1584,6,16,23,24,2424,0
train,1585,6,17,24,25,2425,0
train,1586,6,18,25,26,2426,0
train,1587,6,19,26,27,2427,0
train,1588,6,20,27,28,2428,0
train,1589,6,21,28,29,2429,0
train,1590,6,22,29,30,2430,0
train,1591,6,23,30,31,2431,0
train,1592,6,24,31,32,2432,0
train,1593,6,25,32,33,2433,0
train,1594,6,26,33,34,2434,0
train,1595,6,27,34,35,2435,0
train,1596,6,28,35,36,2436,0
train,1597,6,29,36,37,2437,0
train,1598,6,30,37,38,2438,0
train,1599,6,31,38,39,2439,0
train,1600,6,32,39,40,2440,0
train,1601,6,33,40,41,2441,0
train,1602,6,34,41,42,2442,0
train,1603,6,35,42,43,2443,0
train,1604,6,36,43,44,2444,0
train,1605,6,37,44,45,2445,0
train,1606,6,38,45,46,2446,0
train,1607,6,39,46,47,2447,0
train,1608,6,40,47,48,2448,0
train,1609,6,41,48,49,2449,0
train,1610,6,42,49,50,2450,0
train,1611,6,43,50,51,2451,0
train,1612,6,44,51,52,2452,0
train,1613,6,45,52,53,2453,0
train,1614,6,46,53,54,2454,0
train,1615,6,47,54,55,2455,1
train,1616,6,48,55,56,2456,0
train,1617,6,49,56,57,2457,0
train,1618,6,50,57,58,2458,0
train,1619,6,51,58,59,2459,0
train,1620,6,52,59,60,2460,0
train,1621,6,53,60,61,2461,0
train,1622,6,54,61,62,2462,0
train,1623,6,55,62,63,2463,0
train,1624,6,56,63,64,2464,0
train,1625,6,57,64,65,2465,0
train,1626,6,58,65,66,2466,0
train,1627,6,59,66,67,2467,0
train,1628,6,60,67,68,2468,0
train,1629,6,61,68,69,2469,0
train,1630,6,62,69,70,2470,0
train,1631,6,63,70,71,2471,0
train,1632,6,64,71,72,2472,0
train,1633,6,65,72,73,2473,0
train,1634,6,66,73,74,2474,0
train,1635,6,67,74,75,2475,0
train,1636,6,68,75,76,2476,0
train,1637,6,69,76,77,2477,0
train,1638,6,70,77,78,2478,0
train,1639,6,71,78,79,2479,0
train,1640,6,72,79,80,2480,0
train,1641,6,73,80,81,2481,0
train,1642,6,74,81,82,2482,0
train,1643,6,75,82,83,2483,0
train,1644,6,76,83,84,2484,0
train,1645,6,77,84,85,2485,0
train,1646,6,78,85,86,2486,0
train,1647,6,79,86,87,2487,1
train,1648,6,80,87,88,2488,1
train,1649,6,81,88,89,2489,0
train,1650,6,82,89,90,2490,0
train,1651,6,83,90,91,2491,0
train,1652,6,84,91,92,2492,0
train,1653,6,85,92,93,2493,0
train,1654,6,86,93,94,2494,0
train,1655,6,87,94,95,2495,0
train,1656,6,88,95,96,2496,0
train,1657,6,89,96,97,2497,1
train,1658,6,90,97,98,2498,0
train,1659,6,91,98,99,2499,0
train,1660,6,92,99,100,2500,0
train,1661,6,93,100,101,2501,0
train,1662,6,94,101,102,2502,0
train,1663,6,95,102,103,2503,0
train,1664,6,96,103,104,2504,0
train,1665,6,97,104,105,2505,0
train,1666,6,98,105,106,2506,0
train,1667,6,99,106,107,2507,0
train,1668,6,100,107,108,2508,0
train,1669,6,101,108,109,2509,0
train,1670,6,102,109,110,2510,1
train,1671,6,103,110,111,2511,0
train,1672,6,104,111,112,2512,0
train,1673,6,105,112,113,2513,0
train,1674,6,106,113,114,2514,0
train,1675,6,107,114,115,2515,0
train,1676,6,108,115,116,2516,0
train,1677,6,109,116,117,2517,1
train,1678,6,110,117,118,2518,0
train,1679,6,111,118,119,2519,0
train,1680,6,112,119,120,2520,0
train,1681,6,113,120,121,2521,0
train,1682,6,114,121,122,2522,0
train,1683,6,115,122,123,2523,0
train,1684,6,116,123,124,2524,0
train,1685,6,117,124,125,2525,0
train,1686,6,118,125,126,2526,1
train,1687,6,119,126,127,2527,0
train,1688,6,120,127,128,2528,1
train,1689,6,121,128,129,2529,1
train,1690,6,122,129,130,2530,1
train,1691,6,123,130,131,2531,1
train,1692,6,124,131,132,2532,0
train,1693,6,125,132,133,2533,0
train,1694,6,126,133,134,2534,0
train,1695,6,127,134,135,2535,0
train,1696,6,128,135,136,2536,0
train,1697,6,129,136,137,2537,1
train,1698,6,130,137,138,2538,0
train,1699,6,131,138,139,2539,0
train,1700,6,132,139,140,2540,1
train,1701,6,133,140,141,2541,1
train,1702,6,134,141,142,2542,0
train,1703,6,135,142,143,2543,1
train,1704,6,136,143,144,2544,0
train,1705,6,137,144,145,2545,0
train,1706,6,138,145,146,2546,0
train,1707,6,139,146,147,2547,1
train,1708,6,140,147,148,2548,1
train,1709,6,141,148,149,2549,0
train,1710,6,142,149,150,2550,1
train,1711,6,143,150,151,2551,1
train,1712,6,144,151,152,2552,0
train,1713,6,145,152,153,2553,1
train,1714,6,146,153,154,2554,1
train,1715,6,147,154,155,2555,1
train,1716,6,148,155,156,2556,1
train,1717,6,149,156,157,2557,0
train,1718,6,150,157,158,2558,0
train,1719,6,151,158,159,2559,1
train,1720,6,152,159,160,2560,1
train,1721,6,153,160,161,2561,0
train,1722,6,154,161,162,2562,1
train,1723,6,155,162,163,2563,1
train,1724,6,156,163,164,2564,0
train,1725,6,157,164,165,2565,1
train,1726,6,158,165,166,2566,1
train,1727,6,159,166,167,2567,0
train,1728,6,160,167,168,2568,0
train,1729,6,161,168,169,2569,0
train,1730,6,162,169,170,2570,0
train,1731,6,163,170,171,2571,1
train,1732,6,164,171,172,2572,1
train,1733,6,165,172,173,2573,0
train,1734,6,166,173,174,2574,1
train,1735,6,167,174,175,2575,0
train,1736,6,168,175,176,2576,1
train,1737,6,169,176,177,2577,1
train,1738,6,170,177,178,2578,1
train,1739,6,171,178,179,2579,1
train,1740,6,172,179,180,2580,1
train,1741,6,173,180,181,2581,1
train,1742,6,174,181,182,2582,1
train,1743,6,175,182,183,2583,1
train,1744,6,176,183,184,2584,1
train,1745,6,177,184,185,2585,0
train,1746,6,178,185,186,2586,1
train,1747,6,179,186,187,2587,1
train,1748,6,180,187,188,2588,0
train,1749,6,181,188,189,2589,1
train,1750,6,182,189,190,2590,1
train,1751,6,183,190,191,2591,1
train,1752,6,184,191,192,2592,0
train,1753,6,185,192,193,2593,1
train,1754,6,186,193,194,2594,1
train,1755,6,187,194,195,2595,1
train,1756,6,188,195,196,2596,1
train,1757,6,189,196,197,2597,1
train,1758,6,190,197,198,2598,1
train,1759,6,191,198,199,2599,1
train,1760,6,192,199,200,2600,1
train,1761,6,193,200,201,2601,1
train,1762,6,194,201,202,2602,1
train,1763,6,195,202,203,2603,0
train,1764,6,196,203,204,2604,1
train,1765,6,197,204,205,2605,1
train,1766,6,198,205,206,2606,1
train,1767,6,199,206,207,2607,1
train,1768,6,200,207,208,2608,1
train,1769,6,201,208,209,2609,1
train,1770,6,202,209,210,2610,1
train,1771,6,203,210,211,2611,1
train,1772,6,204,211,212,2612,1
train,1773,6,205,212,213,2613,1
train,1774,6,206,213,214,2614,1
train,1775,6,207,214,215,2615,1
train,1776,6,208,215,216,2616,1
train,1777,6,209,216,217,2617,1
train,1778,6,210,217,218,2618,1
train,1779,6,211,218,219,2619,1
train,1780,6,212,219,220,2620,1
train,1781,6,213,220,221,2621,1
train,1782,6,214,221,222,2622,1
train,1783,6,215,222,223,2623,1
train,1784,6,216,223,224,2624,1
train,1785,6,217,224,225,2625,1
train,1786,6,218,225,226,2626,1
train,1787,6,219,226,227,2627,1
train,1788,6,220,227,228,2628,1
train,1789,6,221,228,229,2629,1
train,1790,6,222,229,230,2630,1
train,1791,6,223,230,231,2631,1
train,1792,6,224,231,232,2632,1
train,1793,6,225,232,233,2633,1
train,1794,6,226,233,234,2634,1
train,1795,6,227,234,235,2635,1
train,1796,6,228,235,236,2636,1
train,1797,6,229,236,237,2637,1
train,1798,6,230,237,238,2638,1
train,1799,6,231,238,239,2639,1
train,1800,6,232,239,240,2640,1
train,1801,6,233,240,241,2641,1
train,1802,6,234,241,242,2642,1
train,1803,6,235,242,243,2643,1
train,1804,6,236,243,244,2644,1
train,1805,6,237,244,245,2645,1
train,1806,6,238,245,246,2646,1
train,1807,6,239,246,247,2647,1
train,1808,6,240,247,248,2648,1
train,1809,6,241,248,249,2649,1
train,1810,6,242,249,250,2650,1
train,1811,6,243,250,251,2651,1
train,1812,6,244,251,252,2652,1
train,1813,6,245,252,253,2653,1
train,1814,6,246,253,254,2654,1
train,1815,6,247,254,255,2655,1
train,1816,6,248,255,256,2656,1
train,1817,6,249,256,257,2657,0
train,1818,6,250,257,258,2658,1
train,1819,6,251,258,259,2659,1
train,1820,6,252,259,260,2660,1
train,1821,6,253,260,261,2661,1
train,1822,6,254,261,262,2662,1
train,1823,6,255,262,263,2663,1
train,1824,6,256,263,264,2664,1
train,1825,6,257,264,265,2665,1
train,1826,6,258,265,266,2666,1
train,1827,6,259,266,267,2667,1
train,1828,6,260,267,268,2668,1
train,1829,6,261,268,269,2669,1
train,1830,6,262,269,270,2670,1
train,1831,6,263,270,271,2671,1
train,1832,6,264,271,272,2672,1
train,1833,6,265,272,273,2673,1
train,1834,6,266,273,274,2674,1
train,1835,6,267,274,275,2675,1
train,1836,6,268,275,276,2676,1
train,1837,6,269,276,277,2677,1
train,1838,6,270,277,278,2678,1
train,1839,6,271,278,279,2679,1
train,1840,6,272,279,280,2680,1
train,1841,6,273,280,281,2681,1
train,1842,6,274,281,282,2682,1
train,1843,6,275,282,283,2683,1
train,1844,6,276,283,284,2684,1
train,1845,6,277,284,285,2685,1
train,1846,6,278,285,286,2686,1
train,1847,6,279,286,287,2687,1
train,1848,6,280,287,288,2688,1
train,1849,6,281,288,289,2689,1
train,1850,6,282,289,290,2690,1
train,1851,6,283,290,291,2691,1
train,1852,6,284,291,292,2692,1
train,1853,6,285,292,293,2693,1
train,1854,6,286,293,294,2694,1
train,1855,6,287,294,295,2695,1
train,1856,6,288,295,296,2696,1
train,1857,6,289,296,297,2697,1
train,1858,6,290,297,298,2698,1
train,1859,6,291,298,299,2699,1
train,1860,6,292,299,300,2700,1
train,1861,6,293,300,301,2701,1
train,1862,6,294,301,302,2702,1
train,1863,6,295,302,303,2703,1
train,1864,6,296,303,304,2704,1
train,1865,6,297,304,305,2705,1
train,1866,6,298,305,306,2706,1
train,1867,6,299,306,307,2707,1
train,1868,6,300,307,308,2708,1
train,1869,6,301,308,309,2709,1
train,1870,6,302,309,310,2710,1
train,1871,6,303,310,311,2711,1
train,1872,6,304,311,312,2712,1
train,1873,6,305,312,313,2713,1
train,1874,6,306,313,314,2714,1
train,1875,6,307,314,315,2715,1
train,1876,6,308,315,316,2716,1
train,1877,6,309,316,317,2717,1
train,1878,6,310,317,318,2718,1
train,1879,6,311,318,319,2719,1
train,1880,6,312,319,320,2720,1
train,1881,6,313,320,321,2721,1
train,1882,6,314,321,322,2722,1
train,1883,6,315,322,323,2723,1
train,1884,6,316,323,324,2724,1
train,1885,6,317,324,325,2725,1
train,1886,6,318,325,326,2726,1
train,1887,6,319,326,327,2727,1
train,1888,6,320,327,328,2728,1
train,1889,6,321,328,329,2729,1
train,1890,6,322,329,330,2730,1
train,1891,6,323,330,331,2731,1
train,1892,6,324,331,332,2732,1
train,1893,6,325,332,333,2733,1
train,1894,6,326,333,334,2734,1
train,1895,6,327,334,335,2735,1
train,1896,6,328,335,336,2736,1
train,1897,6,329,336,337,2737,1
train,1898,6,330,337,338,2738,1
train,1899,6,331,338,339,2739,1
train,1900,6,332,339,340,2740,1
train,1901,6,333,340,341,2741,1
train,1902,6,334,341,342,2742,1
train,1903,6,335,342,343,2743,1
train,1904,6,336,343,344,2744,1
train,1905,6,337,344,345,2745,1
train,1906,6,338,345,346,2746,1
train,1907,6,339,346,347,2747,1
train,1908,6,340,347,348,2748,1
train,1909,6,341,348,349,2749,1
train,1910,6,342,349,350,2750,1
train,1911,6,343,350,351,2751,1
train,1912,6,344,351,352,2752,1
train,1913,6,345,352,353,2753,1
train,1914,6,346,353,354,2754,1
train,1915,6,347,354,355,2755,1
train,1916,6,348,355,356,2756,1
train,1917,6,349,356,357,2757,1
train,1918,6,350,357,358,2758,1
train,1919,6,351,358,359,2759,1
train,1920,6,352,359,360,2760,1
train,1921,6,353,360,361,2761,1
train,1922,6,354,361,362,2762,1
train,1923,6,355,362,363,2763,1
train,1924,6,356,363,364,2764,1
train,1925,6,357,364,365,2765,1
train,1926,6,358,365,366,2766,1
train,1927,6,359,366,367,2767,1
train,1928,6,360,367,368,2768,1
train,1929,6,361,368,369,2769,1
train,1930,6,362,369,370,2770,1
train,1931,6,363,370,371,2771,1
train,1932,6,364,371,372,2772,1
train,1933,6,365,372,373,2773,1
train,1934,6,366,373,374,2774,1
train,1935,6,367,374,375,2775,1
train,1936,6,368,375,376,2776,1
train,1937,6,369,376,377,2777,1
train,1938,6,370,377,378,2778,1
train,1939,6,371,378,379,2779,1
train,1940,6,372,379,380,2780,1
train,1941,6,373,380,381,2781,1
train,1942,6,374,381,382,2782,1
train,1943,6,375,382,383,2783,1
train,1944,6,376,383,384,2784,1
train,1945,6,377,384,385,2785,1
train,1946,6,378,385,386,2786,1
train,1947,6,379,386,387,2787,1
train,1948,6,380,387,388,2788,1
train,1949,6,381,388,389,2789,1
train,1950,6,382,389,390,2790,1
train,1951,6,383,390,391,2791,1
train,1952,6,384,391,392,2792,1
train,1953,6,385,392,393,2793,1
train,1954,6,386,393,394,2794,1
train,1955,6,387,394,395,2795,1
train,1956,6,388,395,396,2796,1
train,1957,6,389,396,397,2797,1
train,1958,6,390,397,398,2798,1
train,1959,6,391,398,399,2799,1
train,1960,7,0,7,8,2808,0
train,1961,7,1,8,9,2809,0
train,1962,7,2,9,10,2810,0
train,1963,7,3,10,11,2811,0
train,1964,7,4,11,12,2812,0
train,1965,7,5,12,13,2813,0
train,1966,7,6,13,14,2814,0
train,1967,7,7,14,15,2815,0
train,1968,7,8,15,16,2816,0
train,1969,7,9,16,17,2817,0
train,1970,7,10,17,18,2818,0
train,1971,7,11,18,19,2819,0
train,1972,7,12,19,20,2820,0
train,1973,7,13,20,21,2821,0
train,1974,7,14,21,22,2822,0
train,1975,7,15,22,23,2823,0
train,1976,7,16,23,24,2824,0
train,1977,7,17,24,25,2825,0
train,1978,7,18,25,26,2826,0
train,1979,7,19,26,27,2827,0
train,1980,7,20,27,28,2828,0
train,1981,7,21,28,29,2829,0
train,1982,7,22,29,30,2830,0
train,1983,7,23,30,31,2831,0
train,1984,7,24,31,32,2832,0
train,1985,7,25,32,33,2833,0
train,1986,7,26,33,34,2834,0
train,1987,7,27,34,35,2835,0
train,1988,7,28,35,36,2836,0
train,1989,7,29,36,37,2837,0
train,1990,7,30,37,38,2838,0
train,1991,7,31,38,39,2839,0
train,1992,7,32,39,40,2840,0
train,1993,7,33,40,41,2841,0
train,1994,7,34,41,42,2842,0
train,1995,7,35,42,43,2843,0
train,1996,7,36,43,44,2844,0
train,1997,7,37,44,45,2845,0
train,1998,7,38,45,46,2846,0
train,1999,7,39,46,47,2847,0
train,2000,7,40,47,48,2848,0
train,2001,7,41,48,49,2849,0
train,2002,7,42,49,50,2850,0
train,2003,7,43,50,51,2851,0
train,2004,7,44,51,52,2852,0
train,2005,7,45,52,53,2853,0
train,2006,7,46,53,54,2854,0
train,2007,7,47,54,55,2855,0
train,2008,7,48,55,56,2856,0
train,2009,7,49,56,57,2857,0
train,2010,7,50,57,58,2858,0
train,2011,7,51,58,59,2859,0
train,2012,7,52,59,60,2860,0
train,2013,7,53,60,61,2861,0
train,2014,7,54,61,62,2862,0
train,2015,7,55,62,63,2863,0
train,2016,7,56,63,64,2864,0
train,2017,7,57,64,65,2865,0
train,2018,7,58,65,66,2866,0
train,2019,7,59,66,67,2867,0
train,2020,7,60,67,68,2868,0
train,2021,7,61,68,69,2869,0
train,2022,7,62,69,70,2870,0
train,2023,7,63,70,71,2871,0
train,2024,7,64,71,72,2872,0
train,2025,7,65,72,73,2873,0
train,2026,7,66,73,74,2874,0
train,2027,7,67,74,75,2875,0
train,2028,7,68,75,76,2876,0
train,2029,7,69,76,77,2877,1
train,2030,7,70,77,78,2878,0
train,2031,7,71,78,79,2879,0
train,2032,7,72,79,80,2880,0
train,2033,7,73,80,81,2881,0
train,2034,7,74,81,82,2882,0
train,2035,7,75,82,83,2883,0
train,2036,7,76,83,84,2884,0
train,2037,7,77,84,85,2885,0
train,2038,7,78,85,86,2886,0
train,2039,7,79,86,87,2887,0
train,2040,7,80,87,88,2888,0
train,2041,7,81,88,89,2889,0
train,2042,7,82,89,90,2890,0
train,2043,7,83,90,91,2891,0
train,2044,7,84,91,92,2892,0
train,2045,7,85,92,93,2893,0
train,2046,7,86,93,94,2894,0
train,2047,7,87,94,95,2895,0
train,2048,7,88,95,96,2896,0
train,2049,7,89,96,97,2897,0
train,2050,7,90,97,98,2898,0
train,2051,7,91,98,99,2899,0
train,2052,7,92,99,100,2900,0
train,2053,7,93,100,101,2901,0
train,2054,7,94,101,102,2902,0
train,2055,7,95,102,103,2903,0
train,2056,7,96,103,104,2904,0
train,2057,7,97,104,105,2905,0
train,2058,7,98,105,106,2906,0
train,2059,7,99,106,107,2907,0
train,2060,7,100,107,108,2908,0
train,2061,7,101,108,109,2909,0
train,2062,7,102,109,110,2910,0
train,2063,7,103,110,111,2911,0
train,2064,7,104,111,112,2912,0
train,2065,7,105,112,113,2913,0
train,2066,7,106,113,114,2914,0
train,2067,7,107,114,115,2915,0
train,2068,7,108,115,116,2916,0
train,2069,7,109,116,117,2917,0
train,2070,7,110,117,118,2918,0
train,2071,7,111,118,119,2919,0
train,2072,7,112,119,120,2920,1
train,2073,7,113,120,121,2921,0
train,2074,7,114,121,122,2922,0
train,2075,7,115,122,123,2923,0
train,2076,7,116,123,124,2924,0
train,2077,7,117,124,125,2925,0
train,2078,7,118,125,126,2926,0
train,2079,7,119,126,127,2927,0
train,2080,7,120,127,128,2928,0
train,2081,7,121,128,129,2929,0
train,2082,7,122,129,130,2930,1
train,2083,7,123,130,131,2931,0
train,2084,7,124,131,132,2932,0
train,2085,7,125,132,133,2933,0
train,2086,7,126,133,134,2934,1
train,2087,7,127,134,135,2935,1
train,2088,7,128,135,136,2936,1
train,2089,7,129,136,137,2937,0
train,2090,7,130,137,138,2938,0
train,2091,7,131,138,139,2939,1
train,2092,7,132,139,140,2940,0
train,2093,7,133,140,141,2941,0
train,2094,7,134,141,142,2942,0
train,2095,7,135,142,143,2943,0
train,2096,7,136,143,144,2944,0
train,2097,7,137,144,145,2945,0
train,2098,7,138,145,146,2946,1
train,2099,7,139,146,147,2947,0
train,2100,7,140,147,148,2948,0
train,2101,7,141,148,149,2949,1
train,2102,7,142,149,150,2950,0
train,2103,7,143,150,151,2951,0
train,2104,7,144,151,152,2952,1
train,2105,7,145,152,153,2953,1
train,2106,7,146,153,154,2954,0
train,2107,7,147,154,155,2955,0
train,2108,7,148,155,156,2956,0
train,2109,7,149,156,157,2957,0
train,2110,7,150,157,158,2958,0
train,2111,7,151,158,159,2959,0
train,2112,7,152,159,160,2960,1
train,2113,7,153,160,161,2961,0
train,2114,7,154,161,162,2962,0
train,2115,7,155,162,163,2963,0
train,2116,7,156,163,164,2964,0
train,2117,7,157,164,165,2965,0
train,2118,7,158,165,166,2966,0
train,2119,7,159,166,167,2967,0
train,2120,7,160,167,168,2968,0
train,2121,7,161,168,169,2969,0
train,2122,7,162,169,170,2970,0
train,2123,7,163,170,171,2971,0
train,2124,7,164,171,172,2972,1
train,2125,7,165,172,173,2973,1
train,2126,7,166,173,174,2974,0
train,2127,7,167,174,175,2975,0
train,2128,7,168,175,176,2976,0
train,2129,7,169,176,177,2977,0
train,2130,7,170,177,178,2978,1
train,2131,7,171,178,179,2979,0
train,2132,7,172,179,180,2980,0
train,2133,7,173,180,181,2981,0
train,2134,7,174,181,182,2982,0
train,2135,7,175,182,183,2983,1
train,2136,7,176,183,184,2984,1
train,2137,7,177,184,185,2985,0
train,2138,7,178,185,186,2986,0
train,2139,7,179,186,187,2987,0
train,2140,7,180,187,188,2988,1
train,2141,7,181,188,189,2989,1
train,2142,7,182,189,190,2990,1
train,2143,7,183,190,191,2991,0
train,2144,7,184,191,192,2992,0
train,2145,7,185,192,193,2993,0
train,2146,7,186,193,194,2994,1
train,2147,7,187,194,195,2995,0
train,2148,7,188,195,196,2996,0
train,2149,7,189,196,197,2997,0
train,2150,7,190,197,198,2998,0
train,2151,7,191,198,199,2999,0
train,2152,7,192,199,200,3000,1
train,2153,7,193,200,201,3001,1
train,2154,7,194,201,202,3002,0
train,2155,7,195,202,203,3003,1
train,2156,7,196,203,204,3004,1
train,2157,7,197,204,205,3005,0
train,2158,7,198,205,206,3006,1
train,2159,7,199,206,207,3007,0
train,2160,7,200,207,208,3008,1
train,2161,7,201,208,209,3009,1
train,2162,7,202,209,210,3010,0
train,2163,7,203,210,211,3011,1
train,2164,7,204,211,212,3012,1
train,2165,7,205,212,213,3013,1
train,2166,7,206,213,214,3014,1
train,2167,7,207,214,215,3015,1
train,2168,7,208,215,216,3016,1
train,2169,7,209,216,217,3017,0
train,2170,7,210,217,218,3018,1
train,2171,7,211,218,219,3019,0
train,2172,7,212,219,220,3020,0
train,2173,7,213,220,221,3021,1
train,2174,7,214,221,222,3022,1
train,2175,7,215,222,223,3023,1
train,2176,7,216,223,224,3024,1
train,2177,7,217,224,225,3025,0
train,2178,7,218,225,226,3026,1
train,2179,7,219,226,227,3027,1
train,2180,7,220,227,228,3028,1
train,2181,7,221,228,229,3029,1
train,2182,7,222,229,230,3030,1
train,2183,7,223,230,231,3031,1
train,2184,7,224,231,232,3032,0
train,2185,7,225,232,233,3033,1
train,2186,7,226,233,234,3034,1
train,2187,7,227,234,235,3035,1
train,2188,7,228,235,236,3036,1
train,2189,7,229,236,237,3037,1
train,2190,7,230,237,238,3038,1
train,2191,7,231,238,239,3039,1
train,2192,7,232,239,240,3040,1
train,2193,7,233,240,241,3041,1
train,2194,7,234,241,242,3042,1
train,2195,7,235,242,243,3043,1
train,2196,7,236,243,244,3044,1
train,2197,7,237,244,245,3045,1
train,2198,7,238,245,246,3046,1
train,2199,7,239,246,247,3047,1
train,2200,7,240,247,248,3048,1
train,2201,7,241,248,249,3049,1
train,2202,7,242,249,250,3050,1
train,2203,7,243,250,251,3051,1
train,2204,7,244,251,252,3052,1
train,2205,7,245,252,253,3053,1
train,2206,7,246,253,254,3054,1
train,2207,7,247,254,255,3055,1
train,2208,7,248,255,256,3056,1
train,2209,7,249,256,257,3057,1
train,2210,7,250,257,258,3058,1
train,2211,7,251,258,259,3059,1
train,2212,7,252,259,260,3060,1
train,2213,7,253,260,261,3061,1
train,2214,7,254,261,262,3062,1
train,2215,7,255,262,263,3063,1
train,2216,7,256,263,264,3064,1
train,2217,7,257,264,265,3065,1
train,2218,7,258,265,266,3066,1
train,2219,7,259,266,267,3067,1
train,2220,7,260,267,268,3068,1
train,2221,7,261,268,269,3069,1
train,2222,7,262,269,270,3070,1
train,2223,7,263,270,271,3071,1
train,2224,7,264,271,272,3072,1
train,2225,7,265,272,273,3073,1
train,2226,7,266,273,274,3074,1
train,2227,7,267,274,275,3075,1
train,2228,7,268,275,276,3076,1
train,2229,7,269,276,277,3077,1
train,2230,7,270,277,278,3078,1
train,2231,7,271,278,279,3079,1
train,2232,7,272,279,280,3080,1
train,2233,7,273,280,281,3081,1
train,2234,7,274,281,282,3082,1
train,2235,7,275,282,283,3083,1
train,2236,7,276,283,284,3084,1
train,2237,7,277,284,285,3085,1
train,2238,7,278,285,286,3086,1
train,2239,7,279,286,287,3087,1
train,2240,7,280,287,288,3088,1
train,2241,7,281,288,289,3089,1
train,2242,7,282,289,290,3090,1
train,2243,7,283,290,291,3091,1
train,2244,7,284,291,292,3092,1
train,2245,7,285,292,293,3093,1
train,2246,7,286,293,294,3094,1
train,2247,7,287,294,295,3095,1
train,2248,7,288,295,296,3096,1
train,2249,7,289,296,297,3097,1
train,2250,7,290,297,298,3098,1
train,2251,7,291,298,299,3099,1
train,2252,7,292,299,300,3100,1
train,2253,7,293,300,301,3101,1
train,2254,7,294,301,302,3102,1
train,2255,7,295,302,303,3103,1
train,2256,7,296,303,304,3104,1
train,2257,7,297,304,305,3105,1
train,2258,7,298,305,306,3106,1
train,2259,7,299,306,307,3107,1
train,2260,7,300,307,308,3108,1
train,2261,7,301,308,309,3109,1
train,2262,7,302,309,310,3110,1
train,2263,7,303,310,311,3111,1
train,2264,7,304,311,312,3112,1
train,2265,7,305,312,313,3113,1
train,2266,7,306,313,314,3114,1
train,2267,7,307,314,315,3115,1
train,2268,7,308,315,316,3116,1
train,2269,7,309,316,317,3117,1
train,2270,7,310,317,318,3118,1
train,2271,7,311,318,319,3119,1
train,2272,7,312,319,320,3120,1
train,2273,7,313,320,321,3121,1
train,2274,7,314,321,322,3122,1
train,2275,7,315,322,323,3123,1
train,2276,7,316,323,324,3124,1
train,2277,7,317,324,325,3125,1
train,2278,7,318,325,326,3126,1
train,2279,7,319,326,327,3127,1
train,2280,7,320,327,328,3128,1
train,2281,7,321,328,329,3129,1
train,2282,7,322,329,330,3130,1
train,2283,7,323,330,331,3131,1
train,2284,7,324,331,332,3132,1
train,2285,7,325,332,333,3133,1
train,2286,7,326,333,334,3134,1
train,2287,7,327,334,335,3135,1
train,2288,7,328,335,336,3136,1
train,2289,7,329,336,337,3137,1
train,2290,7,330,337,338,3138,1
train,2291,7,331,338,339,3139,1
train,2292,7,332,339,340,3140,1
train,2293,7,333,340,341,3141,1
train,2294,7,334,341,342,3142,1
train,2295,7,335,342,343,3143,1
train,2296,7,336,343,344,3144,1
train,2297,7,337,344,345,3145,1
train,2298,7,338,345,346,3146,1
train,2299,7,339,346,347,3147,1
train,2300,7,340,347,348,3148,1
train,2301,7,341,348,349,3149,1
train,2302,7,342,349,350,3150,1
train,2303,7,343,350,351,3151,1
train,2304,7,344,351,352,3152,1
train,2305,7,345,352,353,3153,1
train,2306,7,346,353,354,3154,1
train,2307,7,347,354,355,3155,1
train,2308,7,348,355,356,3156,1
train,2309,7,349,356,357,3157,1
train,2310,7,350,357,358,3158,1
train,2311,7,351,358,359,3159,1
train,2312,7,352,359,360,3160,1
train,2313,7,353,360,361,3161,1
train,2314,7,354,361,362,3162,1
train,2315,7,355,362,363,3163,1
train,2316,7,356,363,364,3164,1
train,2317,7,357,364,365,3165,1
train,2318,7,358,365,366,3166,1
train,2319,7,359,366,367,3167,1
train,2320,7,360,367,368,3168,1
train,2321,7,361,368,369,3169,1
train,2322,7,362,369,370,3170,1
train,2323,7,363,370,371,3171,1
train,2324,7,364,371,372,3172,1
train,2325,7,365,372,373,3173,1
train,2326,7,366,373,374,3174,1
train,2327,7,367,374,375,3175,1
train,2328,7,368,375,376,3176,1
train,2329,7,369,376,377,3177,1
train,2330,7,370,377,378,3178,1
train,2331,7,371,378,379,3179,1
train,2332,7,372,379,380,3180,1
train,2333,7,373,380,381,3181,1
train,2334,7,374,381,382,3182,1
train,2335,7,375,382,383,3183,1
train,2336,7,376,383,384,3184,1
train,2337,7,377,384,385,3185,1
train,2338,7,378,385,386,3186,1
train,2339,7,379,386,387,3187,1
train,2340,7,380,387,388,3188,1
train,2341,7,381,388,389,3189,1
train,2342,7,382,389,390,3190,1
train,2343,7,383,390,391,3191,1
train,2344,7,384,391,392,3192,1
train,2345,7,385,392,393,3193,1
train,2346,7,386,393,394,3194,1
train,2347,7,387,394,395,3195,1
train,2348,7,388,395,396,3196,1
train,2349,7,389,396,397,3197,1
train,2350,7,390,397,398,3198,1
train,2351,7,391,398,399,3199,1
train,2352,8,0,7,8,3208,0
train,2353,8,1,8,9,3209,0
train,2354,8,2,9,10,3210,0
train,2355,8,3,10,11,3211,0
train,2356,8,4,11,12,3212,0
train,2357,8,5,12,13,3213,0
train,2358,8,6,13,14,3214,0
train,2359,8,7,14,15,3215,0
train,2360,8,8,15,16,3216,0
train,2361,8,9,16,17,3217,0
train,2362,8,10,17,18,3218,0
train,2363,8,11,18,19,3219,0
train,2364,8,12,19,20,3220,0
train,2365,8,13,20,21,3221,0
train,2366,8,14,21,22,3222,0
train,2367,8,15,22,23,3223,0
train,2368,8,16,23,24,3224,0
train,2369,8,17,24,25,3225,0
train,2370,8,18,25,26,3226,0
train,2371,8,19,26,27,3227,0
train,2372,8,20,27,28,3228,0
train,2373,8,21,28,29,3229,0
train,2374,8,22,29,30,3230,0
train,2375,8,23,30,31,3231,0
train,2376,8,24,31,32,3232,0
train,2377,8,25,32,33,3233,0
train,2378,8,26,33,34,3234,0
train,2379,8,27,34,35,3235,0
train,2380,8,28,35,36,3236,0
train,2381,8,29,36,37,3237,0
train,2382,8,30,37,38,3238,0
train,2383,8,31,38,39,3239,0
train,2384,8,32,39,40,3240,0
train,2385,8,33,40,41,3241,0
train,2386,8,34,41,42,3242,0
train,2387,8,35,42,43,3243,0
train,2388,8,36,43,44,3244,0
train,2389,8,37,44,45,3245,0
train,2390,8,38,45,46,3246,0
train,2391,8,39,46,47,3247,0
train,2392,8,40,47,48,3248,0
train,2393,8,41,48,49,3249,0
train,2394,8,42,49,50,3250,0
train,2395,8,43,50,51,3251,0
train,2396,8,44,51,52,3252,0
train,2397,8,45,52,53,3253,0
train,2398,8,46,53,54,3254,0
train,2399,8,47,54,55,3255,0
train,2400,8,48,55,56,3256,0
train,2401,8,49,56,57,3257,0
train,2402,8,50,57,58,3258,0
train,2403,8,51,58,59,3259,0
train,2404,8,52,59,60,3260,0
train,2405,8,53,60,61,3261,0
train,2406,8,54,61,62,3262,0
train,2407,8,55,62,63,3263,0
train,2408,8,56,63,64,3264,0
train,2409,8,57,64,65,3265,0
train,2410,8,58,65,66,3266,0
train,2411,8,59,66,67,3267,0
train,2412,8,60,67,68,3268,0
train,2413,8,61,68,69,3269,0
train,2414,8,62,69,70,3270,0
train,2415,8,63,70,71,3271,0
train,2416,8,64,71,72,3272,0
train,2417,8,65,72,73,3273,0
train,2418,8,66,73,74,3274,0
train,2419,8,67,74,75,3275,0
train,2420,8,68,75,76,3276,0
train,2421,8,69,76,77,3277,0
train,2422,8,70,77,78,3278,0
train,2423,8,71,78,79,3279,0
train,2424,8,72,79,80,3280,0
train,2425,8,73,80,81,3281,0
train,2426,8,74,81,82,3282,0
train,2427,8,75,82,83,3283,0
train,2428,8,76,83,84,3284,0
train,2429,8,77,84,85,3285,0
train,2430,8,78,85,86,3286,0
train,2431,8,79,86,87,3287,0
train,2432,8,80,87,88,3288,0
train,2433,8,81,88,89,3289,0
train,2434,8,82,89,90,3290,0
train,2435,8,83,90,91,3291,0
train,2436,8,84,91,92,3292,0
train,2437,8,85,92,93,3293,0
train,2438,8,86,93,94,3294,0
train,2439,8,87,94,95,3295,0
train,2440,8,88,95,96,3296,0
train,2441,8,89,96,97,3297,0
train,2442,8,90,97,98,3298,0
train,2443,8,91,98,99,3299,0
train,2444,8,92,99,100,3300,0
train,2445,8,93,100,101,3301,0
train,2446,8,94,101,102,3302,0
train,2447,8,95,102,103,3303,0
train,2448,8,96,103,104,3304,0
train,2449,8,97,104,105,3305,0
train,2450,8,98,105,106,3306,1
train,2451,8,99,106,107,3307,1
train,2452,8,100,107,108,3308,0
train,2453,8,101,108,109,3309,0
train,2454,8,102,109,110,3310,0
train,2455,8,103,110,111,3311,0
train,2456,8,104,111,112,3312,0
train,2457,8,105,112,113,3313,0
train,2458,8,106,113,114,3314,0
train,2459,8,107,114,115,3315,1
train,2460,8,108,115,116,3316,0
train,2461,8,109,116,117,3317,0
train,2462,8,110,117,118,3318,0
train,2463,8,111,118,119,3319,1
train,2464,8,112,119,120,3320,0
train,2465,8,113,120,121,3321,1
train,2466,8,114,121,122,3322,1
train,2467,8,115,122,123,3323,0
train,2468,8,116,123,124,3324,1
train,2469,8,117,124,125,3325,0
train,2470,8,118,125,126,3326,1
train,2471,8,119,126,127,3327,0
train,2472,8,120,127,128,3328,0
train,2473,8,121,128,129,3329,1
train,2474,8,122,129,130,3330,0
train,2475,8,123,130,131,3331,1
train,2476,8,124,131,132,3332,1
train,2477,8,125,132,133,3333,1
train,2478,8,126,133,134,3334,0
train,2479,8,127,134,135,3335,1
train,2480,8,128,135,136,3336,0
train,2481,8,129,136,137,3337,1
train,2482,8,130,137,138,3338,1
train,2483,8,131,138,139,3339,1
train,2484,8,132,139,140,3340,0
train,2485,8,133,140,141,3341,1
train,2486,8,134,141,142,3342,0
train,2487,8,135,142,143,3343,0
train,2488,8,136,143,144,3344,1
train,2489,8,137,144,145,3345,1
train,2490,8,138,145,146,3346,0
train,2491,8,139,146,147,3347,1
train,2492,8,140,147,148,3348,1
train,2493,8,141,148,149,3349,1
train,2494,8,142,149,150,3350,1
train,2495,8,143,150,151,3351,1
train,2496,8,144,151,152,3352,1
train,2497,8,145,152,153,3353,1
train,2498,8,146,153,154,3354,1
train,2499,8,147,154,155,3355,1
train,2500,8,148,155,156,3356,1
train,2501,8,149,156,157,3357,0
train,2502,8,150,157,158,3358,1
train,2503,8,151,158,159,3359,1
train,2504,8,152,159,160,3360,1
train,2505,8,153,160,161,3361,1
train,2506,8,154,161,162,3362,1
train,2507,8,155,162,163,3363,1
train,2508,8,156,163,164,3364,0
train,2509,8,157,164,165,3365,1
train,2510,8,158,165,166,3366,1
train,2511,8,159,166,167,3367,1
train,2512,8,160,167,168,3368,1
train,2513,8,161,168,169,3369,1
train,2514,8,162,169,170,3370,1
train,2515,8,163,170,171,3371,1
train,2516,8,164,171,172,3372,1
train,2517,8,165,172,173,3373,1
train,2518,8,166,173,174,3374,1
train,2519,8,167,174,175,3375,1
train,2520,8,168,175,176,3376,1
train,2521,8,169,176,177,3377,1
train,2522,8,170,177,178,3378,1
train,2523,8,171,178,179,3379,1
train,2524,8,172,179,180,3380,1
train,2525,8,173,180,181,3381,1
train,2526,8,174,181,182,3382,1
train,2527,8,175,182,183,3383,1
train,2528,8,176,183,184,3384,1
train,2529,8,177,184,185,3385,1
train,2530,8,178,185,186,3386,1
train,2531,8,179,186,187,3387,1
train,2532,8,180,187,188,3388,1
train,2533,8,181,188,189,3389,1
train,2534,8,182,189,190,3390,1
train,2535,8,183,190,191,3391,1
train,2536,8,184,191,192,3392,1
train,2537,8,185,192,193,3393,0
train,2538,8,186,193,194,3394,1
train,2539,8,187,194,195,3395,1
train,2540,8,188,195,196,3396,1
train,2541,8,189,196,197,3397,1
train,2542,8,190,197,198,3398,1
train,2543,8,191,198,199,3399,1
train,2544,8,192,199,200,3400,1
train,2545,8,193,200,201,3401,1
train,2546,8,194,201,202,3402,1
train,2547,8,195,202,203,3403,1
train,2548,8,196,203,204,3404,1
train,2549,8,197,204,205,3405,1
train,2550,8,198,205,206,3406,1
train,2551,8,199,206,207,3407,1
train,2552,8,200,207,208,3408,1
train,2553,8,201,208,209,3409,1
train,2554,8,202,209,210,3410,1
train,2555,8,203,210,211,3411,1
train,2556,8,204,211,212,3412,1
train,2557,8,205,212,213,3413,1
train,2558,8,206,213,214,3414,1
train,2559,8,207,214,215,3415,1
train,2560,8,208,215,216,3416,1
train,2561,8,209,216,217,3417,1
train,2562,8,210,217,218,3418,1
train,2563,8,211,218,219,3419,1
train,2564,8,212,219,220,3420,1
train,2565,8,213,220,221,3421,1
train,2566,8,214,221,222,3422,1
train,2567,8,215,222,223,3423,1
train,2568,8,216,223,224,3424,1
train,2569,8,217,224,225,3425,1
train,2570,8,218,225,226,3426,1
train,2571,8,219,226,227,3427,1
train,2572,8,220,227,228,3428,1
train,2573,8,221,228,229,3429,1
train,2574,8,222,229,230,3430,1
train,2575,8,223,230,231,3431,1
train,2576,8,224,231,232,3432,1
train,2577,8,225,232,233,3433,1
train,2578,8,226,233,234,3434,1
train,2579,8,227,234,235,3435,1
train,2580,8,228,235,236,3436,1
train,2581,8,229,236,237,3437,1
train,2582,8,230,237,238,3438,1
train,2583,8,231,238,239,3439,1
train,2584,8,232,239,240,3440,1
train,2585,8,233,240,241,3441,1
train,2586,8,234,241,242,3442,1
train,2587,8,235,242,243,3443,1
train,2588,8,236,243,244,3444,1
train,2589,8,237,244,245,3445,1
train,2590,8,238,245,246,3446,1
train,2591,8,239,246,247,3447,1
train,2592,8,240,247,248,3448,1
train,2593,8,241,248,249,3449,1
train,2594,8,242,249,250,3450,1
train,2595,8,243,250,251,3451,1
train,2596,8,244,251,252,3452,1
train,2597,8,245,252,253,3453,1
train,2598,8,246,253,254,3454,1
train,2599,8,247,254,255,3455,1
train,2600,8,248,255,256,3456,1
train,2601,8,249,256,257,3457,1
train,2602,8,250,257,258,3458,1
train,2603,8,251,258,259,3459,1
train,2604,8,252,259,260,3460,1
train,2605,8,253,260,261,3461,1
train,2606,8,254,261,262,3462,1
train,2607,8,255,262,263,3463,1
train,2608,8,256,263,264,3464,1
train,2609,8,257,264,265,3465,1
train,2610,8,258,265,266,3466,1
train,2611,8,259,266,267,3467,1
train,2612,8,260,267,268,3468,1
train,2613,8,261,268,269,3469,1
train,2614,8,262,269,270,3470,1
train,2615,8,263,270,271,3471,1
train,2616,8,264,271,272,3472,1
train,2617,8,265,272,273,3473,0
train,2618,8,266,273,274,3474,1
train,2619,8,267,274,275,3475,1
train,2620,8,268,275,276,3476,1
train,2621,8,269,276,277,3477,1
train,2622,8,270,277,278,3478,1
train,2623,8,271,278,279,3479,1
train,2624,8,272,279,280,3480,1
train,2625,8,273,280,281,3481,1
train,2626,8,274,281,282,3482,1
train,2627,8,275,282,283,3483,1
train,2628,8,276,283,284,3484,1
train,2629,8,277,284,285,3485,1
train,2630,8,278,285,286,3486,1
train,2631,8,279,286,287,3487,1
train,2632,8,280,287,288,3488,1
train,2633,8,281,288,289,3489,1
train,2634,8,282,289,290,3490,1
train,2635,8,283,290,291,3491,1
train,2636,8,284,291,292,3492,1
train,2637,8,285,292,293,3493,1
train,2638,8,286,293,294,3494,1
train,2639,8,287,294,295,3495,1
train,2640,8,288,295,296,3496,1
train,2641,8,289,296,297,3497,1
train,2642,8,290,297,298,3498,1
train,2643,8,291,298,299,3499,1
train,2644,8,292,299,300,3500,1
train,2645,8,293,300,301,3501,1
train,2646,8,294,301,302,3502,1
train,2647,8,295,302,303,3503,1
train,2648,8,296,303,304,3504,1
train,2649,8,297,304,305,3505,1
train,2650,8,298,305,306,3506,1
train,2651,8,299,306,307,3507,1
train,2652,8,300,307,308,3508,1
train,2653,8,301,308,309,3509,1
train,2654,8,302,309,310,3510,1
train,2655,8,303,310,311,3511,0
train,2656,8,304,311,312,3512,1
train,2657,8,305,312,313,3513,1
train,2658,8,306,313,314,3514,1
train,2659,8,307,314,315,3515,1
train,2660,8,308,315,316,3516,1
train,2661,8,309,316,317,3517,1
train,2662,8,310,317,318,3518,1
train,2663,8,311,318,319,3519,1
train,2664,8,312,319,320,3520,1
train,2665,8,313,320,321,3521,1
train,2666,8,314,321,322,3522,1
train,2667,8,315,322,323,3523,1
train,2668,8,316,323,324,3524,1
train,2669,8,317,324,325,3525,1
train,2670,8,318,325,326,3526,0
train,2671,8,319,326,327,3527,1
train,2672,8,320,327,328,3528,1
train,2673,8,321,328,329,3529,1
train,2674,8,322,329,330,3530,1
train,2675,8,323,330,331,3531,1
train,2676,8,324,331,332,3532,1
train,2677,8,325,332,333,3533,1
train,2678,8,326,333,334,3534,1
train,2679,8,327,334,335,3535,1
train,2680,8,328,335,336,3536,1
train,2681,8,329,336,337,3537,1
train,2682,8,330,337,338,3538,1
train,2683,8,331,338,339,3539,1
train,2684,8,332,339,340,3540,1
train,2685,8,333,340,341,3541,1
train,2686,8,334,341,342,3542,1
train,2687,8,335,342,343,3543,1
train,2688,8,336,343,344,3544,1
train,2689,8,337,344,345,3545,1
train,2690,8,338,345,346,3546,1
train,2691,8,339,346,347,3547,1
train,2692,8,340,347,348,3548,1
train,2693,8,341,348,349,3549,1
train,2694,8,342,349,350,3550,1
train,2695,8,343,350,351,3551,1
train,2696,8,344,351,352,3552,1
train,2697,8,345,352,353,3553,1
train,2698,8,346,353,354,3554,1
train,2699,8,347,354,355,3555,1
train,2700,8,348,355,356,3556,1
train,2701,8,349,356,357,3557,1
train,2702,8,350,357,358,3558,1
train,2703,8,351,358,359,3559,1
train,2704,8,352,359,360,3560,1
train,2705,8,353,360,361,3561,1
train,2706,8,354,361,362,3562,1
train,2707,8,355,362,363,3563,1
train,2708,8,356,363,364,3564,1
train,2709,8,357,364,365,3565,1
train,2710,8,358,365,366,3566,1
train,2711,8,359,366,367,3567,1
train,2712,8,360,367,368,3568,1
train,2713,8,361,368,369,3569,1
train,2714,8,362,369,370,3570,1
train,2715,8,363,370,371,3571,1
train,2716,8,364,371,372,3572,1
train,2717,8,365,372,373,3573,1
train,2718,8,366,373,374,3574,1
train,2719,8,367,374,375,3575,1
train,2720,8,368,375,376,3576,1
train,2721,8,369,376,377,3577,1
train,2722,8,370,377,378,3578,1
train,2723,8,371,378,379,3579,1
train,2724,8,372,379,380,3580,1
train,2725,8,373,380,381,3581,1
train,2726,8,374,381,382,3582,1
train,2727,8,375,382,383,3583,1
train,2728,8,376,383,384,3584,1
train,2729,8,377,384,385,3585,1
train,2730,8,378,385,386,3586,1
train,2731,8,379,386,387,3587,1
train,2732,8,380,387,388,3588,1
train,2733,8,381,388,389,3589,1
train,2734,8,382,389,390,3590,1
train,2735,8,383,390,391,3591,1
train,2736,8,384,391,392,3592,1
train,2737,8,385,392,393,3593,1
train,2738,8,386,393,394,3594,1
train,2739,8,387,394,395,3595,1
train,2740,8,388,395,396,3596,1
train,2741,8,389,396,397,3597,1
train,2742,8,390,397,398,3598,1
train,2743,8,391,398,399,3599,1
train,2744,10,0,7,8,4008,0
train,2745,10,1,8,9,4009,0
train,2746,10,2,9,10,4010,0
train,2747,10,3,10,11,4011,0
train,2748,10,4,11,12,4012,0
train,2749,10,5,12,13,4013,0
train,2750,10,6,13,14,4014,0
train,2751,10,7,14,15,4015,1
train,2752,10,8,15,16,4016,0
train,2753,10,9,16,17,4017,0
train,2754,10,10,17,18,4018,1
train,2755,10,11,18,19,4019,1
train,2756,10,12,19,20,4020,0
train,2757,10,13,20,21,4021,0
train,2758,10,14,21,22,4022,0
train,2759,10,15,22,23,4023,0
train,2760,10,16,23,24,4024,0
train,2761,10,17,24,25,4025,0
train,2762,10,18,25,26,4026,1
train,2763,10,19,26,27,4027,0
train,2764,10,20,27,28,4028,0
train,2765,10,21,28,29,4029,1
train,2766,10,22,29,30,4030,0
train,2767,10,23,30,31,4031,1
train,2768,10,24,31,32,4032,0
train,2769,10,25,32,33,4033,1
train,2770,10,26,33,34,4034,0
train,2771,10,27,34,35,4035,0
train,2772,10,28,35,36,4036,0
train,2773,10,29,36,37,4037,0
train,2774,10,30,37,38,4038,0
train,2775,10,31,38,39,4039,0
train,2776,10,32,39,40,4040,0
train,2777,10,33,40,41,4041,0
train,2778,10,34,41,42,4042,0
train,2779,10,35,42,43,4043,1
train,2780,10,36,43,44,4044,0
train,2781,10,37,44,45,4045,0
train,2782,10,38,45,46,4046,0
train,2783,10,39,46,47,4047,1
train,2784,10,40,47,48,4048,0
train,2785,10,41,48,49,4049,1
train,2786,10,42,49,50,4050,0
train,2787,10,43,50,51,4051,1
train,2788,10,44,51,52,4052,0
train,2789,10,45,52,53,4053,0
train,2790,10,46,53,54,4054,0
train,2791,10,47,54,55,4055,0
train,2792,10,48,55,56,4056,1
train,2793,10,49,56,57,4057,1
train,2794,10,50,57,58,4058,0
train,2795,10,51,58,59,4059,1
train,2796,10,52,59,60,4060,1
train,2797,10,53,60,61,4061,0
train,2798,10,54,61,62,4062,1
train,2799,10,55,62,63,4063,0
train,2800,10,56,63,64,4064,0
train,2801,10,57,64,65,4065,1
train,2802,10,58,65,66,4066,1
train,2803,10,59,66,67,4067,1
train,2804,10,60,67,68,4068,0
train,2805,10,61,68,69,4069,0
train,2806,10,62,69,70,4070,1
train,2807,10,63,70,71,4071,1
train,2808,10,64,71,72,4072,0
train,2809,10,65,72,73,4073,1
train,2810,10,66,73,74,4074,1
train,2811,10,67,74,75,4075,1
train,2812,10,68,75,76,4076,0
train,2813,10,69,76,77,4077,1
train,2814,10,70,77,78,4078,1
train,2815,10,71,78,79,4079,1
train,2816,10,72,79,80,4080,0
train,2817,10,73,80,81,4081,1
train,2818,10,74,81,82,4082,1
train,2819,10,75,82,83,4083,1
train,2820,10,76,83,84,4084,1
train,2821,10,77,84,85,4085,1
train,2822,10,78,85,86,4086,1
train,2823,10,79,86,87,4087,1
train,2824,10,80,87,88,4088,1
train,2825,10,81,88,89,4089,1
train,2826,10,82,89,90,4090,1
train,2827,10,83,90,91,4091,1
train,2828,10,84,91,92,4092,1
train,2829,10,85,92,93,4093,1
train,2830,10,86,93,94,4094,1
train,2831,10,87,94,95,4095,0
train,2832,10,88,95,96,4096,1
train,2833,10,89,96,97,4097,1
train,2834,10,90,97,98,4098,1
train,2835,10,91,98,99,4099,1
train,2836,10,92,99,100,4100,1
train,2837,10,93,100,101,4101,1
train,2838,10,94,101,102,4102,1
train,2839,10,95,102,103,4103,1
train,2840,10,96,103,104,4104,1
train,2841,10,97,104,105,4105,1
train,2842,10,98,105,106,4106,1
train,2843,10,99,106,107,4107,1
train,2844,10,100,107,108,4108,1
train,2845,10,101,108,109,4109,1
train,2846,10,102,109,110,4110,1
train,2847,10,103,110,111,4111,1
train,2848,10,104,111,112,4112,1
train,2849,10,105,112,113,4113,1
train,2850,10,106,113,114,4114,1
train,2851,10,107,114,115,4115,1
train,2852,10,108,115,116,4116,1
train,2853,10,109,116,117,4117,1
train,2854,10,110,117,118,4118,1
train,2855,10,111,118,119,4119,1
train,2856,10,112,119,120,4120,1
train,2857,10,113,120,121,4121,1
train,2858,10,114,121,122,4122,1
train,2859,10,115,122,123,4123,1
train,2860,10,116,123,124,4124,1
train,2861,10,117,124,125,4125,1
train,2862,10,118,125,126,4126,1
train,2863,10,119,126,127,4127,1
train,2864,10,120,127,128,4128,1
train,2865,10,121,128,129,4129,1
train,2866,10,122,129,130,4130,1
train,2867,10,123,130,131,4131,1
train,2868,10,124,131,132,4132,1
train,2869,10,125,132,133,4133,1
train,2870,10,126,133,134,4134,1
train,2871,10,127,134,135,4135,1
train,2872,10,128,135,136,4136,1
train,2873,10,129,136,137,4137,1
train,2874,10,130,137,138,4138,1
train,2875,10,131,138,139,4139,1
train,2876,10,132,139,140,4140,1
train,2877,10,133,140,141,4141,1
train,2878,10,134,141,142,4142,1
train,2879,10,135,142,143,4143,1
train,2880,10,136,143,144,4144,1
train,2881,10,137,144,145,4145,1
train,2882,10,138,145,146,4146,1
train,2883,10,139,146,147,4147,1
train,2884,10,140,147,148,4148,1
train,2885,10,141,148,149,4149,1
train,2886,10,142,149,150,4150,1
train,2887,10,143,150,151,4151,1
train,2888,10,144,151,152,4152,1
train,2889,10,145,152,153,4153,1
train,2890,10,146,153,154,4154,1
train,2891,10,147,154,155,4155,1
train,2892,10,148,155,156,4156,1
train,2893,10,149,156,157,4157,1
train,2894,10,150,157,158,4158,1
train,2895,10,151,158,159,4159,1
train,2896,10,152,159,160,4160,1
train,2897,10,153,160,161,4161,1
train,2898,10,154,161,162,4162,1
train,2899,10,155,162,163,4163,1
train,2900,10,156,163,164,4164,1
train,2901,10,157,164,165,4165,1
train,2902,10,158,165,166,4166,1
train,2903,10,159,166,167,4167,1
train,2904,10,160,167,168,4168,1
train,2905,10,161,168,169,4169,1
train,2906,10,162,169,170,4170,1
train,2907,10,163,170,171,4171,1
train,2908,10,164,171,172,4172,1
train,2909,10,165,172,173,4173,1
train,2910,10,166,173,174,4174,1
train,2911,10,167,174,175,4175,1
train,2912,10,168,175,176,4176,1
train,2913,10,169,176,177,4177,1
train,2914,10,170,177,178,4178,1
train,2915,10,171,178,179,4179,1
train,2916,10,172,179,180,4180,1
train,2917,10,173,180,181,4181,1
train,2918,10,174,181,182,4182,1
train,2919,10,175,182,183,4183,1
train,2920,10,176,183,184,4184,1
train,2921,10,177,184,185,4185,1
train,2922,10,178,185,186,4186,1
train,2923,10,179,186,187,4187,1
train,2924,10,180,187,188,4188,1
train,2925,10,181,188,189,4189,1
train,2926,10,182,189,190,4190,1
train,2927,10,183,190,191,4191,1
train,2928,10,184,191,192,4192,1
train,2929,10,185,192,193,4193,1
train,2930,10,186,193,194,4194,1
train,2931,10,187,194,195,4195,1
train,2932,10,188,195,196,4196,1
train,2933,10,189,196,197,4197,1
train,2934,10,190,197,198,4198,1
train,2935,10,191,198,199,4199,1
train,2936,10,192,199,200,4200,1
train,2937,10,193,200,201,4201,1
train,2938,10,194,201,202,4202,1
train,2939,10,195,202,203,4203,1
train,2940,10,196,203,204,4204,1
train,2941,10,197,204,205,4205,1
train,2942,10,198,205,206,4206,1
train,2943,10,199,206,207,4207,1
train,2944,10,200,207,208,4208,1
train,2945,10,201,208,209,4209,1
train,2946,10,202,209,210,4210,1
train,2947,10,203,210,211,4211,1
train,2948,10,204,211,212,4212,1
train,2949,10,205,212,213,4213,1
train,2950,10,206,213,214,4214,1
train,2951,10,207,214,215,4215,1
train,2952,10,208,215,216,4216,1
train,2953,10,209,216,217,4217,1
train,2954,10,210,217,218,4218,1
train,2955,10,211,218,219,4219,1
train,2956,10,212,219,220,4220,1
train,2957,10,213,220,221,4221,1
train,2958,10,214,221,222,4222,1
train,2959,10,215,222,223,4223,1
train,2960,10,216,223,224,4224,1
train,2961,10,217,224,225,4225,1
train,2962,10,218,225,226,4226,1
train,2963,10,219,226,227,4227,1
train,2964,10,220,227,228,4228,1
train,2965,10,221,228,229,4229,1
train,2966,10,222,229,230,4230,1
train,2967,10,223,230,231,4231,1
train,2968,10,224,231,232,4232,1
train,2969,10,225,232,233,4233,1
train,2970,10,226,233,234,4234,1
train,2971,10,227,234,235,4235,1
train,2972,10,228,235,236,4236,1
train,2973,10,229,236,237,4237,1
train,2974,10,230,237,238,4238,1
train,2975,10,231,238,239,4239,1
train,2976,10,232,239,240,4240,1
train,2977,10,233,240,241,4241,1
train,2978,10,234,241,242,4242,1
train,2979,10,235,242,243,4243,1
train,2980,10,236,243,244,4244,1
train,2981,10,237,244,245,4245,1
train,2982,10,238,245,246,4246,1
train,2983,10,239,246,247,4247,1
train,2984,10,240,247,248,4248,1
train,2985,10,241,248,249,4249,1
train,2986,10,242,249,250,4250,1
train,2987,10,243,250,251,4251,1
train,2988,10,244,251,252,4252,1
train,2989,10,245,252,253,4253,1
train,2990,10,246,253,254,4254,1
train,2991,10,247,254,255,4255,1
train,2992,10,248,255,256,4256,1
train,2993,10,249,256,257,4257,1
train,2994,10,250,257,258,4258,1
train,2995,10,251,258,259,4259,1
train,2996,10,252,259,260,4260,1
train,2997,10,253,260,261,4261,1
train,2998,10,254,261,262,4262,1
train,2999,10,255,262,263,4263,1
train,3000,10,256,263,264,4264,1
train,3001,10,257,264,265,4265,1
train,3002,10,258,265,266,4266,1
train,3003,10,259,266,267,4267,1
train,3004,10,260,267,268,4268,1
train,3005,10,261,268,269,4269,1
train,3006,10,262,269,270,4270,1
train,3007,10,263,270,271,4271,1
train,3008,10,264,271,272,4272,1
train,3009,10,265,272,273,4273,1
train,3010,10,266,273,274,4274,1
train,3011,10,267,274,275,4275,1
train,3012,10,268,275,276,4276,1
train,3013,10,269,276,277,4277,1
train,3014,10,270,277,278,4278,1
train,3015,10,271,278,279,4279,1
train,3016,10,272,279,280,4280,0
train,3017,10,273,280,281,4281,1
train,3018,10,274,281,282,4282,1
train,3019,10,275,282,283,4283,1
train,3020,10,276,283,284,4284,1
train,3021,10,277,284,285,4285,1
train,3022,10,278,285,286,4286,1
train,3023,10,279,286,287,4287,1
train,3024,10,280,287,288,4288,1
train,3025,10,281,288,289,4289,1
train,3026,10,282,289,290,4290,1
train,3027,10,283,290,291,4291,1
train,3028,10,284,291,292,4292,1
train,3029,10,285,292,293,4293,1
train,3030,10,286,293,294,4294,1
train,3031,10,287,294,295,4295,1
train,3032,10,288,295,296,4296,1
train,3033,10,289,296,297,4297,1
train,3034,10,290,297,298,4298,1
train,3035,10,291,298,299,4299,1
train,3036,10,292,299,300,4300,1
train,3037,10,293,300,301,4301,1
train,3038,10,294,301,302,4302,1
train,3039,10,295,302,303,4303,1
train,3040,10,296,303,304,4304,1
train,3041,10,297,304,305,4305,1
train,3042,10,298,305,306,4306,1
train,3043,10,299,306,307,4307,1
train,3044,10,300,307,308,4308,1
train,3045,10,301,308,309,4309,1
train,3046,10,302,309,310,4310,1
train,3047,10,303,310,311,4311,1
train,3048,10,304,311,312,4312,1
train,3049,10,305,312,313,4313,1
train,3050,10,306,313,314,4314,1
train,3051,10,307,314,315,4315,1
train,3052,10,308,315,316,4316,1
train,3053,10,309,316,317,4317,1
train,3054,10,310,317,318,4318,1
train,3055,10,311,318,319,4319,1
train,3056,10,312,319,320,4320,1
train,3057,10,313,320,321,4321,1
train,3058,10,314,321,322,4322,1
train,3059,10,315,322,323,4323,1
train,3060,10,316,323,324,4324,1
train,3061,10,317,324,325,4325,1
train,3062,10,318,325,326,4326,1
train,3063,10,319,326,327,4327,1
train,3064,10,320,327,328,4328,1
train,3065,10,321,328,329,4329,1
train,3066,10,322,329,330,4330,1
train,3067,10,323,330,331,4331,1
train,3068,10,324,331,332,4332,1
train,3069,10,325,332,333,4333,1
train,3070,10,326,333,334,4334,1
train,3071,10,327,334,335,4335,1
train,3072,10,328,335,336,4336,1
train,3073,10,329,336,337,4337,1
train,3074,10,330,337,338,4338,1
train,3075,10,331,338,339,4339,1
train,3076,10,332,339,340,4340,1
train,3077,10,333,340,341,4341,1
train,3078,10,334,341,342,4342,1
train,3079,10,335,342,343,4343,1
train,3080,10,336,343,344,4344,1
train,3081,10,337,344,345,4345,1
train,3082,10,338,345,346,4346,1
train,3083,10,339,346,347,4347,1
train,3084,10,340,347,348,4348,1
train,3085,10,341,348,349,4349,1
train,3086,10,342,349,350,4350,1
train,3087,10,343,350,351,4351,1
train,3088,10,344,351,352,4352,1
train,3089,10,345,352,353,4353,1
train,3090,10,346,353,354,4354,1
train,3091,10,347,354,355,4355,1
train,3092,10,348,355,356,4356,1
train,3093,10,349,356,357,4357,1
train,3094,10,350,357,358,4358,1
train,3095,10,351,358,359,4359,1
train,3096,10,352,359,360,4360,1
train,3097,10,353,360,361,4361,1
train,3098,10,354,361,362,4362,1
train,3099,10,355,362,363,4363,1
train,3100,10,356,363,364,4364,1
train,3101,10,357,364,365,4365,1
train,3102,10,358,365,366,4366,1
train,3103,10,359,366,367,4367,1
train,3104,10,360,367,368,4368,1
train,3105,10,361,368,369,4369,1
train,3106,10,362,369,370,4370,1
train,3107,10,363,370,371,4371,1
train,3108,10,364,371,372,4372,1
train,3109,10,365,372,373,4373,1
train,3110,10,366,373,374,4374,1
train,3111,10,367,374,375,4375,1
train,3112,10,368,375,376,4376,1
train,3113,10,369,376,377,4377,1
train,3114,10,370,377,378,4378,1
train,3115,10,371,378,379,4379,1
train,3116,10,372,379,380,4380,1
train,3117,10,373,380,381,4381,1
train,3118,10,374,381,382,4382,1
train,3119,10,375,382,383,4383,1
train,3120,10,376,383,384,4384,1
train,3121,10,377,384,385,4385,1
train,3122,10,378,385,386,4386,1
train,3123,10,379,386,387,4387,1
train,3124,10,380,387,388,4388,1
train,3125,10,381,388,389,4389,1
train,3126,10,382,389,390,4390,1
train,3127,10,383,390,391,4391,1
train,3128,10,384,391,392,4392,1
train,3129,10,385,392,393,4393,1
train,3130,10,386,393,394,4394,1
train,3131,10,387,394,395,4395,1
train,3132,10,388,395,396,4396,1
train,3133,10,389,396,397,4397,1
train,3134,10,390,397,398,4398,1
train,3135,10,391,398,399,4399,1
train,3136,14,0,7,8,5608,1
train,3137,14,1,8,9,5609,0
train,3138,14,2,9,10,5610,0
train,3139,14,3,10,11,5611,0
train,3140,14,4,11,12,5612,1
train,3141,14,5,12,13,5613,0
train,3142,14,6,13,14,5614,0
train,3143,14,7,14,15,5615,0
train,3144,14,8,15,16,5616,1
train,3145,14,9,16,17,5617,1
train,3146,14,10,17,18,5618,1
train,3147,14,11,18,19,5619,0
train,3148,14,12,19,20,5620,1
train,3149,14,13,20,21,5621,0
train,3150,14,14,21,22,5622,1
train,3151,14,15,22,23,5623,0
train,3152,14,16,23,24,5624,0
train,3153,14,17,24,25,5625,0
train,3154,14,18,25,26,5626,0
train,3155,14,19,26,27,5627,0
train,3156,14,20,27,28,5628,0
train,3157,14,21,28,29,5629,0
train,3158,14,22,29,30,5630,1
train,3159,14,23,30,31,5631,1
train,3160,14,24,31,32,5632,0
train,3161,14,25,32,33,5633,0
train,3162,14,26,33,34,5634,1
train,3163,14,27,34,35,5635,0
train,3164,14,28,35,36,5636,0
train,3165,14,29,36,37,5637,0
train,3166,14,30,37,38,5638,1
train,3167,14,31,38,39,5639,0
train,3168,14,32,39,40,5640,1
train,3169,14,33,40,41,5641,1
train,3170,14,34,41,42,5642,1
train,3171,14,35,42,43,5643,1
train,3172,14,36,43,44,5644,1
train,3173,14,37,44,45,5645,1
train,3174,14,38,45,46,5646,0
train,3175,14,39,46,47,5647,1
train,3176,14,40,47,48,5648,0
train,3177,14,41,48,49,5649,1
train,3178,14,42,49,50,5650,0
train,3179,14,43,50,51,5651,1
train,3180,14,44,51,52,5652,1
train,3181,14,45,52,53,5653,1
train,3182,14,46,53,54,5654,0
train,3183,14,47,54,55,5655,1
train,3184,14,48,55,56,5656,1
train,3185,14,49,56,57,5657,1
train,3186,14,50,57,58,5658,1
train,3187,14,51,58,59,5659,0
train,3188,14,52,59,60,5660,0
train,3189,14,53,60,61,5661,0
train,3190,14,54,61,62,5662,0
train,3191,14,55,62,63,5663,0
train,3192,14,56,63,64,5664,1
train,3193,14,57,64,65,5665,0
train,3194,14,58,65,66,5666,1
train,3195,14,59,66,67,5667,0
train,3196,14,60,67,68,5668,1
train,3197,14,61,68,69,5669,0
train,3198,14,62,69,70,5670,1
train,3199,14,63,70,71,5671,1
train,3200,14,64,71,72,5672,1
train,3201,14,65,72,73,5673,0
train,3202,14,66,73,74,5674,1
train,3203,14,67,74,75,5675,1
train,3204,14,68,75,76,5676,1
train,3205,14,69,76,77,5677,1
train,3206,14,70,77,78,5678,0
train,3207,14,71,78,79,5679,1
train,3208,14,72,79,80,5680,1
train,3209,14,73,80,81,5681,1
train,3210,14,74,81,82,5682,1
train,3211,14,75,82,83,5683,0
train,3212,14,76,83,84,5684,1
train,3213,14,77,84,85,5685,1
train,3214,14,78,85,86,5686,1
train,3215,14,79,86,87,5687,1
train,3216,14,80,87,88,5688,1
train,3217,14,81,88,89,5689,0
train,3218,14,82,89,90,5690,1
train,3219,14,83,90,91,5691,1
train,3220,14,84,91,92,5692,1
train,3221,14,85,92,93,5693,1
train,3222,14,86,93,94,5694,1
train,3223,14,87,94,95,5695,1
train,3224,14,88,95,96,5696,1
train,3225,14,89,96,97,5697,1
train,3226,14,90,97,98,5698,0
train,3227,14,91,98,99,5699,1
train,3228,14,92,99,100,5700,1
train,3229,14,93,100,101,5701,0
train,3230,14,94,101,102,5702,1
train,3231,14,95,102,103,5703,1
train,3232,14,96,103,104,5704,1
train,3233,14,97,104,105,5705,0
train,3234,14,98,105,106,5706,1
train,3235,14,99,106,107,5707,0
train,3236,14,100,107,108,5708,1
train,3237,14,101,108,109,5709,1
train,3238,14,102,109,110,5710,0
train,3239,14,103,110,111,5711,0
train,3240,14,104,111,112,5712,1
train,3241,14,105,112,113,5713,1
train,3242,14,106,113,114,5714,1
train,3243,14,107,114,115,5715,1
train,3244,14,108,115,116,5716,0
train,3245,14,109,116,117,5717,1
train,3246,14,110,117,118,5718,1
train,3247,14,111,118,119,5719,1
train,3248,14,112,119,120,5720,1
train,3249,14,113,120,121,5721,1
train,3250,14,114,121,122,5722,1
train,3251,14,115,122,123,5723,1
train,3252,14,116,123,124,5724,1
train,3253,14,117,124,125,5725,0
train,3254,14,118,125,126,5726,1
train,3255,14,119,126,127,5727,0
train,3256,14,120,127,128,5728,1
train,3257,14,121,128,129,5729,1
train,3258,14,122,129,130,5730,1
train,3259,14,123,130,131,5731,1
train,3260,14,124,131,132,5732,1
train,3261,14,125,132,133,5733,1
train,3262,14,126,133,134,5734,1
train,3263,14,127,134,135,5735,1
train,3264,14,128,135,136,5736,0
train,3265,14,129,136,137,5737,0
train,3266,14,130,137,138,5738,1
train,3267,14,131,138,139,5739,1
train,3268,14,132,139,140,5740,0
train,3269,14,133,140,141,5741,1
train,3270,14,134,141,142,5742,0
train,3271,14,135,142,143,5743,0
train,3272,14,136,143,144,5744,0
train,3273,14,137,144,145,5745,0
train,3274,14,138,145,146,5746,1
train,3275,14,139,146,147,5747,1
train,3276,14,140,147,148,5748,1
train,3277,14,141,148,149,5749,0
train,3278,14,142,149,150,5750,1
train,3279,14,143,150,151,5751,1
train,3280,14,144,151,152,5752,1
train,3281,14,145,152,153,5753,0
train,3282,14,146,153,154,5754,0
train,3283,14,147,154,155,5755,1
train,3284,14,148,155,156,5756,0
train,3285,14,149,156,157,5757,0
train,3286,14,150,157,158,5758,0
train,3287,14,151,158,159,5759,0
train,3288,14,152,159,160,5760,0
train,3289,14,153,160,161,5761,1
train,3290,14,154,161,162,5762,0
train,3291,14,155,162,163,5763,1
train,3292,14,156,163,164,5764,1
train,3293,14,157,164,165,5765,0
train,3294,14,158,165,166,5766,1
train,3295,14,159,166,167,5767,1
train,3296,14,160,167,168,5768,0
train,3297,14,161,168,169,5769,1
train,3298,14,162,169,170,5770,1
train,3299,14,163,170,171,5771,1
train,3300,14,164,171,172,5772,1
train,3301,14,165,172,173,5773,0
train,3302,14,166,173,174,5774,1
train,3303,14,167,174,175,5775,1
train,3304,14,168,175,176,5776,0
train,3305,14,169,176,177,5777,1
train,3306,14,170,177,178,5778,0
train,3307,14,171,178,179,5779,1
train,3308,14,172,179,180,5780,1
train,3309,14,173,180,181,5781,1
train,3310,14,174,181,182,5782,1
train,3311,14,175,182,183,5783,0
train,3312,14,176,183,184,5784,1
train,3313,14,177,184,185,5785,1
train,3314,14,178,185,186,5786,1
train,3315,14,179,186,187,5787,0
train,3316,14,180,187,188,5788,0
train,3317,14,181,188,189,5789,1
train,3318,14,182,189,190,5790,1
train,3319,14,183,190,191,5791,1
train,3320,14,184,191,192,5792,1
train,3321,14,185,192,193,5793,0
train,3322,14,186,193,194,5794,1
train,3323,14,187,194,195,5795,1
train,3324,14,188,195,196,5796,1
train,3325,14,189,196,197,5797,1
train,3326,14,190,197,198,5798,1
train,3327,14,191,198,199,5799,1
train,3328,14,192,199,200,5800,1
train,3329,14,193,200,201,5801,1
train,3330,14,194,201,202,5802,1
train,3331,14,195,202,203,5803,0
train,3332,14,196,203,204,5804,1
train,3333,14,197,204,205,5805,0
train,3334,14,198,205,206,5806,1
train,3335,14,199,206,207,5807,1
train,3336,14,200,207,208,5808,1
train,3337,14,201,208,209,5809,1
train,3338,14,202,209,210,5810,1
train,3339,14,203,210,211,5811,1
train,3340,14,204,211,212,5812,1
train,3341,14,205,212,213,5813,1
train,3342,14,206,213,214,5814,1
train,3343,14,207,214,215,5815,1
train,3344,14,208,215,216,5816,1
train,3345,14,209,216,217,5817,1
train,3346,14,210,217,218,5818,1
train,3347,14,211,218,219,5819,1
train,3348,14,212,219,220,5820,1
train,3349,14,213,220,221,5821,1
train,3350,14,214,221,222,5822,1
train,3351,14,215,222,223,5823,1
train,3352,14,216,223,224,5824,1
train,3353,14,217,224,225,5825,1
train,3354,14,218,225,226,5826,1
train,3355,14,219,226,227,5827,1
train,3356,14,220,227,228,5828,1
train,3357,14,221,228,229,5829,1
train,3358,14,222,229,230,5830,1
train,3359,14,223,230,231,5831,1
train,3360,14,224,231,232,5832,1
train,3361,14,225,232,233,5833,0
train,3362,14,226,233,234,5834,1
train,3363,14,227,234,235,5835,1
train,3364,14,228,235,236,5836,1
train,3365,14,229,236,237,5837,1
train,3366,14,230,237,238,5838,1
train,3367,14,231,238,239,5839,1
train,3368,14,232,239,240,5840,1
train,3369,14,233,240,241,5841,1
train,3370,14,234,241,242,5842,1
train,3371,14,235,242,243,5843,1
train,3372,14,236,243,244,5844,1
train,3373,14,237,244,245,5845,1
train,3374,14,238,245,246,5846,1
train,3375,14,239,246,247,5847,1
train,3376,14,240,247,248,5848,1
train,3377,14,241,248,249,5849,1
train,3378,14,242,249,250,5850,1
train,3379,14,243,250,251,5851,1
train,3380,14,244,251,252,5852,1
train,3381,14,245,252,253,5853,1
train,3382,14,246,253,254,5854,1
train,3383,14,247,254,255,5855,1
train,3384,14,248,255,256,5856,1
train,3385,14,249,256,257,5857,1
train,3386,14,250,257,258,5858,1
train,3387,14,251,258,259,5859,1
train,3388,14,252,259,260,5860,1
train,3389,14,253,260,261,5861,1
train,3390,14,254,261,262,5862,1
train,3391,14,255,262,263,5863,1
train,3392,14,256,263,264,5864,1
train,3393,14,257,264,265,5865,1
train,3394,14,258,265,266,5866,1
train,3395,14,259,266,267,5867,1
train,3396,14,260,267,268,5868,1
train,3397,14,261,268,269,5869,1
train,3398,14,262,269,270,5870,1
train,3399,14,263,270,271,5871,1
train,3400,14,264,271,272,5872,1
train,3401,14,265,272,273,5873,1
train,3402,14,266,273,274,5874,1
train,3403,14,267,274,275,5875,1
train,3404,14,268,275,276,5876,1
train,3405,14,269,276,277,5877,1
train,3406,14,270,277,278,5878,1
train,3407,14,271,278,279,5879,1
train,3408,14,272,279,280,5880,1
train,3409,14,273,280,281,5881,1
train,3410,14,274,281,282,5882,1
train,3411,14,275,282,283,5883,1
train,3412,14,276,283,284,5884,1
train,3413,14,277,284,285,5885,1
train,3414,14,278,285,286,5886,1
train,3415,14,279,286,287,5887,1
train,3416,14,280,287,288,5888,1
train,3417,14,281,288,289,5889,1
train,3418,14,282,289,290,5890,1
train,3419,14,283,290,291,5891,1
train,3420,14,284,291,292,5892,1
train,3421,14,285,292,293,5893,1
train,3422,14,286,293,294,5894,1
train,3423,14,287,294,295,5895,1
train,3424,14,288,295,296,5896,1
train,3425,14,289,296,297,5897,1
train,3426,14,290,297,298,5898,1
train,3427,14,291,298,299,5899,1
train,3428,14,292,299,300,5900,1
train,3429,14,293,300,301,5901,1
train,3430,14,294,301,302,5902,1
train,3431,14,295,302,303,5903,1
train,3432,14,296,303,304,5904,1
train,3433,14,297,304,305,5905,1
train,3434,14,298,305,306,5906,1
train,3435,14,299,306,307,5907,1
train,3436,14,300,307,308,5908,1
train,3437,14,301,308,309,5909,1
train,3438,14,302,309,310,5910,1
train,3439,14,303,310,311,5911,1
train,3440,14,304,311,312,5912,1
train,3441,14,305,312,313,5913,1
train,3442,14,306,313,314,5914,1
train,3443,14,307,314,315,5915,1
train,3444,14,308,315,316,5916,1
train,3445,14,309,316,317,5917,1
train,3446,14,310,317,318,5918,1
train,3447,14,311,318,319,5919,1
train,3448,14,312,319,320,5920,1
train,3449,14,313,320,321,5921,1
train,3450,14,314,321,322,5922,1
train,3451,14,315,322,323,5923,1
train,3452,14,316,323,324,5924,1
train,3453,14,317,324,325,5925,1
train,3454,14,318,325,326,5926,1
train,3455,14,319,326,327,5927,1
train,3456,14,320,327,328,5928,1
train,3457,14,321,328,329,5929,1
train,3458,14,322,329,330,5930,1
train,3459,14,323,330,331,5931,1
train,3460,14,324,331,332,5932,1
train,3461,14,325,332,333,5933,1
train,3462,14,326,333,334,5934,1
train,3463,14,327,334,335,5935,1
train,3464,14,328,335,336,5936,1
train,3465,14,329,336,337,5937,1
train,3466,14,330,337,338,5938,1
train,3467,14,331,338,339,5939,1
train,3468,14,332,339,340,5940,1
train,3469,14,333,340,341,5941,1
train,3470,14,334,341,342,5942,1
train,3471,14,335,342,343,5943,1
train,3472,14,336,343,344,5944,1
train,3473,14,337,344,345,5945,1
train,3474,14,338,345,346,5946,1
train,3475,14,339,346,347,5947,1
train,3476,14,340,347,348,5948,1
train,3477,14,341,348,349,5949,1
train,3478,14,342,349,350,5950,1
train,3479,14,343,350,351,5951,1
train,3480,14,344,351,352,5952,1
train,3481,14,345,352,353,5953,1
train,3482,14,346,353,354,5954,1
train,3483,14,347,354,355,5955,1
train,3484,14,348,355,356,5956,1
train,3485,14,349,356,357,5957,1
train,3486,14,350,357,358,5958,1
train,3487,14,351,358,359,5959,1
train,3488,14,352,359,360,5960,1
train,3489,14,353,360,361,5961,1
train,3490,14,354,361,362,5962,1
train,3491,14,355,362,363,5963,1
train,3492,14,356,363,364,5964,1
train,3493,14,357,364,365,5965,1
train,3494,14,358,365,366,5966,1
train,3495,14,359,366,367,5967,1
train,3496,14,360,367,368,5968,1
train,3497,14,361,368,369,5969,1
train,3498,14,362,369,370,5970,1
train,3499,14,363,370,371,5971,1
train,3500,14,364,371,372,5972,1
train,3501,14,365,372,373,5973,1
train,3502,14,366,373,374,5974,1
train,3503,14,367,374,375,5975,1
train,3504,14,368,375,376,5976,1
train,3505,14,369,376,377,5977,1
train,3506,14,370,377,378,5978,1
train,3507,14,371,378,379,5979,1
train,3508,14,372,379,380,5980,1
train,3509,14,373,380,381,5981,1
train,3510,14,374,381,382,5982,1
train,3511,14,375,382,383,5983,1
train,3512,14,376,383,384,5984,1
train,3513,14,377,384,385,5985,1
train,3514,14,378,385,386,5986,1
train,3515,14,379,386,387,5987,1
train,3516,14,380,387,388,5988,1
train,3517,14,381,388,389,5989,1
train,3518,14,382,389,390,5990,1
train,3519,14,383,390,391,5991,1
train,3520,14,384,391,392,5992,1
train,3521,14,385,392,393,5993,1
train,3522,14,386,393,394,5994,1
train,3523,14,387,394,395,5995,1
train,3524,14,388,395,396,5996,1
train,3525,14,389,396,397,5997,1
train,3526,14,390,397,398,5998,1
train,3527,14,391,398,399,5999,1
val,0,1,0,7,8,408,0
val,1,1,1,8,9,409,0
val,2,1,2,9,10,410,0
val,3,1,3,10,11,411,0
val,4,1,4,11,12,412,0
val,5,1,5,12,13,413,0
val,6,1,6,13,14,414,0
val,7,1,7,14,15,415,0
val,8,1,8,15,16,416,0
val,9,1,9,16,17,417,0
val,10,1,10,17,18,418,0
val,11,1,11,18,19,419,0
val,12,1,12,19,20,420,0
val,13,1,13,20,21,421,0
val,14,1,14,21,22,422,0
val,15,1,15,22,23,423,0
val,16,1,16,23,24,424,0
val,17,1,17,24,25,425,1
val,18,1,18,25,26,426,0
val,19,1,19,26,27,427,0
val,20,1,20,27,28,428,1
val,21,1,21,28,29,429,0
val,22,1,22,29,30,430,0
val,23,1,23,30,31,431,0
val,24,1,24,31,32,432,0
val,25,1,25,32,33,433,0
val,26,1,26,33,34,434,0
val,27,1,27,34,35,435,0
val,28,1,28,35,36,436,0
val,29,1,29,36,37,437,1
val,30,1,30,37,38,438,0
val,31,1,31,38,39,439,1
val,32,1,32,39,40,440,0
val,33,1,33,40,41,441,0
val,34,1,34,41,42,442,0
val,35,1,35,42,43,443,0
val,36,1,36,43,44,444,0
val,37,1,37,44,45,445,0
val,38,1,38,45,46,446,0
val,39,1,39,46,47,447,1
val,40,1,40,47,48,448,1
val,41,1,41,48,49,449,0
val,42,1,42,49,50,450,0
val,43,1,43,50,51,451,0
val,44,1,44,51,52,452,0
val,45,1,45,52,53,453,0
val,46,1,46,53,54,454,0
val,47,1,47,54,55,455,0
val,48,1,48,55,56,456,1
val,49,1,49,56,57,457,1
val,50,1,50,57,58,458,0
val,51,1,51,58,59,459,0
val,52,1,52,59,60,460,0
val,53,1,53,60,61,461,0
val,54,1,54,61,62,462,0
val,55,1,55,62,63,463,0
val,56,1,56,63,64,464,0
val,57,1,57,64,65,465,0
val,58,1,58,65,66,466,1
val,59,1,59,66,67,467,0
val,60,1,60,67,68,468,1
val,61,1,61,68,69,469,1
val,62,1,62,69,70,470,0
val,63,1,63,70,71,471,1
val,64,1,64,71,72,472,1
val,65,1,65,72,73,473,0
val,66,1,66,73,74,474,0
val,67,1,67,74,75,475,1
val,68,1,68,75,76,476,1
val,69,1,69,76,77,477,1
val,70,1,70,77,78,478,0
val,71,1,71,78,79,479,1
val,72,1,72,79,80,480,1
val,73,1,73,80,81,481,0
val,74,1,74,81,82,482,0
val,75,1,75,82,83,483,1
val,76,1,76,83,84,484,0
val,77,1,77,84,85,485,1
val,78,1,78,85,86,486,1
val,79,1,79,86,87,487,0
val,80,1,80,87,88,488,0
val,81,1,81,88,89,489,0
val,82,1,82,89,90,490,1
val,83,1,83,90,91,491,0
val,84,1,84,91,92,492,0
val,85,1,85,92,93,493,1
val,86,1,86,93,94,494,1
val,87,1,87,94,95,495,0
val,88,1,88,95,96,496,1
val,89,1,89,96,97,497,0
val,90,1,90,97,98,498,1
val,91,1,91,98,99,499,1
val,92,1,92,99,100,500,0
val,93,1,93,100,101,501,0
val,94,1,94,101,102,502,0
val,95,1,95,102,103,503,0
val,96,1,96,103,104,504,0
val,97,1,97,104,105,505,1
val,98,1,98,105,106,506,1
val,99,1,99,106,107,507,1
val,100,1,100,107,108,508,0
val,101,1,101,108,109,509,1
val,102,1,102,109,110,510,0
val,103,1,103,110,111,511,1
val,104,1,104,111,112,512,1
val,105,1,105,112,113,513,0
val,106,1,106,113,114,514,1
val,107,1,107,114,115,515,1
val,108,1,108,115,116,516,1
val,109,1,109,116,117,517,0
val,110,1,110,117,118,518,1
val,111,1,111,118,119,519,1
val,112,1,112,119,120,520,1
val,113,1,113,120,121,521,1
val,114,1,114,121,122,522,1
val,115,1,115,122,123,523,1
val,116,1,116,123,124,524,1
val,117,1,117,124,125,525,1
val,118,1,118,125,126,526,1
val,119,1,119,126,127,527,1
val,120,1,120,127,128,528,1
val,121,1,121,128,129,529,0
val,122,1,122,129,130,530,1
val,123,1,123,130,131,531,1
val,124,1,124,131,132,532,0
val,125,1,125,132,133,533,1
val,126,1,126,133,134,534,0
val,127,1,127,134,135,535,1
val,128,1,128,135,136,536,0
val,129,1,129,136,137,537,1
val,130,1,130,137,138,538,0
val,131,1,131,138,139,539,0
val,132,1,132,139,140,540,0
val,133,1,133,140,141,541,1
val,134,1,134,141,142,542,1
val,135,1,135,142,143,543,0
val,136,1,136,143,144,544,0
val,137,1,137,144,145,545,1
val,138,1,138,145,146,546,1
val,139,1,139,146,147,547,1
val,140,1,140,147,148,548,1
val,141,1,141,148,149,549,1
val,142,1,142,149,150,550,0
val,143,1,143,150,151,551,1
val,144,1,144,151,152,552,1
val,145,1,145,152,153,553,1
val,146,1,146,153,154,554,1
val,147,1,147,154,155,555,0
val,148,1,148,155,156,556,1
val,149,1,149,156,157,557,0
val,150,1,150,157,158,558,1
val,151,1,151,158,159,559,1
val,152,1,152,159,160,560,1
val,153,1,153,160,161,561,1
val,154,1,154,161,162,562,1
val,155,1,155,162,163,563,1
val,156,1,156,163,164,564,1
val,157,1,157,164,165,565,1
val,158,1,158,165,166,566,0
val,159,1,159,166,167,567,1
val,160,1,160,167,168,568,1
val,161,1,161,168,169,569,1
val,162,1,162,169,170,570,1
val,163,1,163,170,171,571,1
val,164,1,164,171,172,572,1
val,165,1,165,172,173,573,1
val,166,1,166,173,174,574,1
val,167,1,167,174,175,575,0
val,168,1,168,175,176,576,1
val,169,1,169,176,177,577,1
val,170,1,170,177,178,578,0
val,171,1,171,178,179,579,1
val,172,1,172,179,180,580,1
val,173,1,173,180,181,581,1
val,174,1,174,181,182,582,1
val,175,1,175,182,183,583,1
val,176,1,176,183,184,584,1
val,177,1,177,184,185,585,1
val,178,1,178,185,186,586,1
val,179,1,179,186,187,587,1
val,180,1,180,187,188,588,0
val,181,1,181,188,189,589,1
val,182,1,182,189,190,590,1
val,183,1,183,190,191,591,1
val,184,1,184,191,192,592,1
val,185,1,185,192,193,593,1
val,186,1,186,193,194,594,0
val,187,1,187,194,195,595,1
val,188,1,188,195,196,596,1
val,189,1,189,196,197,597,1
val,190,1,190,197,198,598,0
val,191,1,191,198,199,599,1
val,192,1,192,199,200,600,1
val,193,1,193,200,201,601,1
val,194,1,194,201,202,602,1
val,195,1,195,202,203,603,0
val,196,1,196,203,204,604,1
val,197,1,197,204,205,605,1
val,198,1,198,205,206,606,1
val,199,1,199,206,207,607,1
val,200,1,200,207,208,608,1
val,201,1,201,208,209,609,1
val,202,1,202,209,210,610,1
val,203,1,203,210,211,611,0
val,204,1,204,211,212,612,1
val,205,1,205,212,213,613,1
val,206,1,206,213,214,614,1
val,207,1,207,214,215,615,1
val,208,1,208,215,216,616,1
val,209,1,209,216,217,617,1
val,210,1,210,217,218,618,1
val,211,1,211,218,219,619,1
val,212,1,212,219,220,620,1
val,213,1,213,220,221,621,1
val,214,1,214,221,222,622,1
val,215,1,215,222,223,623,0
val,216,1,216,223,224,624,1
val,217,1,217,224,225,625,1
val,218,1,218,225,226,626,1
val,219,1,219,226,227,627,1
val,220,1,220,227,228,628,1
val,221,1,221,228,229,629,1
val,222,1,222,229,230,630,1
val,223,1,223,230,231,631,1
val,224,1,224,231,232,632,1
val,225,1,225,232,233,633,1
val,226,1,226,233,234,634,1
val,227,1,227,234,235,635,1
val,228,1,228,235,236,636,1
val,229,1,229,236,237,637,1
val,230,1,230,237,238,638,1
val,231,1,231,238,239,639,1
val,232,1,232,239,240,640,1
val,233,1,233,240,241,641,0
val,234,1,234,241,242,642,0
val,235,1,235,242,243,643,1
val,236,1,236,243,244,644,1
val,237,1,237,244,245,645,1
val,238,1,238,245,246,646,1
val,239,1,239,246,247,647,1
val,240,1,240,247,248,648,1
val,241,1,241,248,249,649,1
val,242,1,242,249,250,650,1
val,243,1,243,250,251,651,1
val,244,1,244,251,252,652,0
val,245,1,245,252,253,653,1
val,246,1,246,253,254,654,1
val,247,1,247,254,255,655,1
val,248,1,248,255,256,656,1
val,249,1,249,256,257,657,1
val,250,1,250,257,258,658,1
val,251,1,251,258,259,659,1
val,252,1,252,259,260,660,1
val,253,1,253,260,261,661,1
val,254,1,254,261,262,662,1
val,255,1,255,262,263,663,1
val,256,1,256,263,264,664,1
val,257,1,257,264,265,665,1
val,258,1,258,265,266,666,1
val,259,1,259,266,267,667,1
val,260,1,260,267,268,668,1
val,261,1,261,268,269,669,1
val,262,1,262,269,270,670,1
val,263,1,263,270,271,671,1
val,264,1,264,271,272,672,1
val,265,1,265,272,273,673,1
val,266,1,266,273,274,674,1
val,267,1,267,274,275,675,1
val,268,1,268,275,276,676,1
val,269,1,269,276,277,677,1
val,270,1,270,277,278,678,1
val,271,1,271,278,279,679,1
val,272,1,272,279,280,680,1
val,273,1,273,280,281,681,1
val,274,1,274,281,282,682,1
val,275,1,275,282,283,683,1
val,276,1,276,283,284,684,1
val,277,1,277,284,285,685,1
val,278,1,278,285,286,686,1
val,279,1,279,286,287,687,1
val,280,1,280,287,288,688,1
val,281,1,281,288,289,689,1
val,282,1,282,289,290,690,1
val,283,1,283,290,291,691,1
val,284,1,284,291,292,692,1
val,285,1,285,292,293,693,1
val,286,1,286,293,294,694,1
val,287,1,287,294,295,695,1
val,288,1,288,295,296,696,1
val,289,1,289,296,297,697,1
val,290,1,290,297,298,698,1
val,291,1,291,298,299,699,1
val,292,1,292,299,300,700,1
val,293,1,293,300,301,701,1
val,294,1,294,301,302,702,1
val,295,1,295,302,303,703,1
val,296,1,296,303,304,704,1
val,297,1,297,304,305,705,1
val,298,1,298,305,306,706,1
val,299,1,299,306,307,707,1
val,300,1,300,307,308,708,1
val,301,1,301,308,309,709,1
val,302,1,302,309,310,710,1
val,303,1,303,310,311,711,1
val,304,1,304,311,312,712,1
val,305,1,305,312,313,713,1
val,306,1,306,313,314,714,1
val,307,1,307,314,315,715,1
val,308,1,308,315,316,716,1
val,309,1,309,316,317,717,1
val,310,1,310,317,318,718,1
val,311,1,311,318,319,719,1
val,312,1,312,319,320,720,1
val,313,1,313,320,321,721,1
val,314,1,314,321,322,722,1
val,315,1,315,322,323,723,1
val,316,1,316,323,324,724,1
val,317,1,317,324,325,725,1
val,318,1,318,325,326,726,1
val,319,1,319,326,327,727,1
val,320,1,320,327,328,728,1
val,321,1,321,328,329,729,1
val,322,1,322,329,330,730,1
val,323,1,323,330,331,731,1
val,324,1,324,331,332,732,1
val,325,1,325,332,333,733,1
val,326,1,326,333,334,734,1
val,327,1,327,334,335,735,1
val,328,1,328,335,336,736,1
val,329,1,329,336,337,737,1
val,330,1,330,337,338,738,1
val,331,1,331,338,339,739,1
val,332,1,332,339,340,740,1
val,333,1,333,340,341,741,1
val,334,1,334,341,342,742,1
val,335,1,335,342,343,743,1
val,336,1,336,343,344,744,1
val,337,1,337,344,345,745,1
val,338,1,338,345,346,746,1
val,339,1,339,346,347,747,1
val,340,1,340,347,348,748,1
val,341,1,341,348,349,749,0
val,342,1,342,349,350,750,1
val,343,1,343,350,351,751,1
val,344,1,344,351,352,752,1
val,345,1,345,352,353,753,1
val,346,1,346,353,354,754,1
val,347,1,347,354,355,755,1
val,348,1,348,355,356,756,1
val,349,1,349,356,357,757,1
val,350,1,350,357,358,758,1
val,351,1,351,358,359,759,1
val,352,1,352,359,360,760,1
val,353,1,353,360,361,761,1
val,354,1,354,361,362,762,1
val,355,1,355,362,363,763,1
val,356,1,356,363,364,764,1
val,357,1,357,364,365,765,1
val,358,1,358,365,366,766,1
val,359,1,359,366,367,767,1
val,360,1,360,367,368,768,1
val,361,1,361,368,369,769,1
val,362,1,362,369,370,770,1
val,363,1,363,370,371,771,1
val,364,1,364,371,372,772,1
val,365,1,365,372,373,773,1
val,366,1,366,373,374,774,1
val,367,1,367,374,375,775,1
val,368,1,368,375,376,776,1
val,369,1,369,376,377,777,1
val,370,1,370,377,378,778,1
val,371,1,371,378,379,779,1
val,372,1,372,379,380,780,1
val,373,1,373,380,381,781,1
val,374,1,374,381,382,782,1
val,375,1,375,382,383,783,1
val,376,1,376,383,384,784,1
val,377,1,377,384,385,785,1
val,378,1,378,385,386,786,1
val,379,1,379,386,387,787,1
val,380,1,380,387,388,788,1
val,381,1,381,388,389,789,1
val,382,1,382,389,390,790,1
val,383,1,383,390,391,791,1
val,384,1,384,391,392,792,1
val,385,1,385,392,393,793,1
val,386,1,386,393,394,794,1
val,387,1,387,394,395,795,1
val,388,1,388,395,396,796,1
val,389,1,389,396,397,797,1
val,390,1,390,397,398,798,1
val,391,1,391,398,399,799,1
val,392,12,0,7,8,4808,0
val,393,12,1,8,9,4809,0
val,394,12,2,9,10,4810,0
val,395,12,3,10,11,4811,0
val,396,12,4,11,12,4812,0
val,397,12,5,12,13,4813,0
val,398,12,6,13,14,4814,1
val,399,12,7,14,15,4815,0
val,400,12,8,15,16,4816,0
val,401,12,9,16,17,4817,0
val,402,12,10,17,18,4818,0
val,403,12,11,18,19,4819,0
val,404,12,12,19,20,4820,0
val,405,12,13,20,21,4821,0
val,406,12,14,21,22,4822,0
val,407,12,15,22,23,4823,0
val,408,12,16,23,24,4824,0
val,409,12,17,24,25,4825,0
val,410,12,18,25,26,4826,0
val,411,12,19,26,27,4827,0
val,412,12,20,27,28,4828,0
val,413,12,21,28,29,4829,0
val,414,12,22,29,30,4830,0
val,415,12,23,30,31,4831,0
val,416,12,24,31,32,4832,0
val,417,12,25,32,33,4833,0
val,418,12,26,33,34,4834,0
val,419,12,27,34,35,4835,0
val,420,12,28,35,36,4836,0
val,421,12,29,36,37,4837,0
val,422,12,30,37,38,4838,0
val,423,12,31,38,39,4839,0
val,424,12,32,39,40,4840,0
val,425,12,33,40,41,4841,0
val,426,12,34,41,42,4842,0
val,427,12,35,42,43,4843,0
val,428,12,36,43,44,4844,0
val,429,12,37,44,45,4845,0
val,430,12,38,45,46,4846,0
val,431,12,39,46,47,4847,0
val,432,12,40,47,48,4848,0
val,433,12,41,48,49,4849,0
val,434,12,42,49,50,4850,0
val,435,12,43,50,51,4851,0
val,436,12,44,51,52,4852,0
val,437,12,45,52,53,4853,0
val,438,12,46,53,54,4854,0
val,439,12,47,54,55,4855,0
val,440,12,48,55,56,4856,0
val,441,12,49,56,57,4857,0
val,442,12,50,57,58,4858,0
val,443,12,51,58,59,4859,0
val,444,12,52,59,60,4860,1
val,445,12,53,60,61,4861,0
val,446,12,54,61,62,4862,0
val,447,12,55,62,63,4863,0
val,448,12,56,63,64,4864,0
val,449,12,57,64,65,4865,0
val,450,12,58,65,66,4866,1
val,451,12,59,66,67,4867,0
val,452,12,60,67,68,4868,0
val,453,12,61,68,69,4869,0
val,454,12,62,69,70,4870,1
val,455,12,63,70,71,4871,1
val,456,12,64,71,72,4872,1
val,457,12,65,72,73,4873,1
val,458,12,66,73,74,4874,1
val,459,12,67,74,75,4875,1
val,460,12,68,75,76,4876,0
val,461,12,69,76,77,4877,1
val,462,12,70,77,78,4878,1
val,463,12,71,78,79,4879,1
val,464,12,72,79,80,4880,0
val,465,12,73,80,81,4881,0
val,466,12,74,81,82,4882,1
val,467,12,75,82,83,4883,1
val,468,12,76,83,84,4884,1
val,469,12,77,84,85,4885,1
val,470,12,78,85,86,4886,0
val,471,12,79,86,87,4887,1
val,472,12,80,87,88,4888,1
val,473,12,81,88,89,4889,1
val,474,12,82,89,90,4890,1
val,475,12,83,90,91,4891,1
val,476,12,84,91,92,4892,1
val,477,12,85,92,93,4893,1
val,478,12,86,93,94,4894,1
val,479,12,87,94,95,4895,1
val,480,12,88,95,96,4896,1
val,481,12,89,96,97,4897,1
val,482,12,90,97,98,4898,1
val,483,12,91,98,99,4899,1
val,484,12,92,99,100,4900,1
val,485,12,93,100,101,4901,1
val,486,12,94,101,102,4902,0
val,487,12,95,102,103,4903,1
val,488,12,96,103,104,4904,1
val,489,12,97,104,105,4905,0
val,490,12,98,105,106,4906,0
val,491,12,99,106,107,4907,1
val,492,12,100,107,108,4908,1
val,493,12,101,108,109,4909,1
val,494,12,102,109,110,4910,1
val,495,12,103,110,111,4911,1
val,496,12,104,111,112,4912,1
val,497,12,105,112,113,4913,1
val,498,12,106,113,114,4914,1
val,499,12,107,114,115,4915,0
val,500,12,108,115,116,4916,1
val,501,12,109,116,117,4917,1
val,502,12,110,117,118,4918,1
val,503,12,111,118,119,4919,1
val,504,12,112,119,120,4920,0
val,505,12,113,120,121,4921,1
val,506,12,114,121,122,4922,0
val,507,12,115,122,123,4923,1
val,508,12,116,123,124,4924,0
val,509,12,117,124,125,4925,1
val,510,12,118,125,126,4926,1
val,511,12,119,126,127,4927,1
val,512,12,120,127,128,4928,1
val,513,12,121,128,129,4929,1
val,514,12,122,129,130,4930,1
val,515,12,123,130,131,4931,1
val,516,12,124,131,132,4932,1
val,517,12,125,132,133,4933,1
val,518,12,126,133,134,4934,1
val,519,12,127,134,135,4935,1
val,520,12,128,135,136,4936,1
val,521,12,129,136,137,4937,1
val,522,12,130,137,138,4938,1
val,523,12,131,138,139,4939,1
val,524,12,132,139,140,4940,1
val,525,12,133,140,141,4941,1
val,526,12,134,141,142,4942,1
val,527,12,135,142,143,4943,1
val,528,12,136,143,144,4944,1
val,529,12,137,144,145,4945,1
val,530,12,138,145,146,4946,1
val,531,12,139,146,147,4947,1
val,532,12,140,147,148,4948,1
val,533,12,141,148,149,4949,0
val,534,12,142,149,150,4950,0
val,535,12,143,150,151,4951,0
val,536,12,144,151,152,4952,1
val,537,12,145,152,153,4953,0
val,538,12,146,153,154,4954,1
val,539,12,147,154,155,4955,1
val,540,12,148,155,156,4956,0
val,541,12,149,156,157,4957,0
val,542,12,150,157,158,4958,1
val,543,12,151,158,159,4959,0
val,544,12,152,159,160,4960,0
val,545,12,153,160,161,4961,1
val,546,12,154,161,162,4962,0
val,547,12,155,162,163,4963,0
val,548,12,156,163,164,4964,0
val,549,12,157,164,165,4965,0
val,550,12,158,165,166,4966,0
val,551,12,159,166,167,4967,0
val,552,12,160,167,168,4968,1
val,553,12,161,168,169,4969,1
val,554,12,162,169,170,4970,1
val,555,12,163,170,171,4971,0
val,556,12,164,171,172,4972,0
val,557,12,165,172,173,4973,1
val,558,12,166,173,174,4974,1
val,559,12,167,174,175,4975,1
val,560,12,168,175,176,4976,1
val,561,12,169,176,177,4977,1
val,562,12,170,177,178,4978,1
val,563,12,171,178,179,4979,1
val,564,12,172,179,180,4980,1
val,565,12,173,180,181,4981,1
val,566,12,174,181,182,4982,1
val,567,12,175,182,183,4983,0
val,568,12,176,183,184,4984,0
val,569,12,177,184,185,4985,0
val,570,12,178,185,186,4986,1
val,571,12,179,186,187,4987,0
val,572,12,180,187,188,4988,0
val,573,12,181,188,189,4989,1
val,574,12,182,189,190,4990,1
val,575,12,183,190,191,4991,0
val,576,12,184,191,192,4992,1
val,577,12,185,192,193,4993,1
val,578,12,186,193,194,4994,1
val,579,12,187,194,195,4995,1
val,580,12,188,195,196,4996,1
val,581,12,189,196,197,4997,1
val,582,12,190,197,198,4998,0
val,583,12,191,198,199,4999,1
val,584,12,192,199,200,5000,0
val,585,12,193,200,201,5001,1
val,586,12,194,201,202,5002,1
val,587,12,195,202,203,5003,0
val,588,12,196,203,204,5004,0
val,589,12,197,204,205,5005,1
val,590,12,198,205,206,5006,1
val,591,12,199,206,207,5007,1
val,592,12,200,207,208,5008,1
val,593,12,201,208,209,5009,1
val,594,12,202,209,210,5010,0
val,595,12,203,210,211,5011,1
val,596,12,204,211,212,5012,1
val,597,12,205,212,213,5013,1
val,598,12,206,213,214,5014,1
val,599,12,207,214,215,5015,1
val,600,12,208,215,216,5016,1
val,601,12,209,216,217,5017,1
val,602,12,210,217,218,5018,1
val,603,12,211,218,219,5019,1
val,604,12,212,219,220,5020,1
val,605,12,213,220,221,5021,1
val,606,12,214,221,222,5022,1
val,607,12,215,222,223,5023,1
val,608,12,216,223,224,5024,1
val,609,12,217,224,225,5025,1
val,610,12,218,225,226,5026,1
val,611,12,219,226,227,5027,1
val,612,12,220,227,228,5028,1
val,613,12,221,228,229,5029,1
val,614,12,222,229,230,5030,1
val,615,12,223,230,231,5031,1
val,616,12,224,231,232,5032,1
val,617,12,225,232,233,5033,1
val,618,12,226,233,234,5034,1
val,619,12,227,234,235,5035,1
val,620,12,228,235,236,5036,1
val,621,12,229,236,237,5037,1
val,622,12,230,237,238,5038,1
val,623,12,231,238,239,5039,1
val,624,12,232,239,240,5040,1
val,625,12,233,240,241,5041,1
val,626,12,234,241,242,5042,1
val,627,12,235,242,243,5043,1
val,628,12,236,243,244,5044,1
val,629,12,237,244,245,5045,1
val,630,12,238,245,246,5046,1
val,631,12,239,246,247,5047,1
val,632,12,240,247,248,5048,1
val,633,12,241,248,249,5049,1
val,634,12,242,249,250,5050,1
val,635,12,243,250,251,5051,1
val,636,12,244,251,252,5052,1
val,637,12,245,252,253,5053,1
val,638,12,246,253,254,5054,1
val,639,12,247,254,255,5055,1
val,640,12,248,255,256,5056,1
val,641,12,249,256,257,5057,1
val,642,12,250,257,258,5058,1
val,643,12,251,258,259,5059,1
val,644,12,252,259,260,5060,1
val,645,12,253,260,261,5061,1
val,646,12,254,261,262,5062,1
val,647,12,255,262,263,5063,1
val,648,12,256,263,264,5064,1
val,649,12,257,264,265,5065,1
val,650,12,258,265,266,5066,1
val,651,12,259,266,267,5067,1
val,652,12,260,267,268,5068,1
val,653,12,261,268,269,5069,1
val,654,12,262,269,270,5070,1
val,655,12,263,270,271,5071,1
val,656,12,264,271,272,5072,1
val,657,12,265,272,273,5073,1
val,658,12,266,273,274,5074,1
val,659,12,267,274,275,5075,1
val,660,12,268,275,276,5076,1
val,661,12,269,276,277,5077,1
val,662,12,270,277,278,5078,1
val,663,12,271,278,279,5079,1
val,664,12,272,279,280,5080,1
val,665,12,273,280,281,5081,1
val,666,12,274,281,282,5082,1
val,667,12,275,282,283,5083,1
val,668,12,276,283,284,5084,1
val,669,12,277,284,285,5085,1
val,670,12,278,285,286,5086,1
val,671,12,279,286,287,5087,1
val,672,12,280,287,288,5088,1
val,673,12,281,288,289,5089,1
val,674,12,282,289,290,5090,1
val,675,12,283,290,291,5091,1
val,676,12,284,291,292,5092,1
val,677,12,285,292,293,5093,1
val,678,12,286,293,294,5094,1
val,679,12,287,294,295,5095,1
val,680,12,288,295,296,5096,1
val,681,12,289,296,297,5097,1
val,682,12,290,297,298,5098,1
val,683,12,291,298,299,5099,1
val,684,12,292,299,300,5100,1
val,685,12,293,300,301,5101,1
val,686,12,294,301,302,5102,1
val,687,12,295,302,303,5103,1
val,688,12,296,303,304,5104,1
val,689,12,297,304,305,5105,1
val,690,12,298,305,306,5106,1
val,691,12,299,306,307,5107,1
val,692,12,300,307,308,5108,1
val,693,12,301,308,309,5109,1
val,694,12,302,309,310,5110,1
val,695,12,303,310,311,5111,1
val,696,12,304,311,312,5112,1
val,697,12,305,312,313,5113,1
val,698,12,306,313,314,5114,1
val,699,12,307,314,315,5115,1
val,700,12,308,315,316,5116,1
val,701,12,309,316,317,5117,1
val,702,12,310,317,318,5118,1
val,703,12,311,318,319,5119,1
val,704,12,312,319,320,5120,1
val,705,12,313,320,321,5121,1
val,706,12,314,321,322,5122,1
val,707,12,315,322,323,5123,1
val,708,12,316,323,324,5124,1
val,709,12,317,324,325,5125,1
val,710,12,318,325,326,5126,1
val,711,12,319,326,327,5127,1
val,712,12,320,327,328,5128,1
val,713,12,321,328,329,5129,1
val,714,12,322,329,330,5130,1
val,715,12,323,330,331,5131,1
val,716,12,324,331,332,5132,1
val,717,12,325,332,333,5133,1
val,718,12,326,333,334,5134,1
val,719,12,327,334,335,5135,1
val,720,12,328,335,336,5136,1
val,721,12,329,336,337,5137,1
val,722,12,330,337,338,5138,1
val,723,12,331,338,339,5139,1
val,724,12,332,339,340,5140,1
val,725,12,333,340,341,5141,1
val,726,12,334,341,342,5142,1
val,727,12,335,342,343,5143,1
val,728,12,336,343,344,5144,1
val,729,12,337,344,345,5145,1
val,730,12,338,345,346,5146,1
val,731,12,339,346,347,5147,1
val,732,12,340,347,348,5148,1
val,733,12,341,348,349,5149,1
val,734,12,342,349,350,5150,1
val,735,12,343,350,351,5151,1
val,736,12,344,351,352,5152,1
val,737,12,345,352,353,5153,1
val,738,12,346,353,354,5154,1
val,739,12,347,354,355,5155,1
val,740,12,348,355,356,5156,1
val,741,12,349,356,357,5157,1
val,742,12,350,357,358,5158,1
val,743,12,351,358,359,5159,1
val,744,12,352,359,360,5160,1
val,745,12,353,360,361,5161,1
val,746,12,354,361,362,5162,1
val,747,12,355,362,363,5163,1
val,748,12,356,363,364,5164,1
val,749,12,357,364,365,5165,1
val,750,12,358,365,366,5166,1
val,751,12,359,366,367,5167,1
val,752,12,360,367,368,5168,1
val,753,12,361,368,369,5169,1
val,754,12,362,369,370,5170,1
val,755,12,363,370,371,5171,1
val,756,12,364,371,372,5172,1
val,757,12,365,372,373,5173,1
val,758,12,366,373,374,5174,1
val,759,12,367,374,375,5175,1
val,760,12,368,375,376,5176,1
val,761,12,369,376,377,5177,1
val,762,12,370,377,378,5178,1
val,763,12,371,378,379,5179,1
val,764,12,372,379,380,5180,1
val,765,12,373,380,381,5181,1
val,766,12,374,381,382,5182,1
val,767,12,375,382,383,5183,1
val,768,12,376,383,384,5184,1
val,769,12,377,384,385,5185,1
val,770,12,378,385,386,5186,1
val,771,12,379,386,387,5187,1
val,772,12,380,387,388,5188,1
val,773,12,381,388,389,5189,1
val,774,12,382,389,390,5190,1
val,775,12,383,390,391,5191,1
val,776,12,384,391,392,5192,1
val,777,12,385,392,393,5193,1
val,778,12,386,393,394,5194,1
val,779,12,387,394,395,5195,1
val,780,12,388,395,396,5196,1
val,781,12,389,396,397,5197,1
val,782,12,390,397,398,5198,1
val,783,12,391,398,399,5199,1
val,784,13,0,7,8,5208,1
val,785,13,1,8,9,5209,0
val,786,13,2,9,10,5210,0
val,787,13,3,10,11,5211,0
val,788,13,4,11,12,5212,0
val,789,13,5,12,13,5213,0
val,790,13,6,13,14,5214,0
val,791,13,7,14,15,5215,0
val,792,13,8,15,16,5216,1
val,793,13,9,16,17,5217,0
val,794,13,10,17,18,5218,0
val,795,13,11,18,19,5219,0
val,796,13,12,19,20,5220,0
val,797,13,13,20,21,5221,0
val,798,13,14,21,22,5222,0
val,799,13,15,22,23,5223,0
val,800,13,16,23,24,5224,0
val,801,13,17,24,25,5225,0
val,802,13,18,25,26,5226,0
val,803,13,19,26,27,5227,0
val,804,13,20,27,28,5228,0
val,805,13,21,28,29,5229,0
val,806,13,22,29,30,5230,0
val,807,13,23,30,31,5231,0
val,808,13,24,31,32,5232,0
val,809,13,25,32,33,5233,0
val,810,13,26,33,34,5234,0
val,811,13,27,34,35,5235,0
val,812,13,28,35,36,5236,0
val,813,13,29,36,37,5237,0
val,814,13,30,37,38,5238,0
val,815,13,31,38,39,5239,0
val,816,13,32,39,40,5240,0
val,817,13,33,40,41,5241,0
val,818,13,34,41,42,5242,0
val,819,13,35,42,43,5243,0
val,820,13,36,43,44,5244,0
val,821,13,37,44,45,5245,0
val,822,13,38,45,46,5246,0
val,823,13,39,46,47,5247,0
val,824,13,40,47,48,5248,0
val,825,13,41,48,49,5249,0
val,826,13,42,49,50,5250,0
val,827,13,43,50,51,5251,0
val,828,13,44,51,52,5252,0
val,829,13,45,52,53,5253,0
val,830,13,46,53,54,5254,0
val,831,13,47,54,55,5255,0
val,832,13,48,55,56,5256,0
val,833,13,49,56,57,5257,0
val,834,13,50,57,58,5258,0
val,835,13,51,58,59,5259,0
val,836,13,52,59,60,5260,0
val,837,13,53,60,61,5261,1
val,838,13,54,61,62,5262,0
val,839,13,55,62,63,5263,0
val,840,13,56,63,64,5264,0
val,841,13,57,64,65,5265,0
val,842,13,58,65,66,5266,0
val,843,13,59,66,67,5267,0
val,844,13,60,67,68,5268,0
val,845,13,61,68,69,5269,0
val,846,13,62,69,70,5270,0
val,847,13,63,70,71,5271,0
val,848,13,64,71,72,5272,0
val,849,13,65,72,73,5273,0
val,850,13,66,73,74,5274,0
val,851,13,67,74,75,5275,0
val,852,13,68,75,76,5276,0
val,853,13,69,76,77,5277,0
val,854,13,70,77,78,5278,0
val,855,13,71,78,79,5279,0
val,856,13,72,79,80,5280,0
val,857,13,73,80,81,5281,0
val,858,13,74,81,82,5282,1
val,859,13,75,82,83,5283,0
val,860,13,76,83,84,5284,0
val,861,13,77,84,85,5285,0
val,862,13,78,85,86,5286,0
val,863,13,79,86,87,5287,0
val,864,13,80,87,88,5288,1
val,865,13,81,88,89,5289,1
val,866,13,82,89,90,5290,0
val,867,13,83,90,91,5291,1
val,868,13,84,91,92,5292,0
val,869,13,85,92,93,5293,0
val,870,13,86,93,94,5294,0
val,871,13,87,94,95,5295,0
val,872,13,88,95,96,5296,0
val,873,13,89,96,97,5297,0
val,874,13,90,97,98,5298,0
val,875,13,91,98,99,5299,0
val,876,13,92,99,100,5300,0
val,877,13,93,100,101,5301,0
val,878,13,94,101,102,5302,0
val,879,13,95,102,103,5303,1
val,880,13,96,103,104,5304,0
val,881,13,97,104,105,5305,0
val,882,13,98,105,106,5306,0
val,883,13,99,106,107,5307,0
val,884,13,100,107,108,5308,1
val,885,13,101,108,109,5309,0
val,886,13,102,109,110,5310,1
val,887,13,103,110,111,5311,1
val,888,13,104,111,112,5312,0
val,889,13,105,112,113,5313,0
val,890,13,106,113,114,5314,0
val,891,13,107,114,115,5315,0
val,892,13,108,115,116,5316,0
val,893,13,109,116,117,5317,1
val,894,13,110,117,118,5318,0
val,895,13,111,118,119,5319,0
val,896,13,112,119,120,5320,0
val,897,13,113,120,121,5321,0
val,898,13,114,121,122,5322,1
val,899,13,115,122,123,5323,0
val,900,13,116,123,124,5324,1
val,901,13,117,124,125,5325,1
val,902,13,118,125,126,5326,1
val,903,13,119,126,127,5327,0
val,904,13,120,127,128,5328,0
val,905,13,121,128,129,5329,0
val,906,13,122,129,130,5330,1
val,907,13,123,130,131,5331,1
val,908,13,124,131,132,5332,0
val,909,13,125,132,133,5333,0
val,910,13,126,133,134,5334,1
val,911,13,127,134,135,5335,1
val,912,13,128,135,136,5336,0
val,913,13,129,136,137,5337,1
val,914,13,130,137,138,5338,1
val,915,13,131,138,139,5339,0
val,916,13,132,139,140,5340,0
val,917,13,133,140,141,5341,0
val,918,13,134,141,142,5342,0
val,919,13,135,142,143,5343,1
val,920,13,136,143,144,5344,1
val,921,13,137,144,145,5345,0
val,922,13,138,145,146,5346,1
val,923,13,139,146,147,5347,1
val,924,13,140,147,148,5348,0
val,925,13,141,148,149,5349,1
val,926,13,142,149,150,5350,1
val,927,13,143,150,151,5351,1
val,928,13,144,151,152,5352,1
val,929,13,145,152,153,5353,1
val,930,13,146,153,154,5354,1
val,931,13,147,154,155,5355,0
val,932,13,148,155,156,5356,0
val,933,13,149,156,157,5357,0
val,934,13,150,157,158,5358,0
val,935,13,151,158,159,5359,1
val,936,13,152,159,160,5360,0
val,937,13,153,160,161,5361,0
val,938,13,154,161,162,5362,1
val,939,13,155,162,163,5363,0
val,940,13,156,163,164,5364,1
val,941,13,157,164,165,5365,1
val,942,13,158,165,166,5366,1
val,943,13,159,166,167,5367,1
val,944,13,160,167,168,5368,1
val,945,13,161,168,169,5369,1
val,946,13,162,169,170,5370,1
val,947,13,163,170,171,5371,1
val,948,13,164,171,172,5372,0
val,949,13,165,172,173,5373,1
val,950,13,166,173,174,5374,1
val,951,13,167,174,175,5375,0
val,952,13,168,175,176,5376,1
val,953,13,169,176,177,5377,1
val,954,13,170,177,178,5378,0
val,955,13,171,178,179,5379,1
val,956,13,172,179,180,5380,0
val,957,13,173,180,181,5381,1
val,958,13,174,181,182,5382,1
val,959,13,175,182,183,5383,1
val,960,13,176,183,184,5384,1
val,961,13,177,184,185,5385,1
val,962,13,178,185,186,5386,1
val,963,13,179,186,187,5387,1
val,964,13,180,187,188,5388,1
val,965,13,181,188,189,5389,1
val,966,13,182,189,190,5390,1
val,967,13,183,190,191,5391,1
val,968,13,184,191,192,5392,1
val,969,13,185,192,193,5393,1
val,970,13,186,193,194,5394,1
val,971,13,187,194,195,5395,1
val,972,13,188,195,196,5396,0
val,973,13,189,196,197,5397,1
val,974,13,190,197,198,5398,1
val,975,13,191,198,199,5399,0
val,976,13,192,199,200,5400,1
val,977,13,193,200,201,5401,1
val,978,13,194,201,202,5402,1
val,979,13,195,202,203,5403,1
val,980,13,196,203,204,5404,1
val,981,13,197,204,205,5405,1
val,982,13,198,205,206,5406,1
val,983,13,199,206,207,5407,1
val,984,13,200,207,208,5408,1
val,985,13,201,208,209,5409,1
val,986,13,202,209,210,5410,1
val,987,13,203,210,211,5411,1
val,988,13,204,211,212,5412,1
val,989,13,205,212,213,5413,1
val,990,13,206,213,214,5414,1
val,991,13,207,214,215,5415,1
val,992,13,208,215,216,5416,1
val,993,13,209,216,217,5417,1
val,994,13,210,217,218,5418,0
val,995,13,211,218,219,5419,1
val,996,13,212,219,220,5420,0
val,997,13,213,220,221,5421,1
val,998,13,214,221,222,5422,1
val,999,13,215,222,223,5423,1
val,1000,13,216,223,224,5424,1
val,1001,13,217,224,225,5425,1
val,1002,13,218,225,226,5426,1
val,1003,13,219,226,227,5427,1
val,1004,13,220,227,228,5428,1
val,1005,13,221,228,229,5429,1
val,1006,13,222,229,230,5430,1
val,1007,13,223,230,231,5431,1
val,1008,13,224,231,232,5432,1
val,1009,13,225,232,233,5433,1
val,1010,13,226,233,234,5434,1
val,1011,13,227,234,235,5435,1
val,1012,13,228,235,236,5436,1
val,1013,13,229,236,237,5437,1
val,1014,13,230,237,238,5438,1
val,1015,13,231,238,239,5439,1
val,1016,13,232,239,240,5440,1
val,1017,13,233,240,241,5441,1
val,1018,13,234,241,242,5442,1
val,1019,13,235,242,243,5443,1
val,1020,13,236,243,244,5444,1
val,1021,13,237,244,245,5445,1
val,1022,13,238,245,246,5446,1
val,1023,13,239,246,247,5447,1
val,1024,13,240,247,248,5448,1
val,1025,13,241,248,249,5449,1
val,1026,13,242,249,250,5450,1
val,1027,13,243,250,251,5451,1
val,1028,13,244,251,252,5452,1
val,1029,13,245,252,253,5453,1
val,1030,13,246,253,254,5454,1
val,1031,13,247,254,255,5455,1
val,1032,13,248,255,256,5456,1
val,1033,13,249,256,257,5457,1
val,1034,13,250,257,258,5458,1
val,1035,13,251,258,259,5459,1
val,1036,13,252,259,260,5460,1
val,1037,13,253,260,261,5461,1
val,1038,13,254,261,262,5462,1
val,1039,13,255,262,263,5463,1
val,1040,13,256,263,264,5464,1
val,1041,13,257,264,265,5465,1
val,1042,13,258,265,266,5466,1
val,1043,13,259,266,267,5467,1
val,1044,13,260,267,268,5468,1
val,1045,13,261,268,269,5469,1
val,1046,13,262,269,270,5470,1
val,1047,13,263,270,271,5471,1
val,1048,13,264,271,272,5472,1
val,1049,13,265,272,273,5473,1
val,1050,13,266,273,274,5474,1
val,1051,13,267,274,275,5475,1
val,1052,13,268,275,276,5476,1
val,1053,13,269,276,277,5477,1
val,1054,13,270,277,278,5478,1
val,1055,13,271,278,279,5479,1
val,1056,13,272,279,280,5480,1
val,1057,13,273,280,281,5481,1
val,1058,13,274,281,282,5482,1
val,1059,13,275,282,283,5483,1
val,1060,13,276,283,284,5484,1
val,1061,13,277,284,285,5485,1
val,1062,13,278,285,286,5486,1
val,1063,13,279,286,287,5487,1
val,1064,13,280,287,288,5488,1
val,1065,13,281,288,289,5489,1
val,1066,13,282,289,290,5490,1
val,1067,13,283,290,291,5491,1
val,1068,13,284,291,292,5492,0
val,1069,13,285,292,293,5493,1
val,1070,13,286,293,294,5494,1
val,1071,13,287,294,295,5495,1
val,1072,13,288,295,296,5496,1
val,1073,13,289,296,297,5497,1
val,1074,13,290,297,298,5498,1
val,1075,13,291,298,299,5499,1
val,1076,13,292,299,300,5500,1
val,1077,13,293,300,301,5501,1
val,1078,13,294,301,302,5502,1
val,1079,13,295,302,303,5503,1
val,1080,13,296,303,304,5504,1
val,1081,13,297,304,305,5505,1
val,1082,13,298,305,306,5506,1
val,1083,13,299,306,307,5507,1
val,1084,13,300,307,308,5508,1
val,1085,13,301,308,309,5509,1
val,1086,13,302,309,310,5510,1
val,1087,13,303,310,311,5511,1
val,1088,13,304,311,312,5512,1
val,1089,13,305,312,313,5513,1
val,1090,13,306,313,314,5514,1
val,1091,13,307,314,315,5515,1
val,1092,13,308,315,316,5516,1
val,1093,13,309,316,317,5517,1
val,1094,13,310,317,318,5518,1
val,1095,13,311,318,319,5519,1
val,1096,13,312,319,320,5520,1
val,1097,13,313,320,321,5521,1
val,1098,13,314,321,322,5522,1
val,1099,13,315,322,323,5523,1
val,1100,13,316,323,324,5524,1
val,1101,13,317,324,325,5525,1
val,1102,13,318,325,326,5526,1
val,1103,13,319,326,327,5527,1
val,1104,13,320,327,328,5528,1
val,1105,13,321,328,329,5529,1
val,1106,13,322,329,330,5530,1
val,1107,13,323,330,331,5531,1
val,1108,13,324,331,332,5532,1
val,1109,13,325,332,333,5533,1
val,1110,13,326,333,334,5534,1
val,1111,13,327,334,335,5535,1
val,1112,13,328,335,336,5536,1
val,1113,13,329,336,337,5537,1
val,1114,13,330,337,338,5538,1
val,1115,13,331,338,339,5539,1
val,1116,13,332,339,340,5540,1
val,1117,13,333,340,341,5541,1
val,1118,13,334,341,342,5542,1
val,1119,13,335,342,343,5543,1
val,1120,13,336,343,344,5544,1
val,1121,13,337,344,345,5545,1
val,1122,13,338,345,346,5546,1
val,1123,13,339,346,347,5547,1
val,1124,13,340,347,348,5548,1
val,1125,13,341,348,349,5549,1
val,1126,13,342,349,350,5550,1
val,1127,13,343,350,351,5551,1
val,1128,13,344,351,352,5552,1
val,1129,13,345,352,353,5553,1
val,1130,13,346,353,354,5554,1
val,1131,13,347,354,355,5555,1
val,1132,13,348,355,356,5556,1
val,1133,13,349,356,357,5557,1
val,1134,13,350,357,358,5558,1
val,1135,13,351,358,359,5559,1
val,1136,13,352,359,360,5560,1
val,1137,13,353,360,361,5561,1
val,1138,13,354,361,362,5562,1
val,1139,13,355,362,363,5563,1
val,1140,13,356,363,364,5564,1
val,1141,13,357,364,365,5565,1
val,1142,13,358,365,366,5566,1
val,1143,13,359,366,367,5567,1
val,1144,13,360,367,368,5568,1
val,1145,13,361,368,369,5569,1
val,1146,13,362,369,370,5570,1
val,1147,13,363,370,371,5571,1
val,1148,13,364,371,372,5572,1
val,1149,13,365,372,373,5573,1
val,1150,13,366,373,374,5574,1
val,1151,13,367,374,375,5575,1
val,1152,13,368,375,376,5576,1
val,1153,13,369,376,377,5577,1
val,1154,13,370,377,378,5578,1
val,1155,13,371,378,379,5579,1
val,1156,13,372,379,380,5580,1
val,1157,13,373,380,381,5581,1
val,1158,13,374,381,382,5582,1
val,1159,13,375,382,383,5583,1
val,1160,13,376,383,384,5584,1
val,1161,13,377,384,385,5585,1
val,1162,13,378,385,386,5586,1
val,1163,13,379,386,387,5587,1
val,1164,13,380,387,388,5588,1
val,1165,13,381,388,389,5589,1
val,1166,13,382,389,390,5590,1
val,1167,13,383,390,391,5591,1
val,1168,13,384,391,392,5592,1
val,1169,13,385,392,393,5593,1
val,1170,13,386,393,394,5594,1
val,1171,13,387,394,395,5595,1
val,1172,13,388,395,396,5596,1
val,1173,13,389,396,397,5597,1
val,1174,13,390,397,398,5598,1
val,1175,13,391,398,399,5599,1
test,0,0,0,7,8,8,0
test,1,0,1,8,9,9,0
test,2,0,2,9,10,10,0
test,3,0,3,10,11,11,0
test,4,0,4,11,12,12,0
test,5,0,5,12,13,13,0
test,6,0,6,13,14,14,0
test,7,0,7,14,15,15,0
test,8,0,8,15,16,16,0
test,9,0,9,16,17,17,0
test,10,0,10,17,18,18,0
test,11,0,11,18,19,19,0
test,12,0,12,19,20,20,0
test,13,0,13,20,21,21,0
test,14,0,14,21,22,22,0
test,15,0,15,22,23,23,0
test,16,0,16,23,24,24,0
test,17,0,17,24,25,25,0
test,18,0,18,25,26,26,0
test,19,0,19,26,27,27,0
test,20,0,20,27,28,28,0
test,21,0,21,28,29,29,0
test,22,0,22,29,30,30,0
test,23,0,23,30,31,31,0
test,24,0,24,31,32,32,0
test,25,0,25,32,33,33,0
test,26,0,26,33,34,34,0
test,27,0,27,34,35,35,0
test,28,0,28,35,36,36,0
test,29,0,29,36,37,37,0
test,30,0,30,37,38,38,0
test,31,0,31,38,39,39,0
test,32,0,32,39,40,40,0
test,33,0,33,40,41,41,0
test,34,0,34,41,42,42,0
test,35,0,35,42,43,43,0
test,36,0,36,43,44,44,0
test,37,0,37,44,45,45,0
test,38,0,38,45,46,46,0
test,39,0,39,46,47,47,0
test,40,0,40,47,48,48,0
test,41,0,41,48,49,49,0
test,42,0,42,49,50,50,0
test,43,0,43,50,51,51,0
test,44,0,44,51,52,52,0
test,45,0,45,52,53,53,0
test,46,0,46,53,54,54,0
test,47,0,47,54,55,55,0
test,48,0,48,55,56,56,0
test,49,0,49,56,57,57,0
test,50,0,50,57,58,58,0
test,51,0,51,58,59,59,0
test,52,0,52,59,60,60,0
test,53,0,53,60,61,61,0
test,54,0,54,61,62,62,0
test,55,0,55,62,63,63,0
test,56,0,56,63,64,64,0
test,57,0,57,64,65,65,0
test,58,0,58,65,66,66,0
test,59,0,59,66,67,67,0
test,60,0,60,67,68,68,0
test,61,0,61,68,69,69,0
test,62,0,62,69,70,70,0
test,63,0,63,70,71,71,0
test,64,0,64,71,72,72,0
test,65,0,65,72,73,73,0
test,66,0,66,73,74,74,0
test,67,0,67,74,75,75,0
test,68,0,68,75,76,76,0
test,69,0,69,76,77,77,0
test,70,0,70,77,78,78,0
test,71,0,71,78,79,79,0
test,72,0,72,79,80,80,0
test,73,0,73,80,81,81,0
test,74,0,74,81,82,82,0
test,75,0,75,82,83,83,0
test,76,0,76,83,84,84,0
test,77,0,77,84,85,85,0
test,78,0,78,85,86,86,0
test,79,0,79,86,87,87,0
test,80,0,80,87,88,88,0
test,81,0,81,88,89,89,0
test,82,0,82,89,90,90,0
test,83,0,83,90,91,91,0
test,84,0,84,91,92,92,0
test,85,0,85,92,93,93,0
test,86,0,86,93,94,94,0
test,87,0,87,94,95,95,0
test,88,0,88,95,96,96,0
test,89,0,89,96,97,97,0
test,90,0,90,97,98,98,0
test,91,0,91,98,99,99,0
test,92,0,92,99,100,100,0
test,93,0,93,100,101,101,0
test,94,0,94,101,102,102,0
test,95,0,95,102,103,103,0
test,96,0,96,103,104,104,0
test,97,0,97,104,105,105,0
test,98,0,98,105,106,106,0
test,99,0,99,106,107,107,0
test,100,0,100,107,108,108,0
test,101,0,101,108,109,109,0
test,102,0,102,109,110,110,0
test,103,0,103,110,111,111,0
test,104,0,104,111,112,112,0
test,105,0,105,112,113,113,0
test,106,0,106,113,114,114,0
test,107,0,107,114,115,115,0
test,108,0,108,115,116,116,0
test,109,0,109,116,117,117,0
test,110,0,110,117,118,118,0
test,111,0,111,118,119,119,0
test,112,0,112,119,120,120,0
test,113,0,113,120,121,121,0
test,114,0,114,121,122,122,0
test,115,0,115,122,123,123,0
test,116,0,116,123,124,124,0
test,117,0,117,124,125,125,0
test,118,0,118,125,126,126,0
test,119,0,119,126,127,127,0
test,120,0,120,127,128,128,0
test,121,0,121,128,129,129,0
test,122,0,122,129,130,130,0
test,123,0,123,130,131,131,0
test,124,0,124,131,132,132,0
test,125,0,125,132,133,133,0
test,126,0,126,133,134,134,0
test,127,0,127,134,135,135,0
test,128,0,128,135,136,136,0
test,129,0,129,136,137,137,0
test,130,0,130,137,138,138,0
test,131,0,131,138,139,139,0
test,132,0,132,139,140,140,0
test,133,0,133,140,141,141,0
test,134,0,134,141,142,142,0
test,135,0,135,142,143,143,0
test,136,0,136,143,144,144,0
test,137,0,137,144,145,145,0
test,138,0,138,145,146,146,0
test,139,0,139,146,147,147,0
test,140,0,140,147,148,148,0
test,141,0,141,148,149,149,0
test,142,0,142,149,150,150,0
test,143,0,143,150,151,151,0
test,144,0,144,151,152,152,0
test,145,0,145,152,153,153,0
test,146,0,146,153,154,154,0
test,147,0,147,154,155,155,0
test,148,0,148,155,156,156,0
test,149,0,149,156,157,157,0
test,150,0,150,157,158,158,0
test,151,0,151,158,159,159,0
test,152,0,152,159,160,160,0
test,153,0,153,160,161,161,0
test,154,0,154,161,162,162,0
test,155,0,155,162,163,163,0
test,156,0,156,163,164,164,0
test,157,0,157,164,165,165,0
test,158,0,158,165,166,166,0
test,159,0,159,166,167,167,0
test,160,0,160,167,168,168,0
test,161,0,161,168,169,169,0
test,162,0,162,169,170,170,0
test,163,0,163,170,171,171,0
test,164,0,164,171,172,172,0
test,165,0,165,172,173,173,0
test,166,0,166,173,174,174,0
test,167,0,167,174,175,175,0
test,168,0,168,175,176,176,0
test,169,0,169,176,177,177,0
test,170,0,170,177,178,178,0
test,171,0,171,178,179,179,0
test,172,0,172,179,180,180,0
test,173,0,173,180,181,181,0
test,174,0,174,181,182,182,0
test,175,0,175,182,183,183,0
test,176,0,176,183,184,184,0
test,177,0,177,184,185,185,0
test,178,0,178,185,186,186,0
test,179,0,179,186,187,187,0
test,180,0,180,187,188,188,0
test,181,0,181,188,189,189,0
test,182,0,182,189,190,190,0
test,183,0,183,190,191,191,0
test,184,0,184,191,192,192,0
test,185,0,185,192,193,193,0
test,186,0,186,193,194,194,0
test,187,0,187,194,195,195,0
test,188,0,188,195,196,196,0
test,189,0,189,196,197,197,0
test,190,0,190,197,198,198,0
test,191,0,191,198,199,199,0
test,192,0,192,199,200,200,0
test,193,0,193,200,201,201,0
test,194,0,194,201,202,202,0
test,195,0,195,202,203,203,0
test,196,0,196,203,204,204,0
test,197,0,197,204,205,205,0
test,198,0,198,205,206,206,0
test,199,0,199,206,207,207,0
test,200,0,200,207,208,208,0
test,201,0,201,208,209,209,0
test,202,0,202,209,210,210,0
test,203,0,203,210,211,211,1
test,204,0,204,211,212,212,0
test,205,0,205,212,213,213,0
test,206,0,206,213,214,214,0
test,207,0,207,214,215,215,1
test,208,0,208,215,216,216,0
test,209,0,209,216,217,217,0
test,210,0,210,217,218,218,0
test,211,0,211,218,219,219,0
test,212,0,212,219,220,220,0
test,213,0,213,220,221,221,0
test,214,0,214,221,222,222,0
test,215,0,215,222,223,223,0
test,216,0,216,223,224,224,1
test,217,0,217,224,225,225,0
test,218,0,218,225,226,226,0
test,219,0,219,226,227,227,0
test,220,0,220,227,228,228,0
test,221,0,221,228,229,229,0
test,222,0,222,229,230,230,0
test,223,0,223,230,231,231,0
test,224,0,224,231,232,232,0
test,225,0,225,232,233,233,0
test,226,0,226,233,234,234,0
test,227,0,227,234,235,235,0
test,228,0,228,235,236,236,0
test,229,0,229,236,237,237,0
test,230,0,230,237,238,238,0
test,231,0,231,238,239,239,0
test,232,0,232,239,240,240,0
test,233,0,233,240,241,241,0
test,234,0,234,241,242,242,0
test,235,0,235,242,243,243,0
test,236,0,236,243,244,244,0
test,237,0,237,244,245,245,0
test,238,0,238,245,246,246,0
test,239,0,239,246,247,247,0
test,240,0,240,247,248,248,0
test,241,0,241,248,249,249,0
test,242,0,242,249,250,250,0
test,243,0,243,250,251,251,0
test,244,0,244,251,252,252,0
test,245,0,245,252,253,253,0
test,246,0,246,253,254,254,0
test,247,0,247,254,255,255,0
test,248,0,248,255,256,256,0
test,249,0,249,256,257,257,0
test,250,0,250,257,258,258,0
test,251,0,251,258,259,259,0
test,252,0,252,259,260,260,0
test,253,0,253,260,261,261,0
test,254,0,254,261,262,262,0
test,255,0,255,262,263,263,0
test,256,0,256,263,264,264,0
test,257,0,257,264,265,265,0
test,258,0,258,265,266,266,0
test,259,0,259,266,267,267,0
test,260,0,260,267,268,268,0
test,261,0,261,268,269,269,0
test,262,0,262,269,270,270,0
test,263,0,263,270,271,271,0
test,264,0,264,271,272,272,0
test,265,0,265,272,273,273,0
test,266,0,266,273,274,274,0
test,267,0,267,274,275,275,0
test,268,0,268,275,276,276,0
test,269,0,269,276,277,277,0
test,270,0,270,277,278,278,0
test,271,0,271,278,279,279,0
test,272,0,272,279,280,280,0
test,273,0,273,280,281,281,0
test,274,0,274,281,282,282,0
test,275,0,275,282,283,283,0
test,276,0,276,283,284,284,0
test,277,0,277,284,285,285,0
test,278,0,278,285,286,286,0
test,279,0,279,286,287,287,1
test,280,0,280,287,288,288,0
test,281,0,281,288,289,289,0
test,282,0,282,289,290,290,0
test,283,0,283,290,291,291,0
test,284,0,284,291,292,292,0
test,285,0,285,292,293,293,0
test,286,0,286,293,294,294,0
test,287,0,287,294,295,295,0
test,288,0,288,295,296,296,0
test,289,0,289,296,297,297,0
test,290,0,290,297,298,298,0
test,291,0,291,298,299,299,0
test,292,0,292,299,300,300,0
test,293,0,293,300,301,301,0
test,294,0,294,301,302,302,0
test,295,0,295,302,303,303,0
test,296,0,296,303,304,304,0
test,297,0,297,304,305,305,0
test,298,0,298,305,306,306,0
test,299,0,299,306,307,307,0
test,300,0,300,307,308,308,0
test,301,0,301,308,309,309,0
test,302,0,302,309,310,310,0
test,303,0,303,310,311,311,0
test,304,0,304,311,312,312,0
test,305,0,305,312,313,313,0
test,306,0,306,313,314,314,0
test,307,0,307,314,315,315,0
test,308,0,308,315,316,316,0
test,309,0,309,316,317,317,0
test,310,0,310,317,318,318,0
test,311,0,311,318,319,319,0
test,312,0,312,319,320,320,0
test,313,0,313,320,321,321,0
test,314,0,314,321,322,322,0
test,315,0,315,322,323,323,0
test,316,0,316,323,324,324,0
test,317,0,317,324,325,325,0
test,318,0,318,325,326,326,0
test,319,0,319,326,327,327,0
test,320,0,320,327,328,328,0
test,321,0,321,328,329,329,0
test,322,0,322,329,330,330,0
test,323,0,323,330,331,331,0
test,324,0,324,331,332,332,0
test,325,0,325,332,333,333,1
test,326,0,326,333,334,334,0
test,327,0,327,334,335,335,0
test,328,0,328,335,336,336,0
test,329,0,329,336,337,337,0
test,330,0,330,337,338,338,1
test,331,0,331,338,339,339,0
test,332,0,332,339,340,340,0
test,333,0,333,340,341,341,1
test,334,0,334,341,342,342,1
test,335,0,335,342,343,343,0
test,336,0,336,343,344,344,0
test,337,0,337,344,345,345,1
test,338,0,338,345,346,346,0
test,339,0,339,346,347,347,1
test,340,0,340,347,348,348,1
test,341,0,341,348,349,349,0
test,342,0,342,349,350,350,0
test,343,0,343,350,351,351,0
test,344,0,344,351,352,352,0
test,345,0,345,352,353,353,1
test,346,0,346,353,354,354,1
test,347,0,347,354,355,355,0
test,348,0,348,355,356,356,1
test,349,0,349,356,357,357,1
test,350,0,350,357,358,358,0
test,351,0,351,358,359,359,1
test,352,0,352,359,360,360,0
test,353,0,353,360,361,361,0
test,354,0,354,361,362,362,0
test,355,0,355,362,363,363,0
test,356,0,356,363,364,364,0
test,357,0,357,364,365,365,0
test,358,0,358,365,366,366,0
test,359,0,359,366,367,367,1
test,360,0,360,367,368,368,0
test,361,0,361,368,369,369,0
test,362,0,362,369,370,370,1
test,363,0,363,370,371,371,1
test,364,0,364,371,372,372,1
test,365,0,365,372,373,373,0
test,366,0,366,373,374,374,1
test,367,0,367,374,375,375,0
test,368,0,368,375,376,376,1
test,369,0,369,376,377,377,0
test,370,0,370,377,378,378,1
test,371,0,371,378,379,379,0
test,372,0,372,379,380,380,0
test,373,0,373,380,381,381,1
test,374,0,374,381,382,382,0
test,375,0,375,382,383,383,0
test,376,0,376,383,384,384,0
test,377,0,377,384,385,385,1
test,378,0,378,385,386,386,1
test,379,0,379,386,387,387,1
test,380,0,380,387,388,388,1
test,381,0,381,388,389,389,1
test,382,0,382,389,390,390,0
test,383,0,383,390,391,391,1
test,384,0,384,391,392,392,1
test,385,0,385,392,393,393,0
test,386,0,386,393,394,394,0
test,387,0,387,394,395,395,1
test,388,0,388,395,396,396,1
test,389,0,389,396,397,397,1
test,390,0,390,397,398,398,1
test,391,0,391,398,399,399,1
test,392,9,0,7,8,3608,0
test,393,9,1,8,9,3609,0
test,394,9,2,9,10,3610,0
test,395,9,3,10,11,3611,0
test,396,9,4,11,12,3612,0
test,397,9,5,12,13,3613,0
test,398,9,6,13,14,3614,0
test,399,9,7,14,15,3615,0
test,400,9,8,15,16,3616,0
test,401,9,9,16,17,3617,0
test,402,9,10,17,18,3618,1
test,403,9,11,18,19,3619,0
test,404,9,12,19,20,3620,0
test,405,9,13,20,21,3621,0
test,406,9,14,21,22,3622,0
test,407,9,15,22,23,3623,0
test,408,9,16,23,24,3624,0
test,409,9,17,24,25,3625,0
test,410,9,18,25,26,3626,0
test,411,9,19,26,27,3627,0
test,412,9,20,27,28,3628,1
test,413,9,21,28,29,3629,0
test,414,9,22,29,30,3630,0
test,415,9,23,30,31,3631,0
test,416,9,24,31,32,3632,0
test,417,9,25,32,33,3633,0
test,418,9,26,33,34,3634,0
test,419,9,27,34,35,3635,1
test,420,9,28,35,36,3636,1
test,421,9,29,36,37,3637,0
test,422,9,30,37,38,3638,1
test,423,9,31,38,39,3639,1
test,424,9,32,39,40,3640,0
test,425,9,33,40,41,3641,0
test,426,9,34,41,42,3642,0
test,427,9,35,42,43,3643,0
test,428,9,36,43,44,3644,0
test,429,9,37,44,45,3645,0
test,430,9,38,45,46,3646,0
test,431,9,39,46,47,3647,0
test,432,9,40,47,48,3648,0
test,433,9,41,48,49,3649,1
test,434,9,42,49,50,3650,1
test,435,9,43,50,51,3651,1
test,436,9,44,51,52,3652,0
test,437,9,45,52,53,3653,0
test,438,9,46,53,54,3654,1
test,439,9,47,54,55,3655,0
test,440,9,48,55,56,3656,0
test,441,9,49,56,57,3657,0
test,442,9,50,57,58,3658,0
test,443,9,51,58,59,3659,0
test,444,9,52,59,60,3660,1
test,445,9,53,60,61,3661,1
test,446,9,54,61,62,3662,0
test,447,9,55,62,63,3663,1
test,448,9,56,63,64,3664,0
test,449,9,57,64,65,3665,1
test,450,9,58,65,66,3666,1
test,451,9,59,66,67,3667,1
test,452,9,60,67,68,3668,1
test,453,9,61,68,69,3669,1
test,454,9,62,69,70,3670,1
test,455,9,63,70,71,3671,1
test,456,9,64,71,72,3672,0
test,457,9,65,72,73,3673,1
test,458,9,66,73,74,3674,1
test,459,9,67,74,75,3675,1
test,460,9,68,75,76,3676,1
test,461,9,69,76,77,3677,1
test,462,9,70,77,78,3678,1
test,463,9,71,78,79,3679,1
test,464,9,72,79,80,3680,1
test,465,9,73,80,81,3681,1
test,466,9,74,81,82,3682,1
test,467,9,75,82,83,3683,1
test,468,9,76,83,84,3684,1
test,469,9,77,84,85,3685,1
test,470,9,78,85,86,3686,1
test,471,9,79,86,87,3687,1
test,472,9,80,87,88,3688,1
test,473,9,81,88,89,3689,1
test,474,9,82,89,90,3690,0
test,475,9,83,90,91,3691,1
test,476,9,84,91,92,3692,0
test,477,9,85,92,93,3693,1
test,478,9,86,93,94,3694,1
test,479,9,87,94,95,3695,1
test,480,9,88,95,96,3696,1
test,481,9,89,96,97,3697,1
test,482,9,90,97,98,3698,1
test,483,9,91,98,99,3699,0
test,484,9,92,99,100,3700,1
test,485,9,93,100,101,3701,1
test,486,9,94,101,102,3702,1
test,487,9,95,102,103,3703,1
test,488,9,96,103,104,3704,1
test,489,9,97,104,105,3705,1
test,490,9,98,105,106,3706,1
test,491,9,99,106,107,3707,1
test,492,9,100,107,108,3708,1
test,493,9,101,108,109,3709,1
test,494,9,102,109,110,3710,1
test,495,9,103,110,111,3711,1
test,496,9,104,111,112,3712,1
test,497,9,105,112,113,3713,1
test,498,9,106,113,114,3714,1
test,499,9,107,114,115,3715,1
test,500,9,108,115,116,3716,1
test,501,9,109,116,117,3717,1
test,502,9,110,117,118,3718,1
test,503,9,111,118,119,3719,1
test,504,9,112,119,120,3720,1
test,505,9,113,120,121,3721,1
test,506,9,114,121,122,3722,1
test,507,9,115,122,123,3723,1
test,508,9,116,123,124,3724,1
test,509,9,117,124,125,3725,1
test,510,9,118,125,126,3726,1
test,511,9,119,126,127,3727,1
test,512,9,120,127,128,3728,1
test,513,9,121,128,129,3729,1
test,514,9,122,129,130,3730,1
test,515,9,123,130,131,3731,1
test,516,9,124,131,132,3732,1
test,517,9,125,132,133,3733,1
test,518,9,126,133,134,3734,1
test,519,9,127,134,135,3735,1
test,520,9,128,135,136,3736,1
test,521,9,129,136,137,3737,1
test,522,9,130,137,138,3738,1
test,523,9,131,138,139,3739,1
test,524,9,132,139,140,3740,1
test,525,9,133,140,141,3741,1
test,526,9,134,141,142,3742,1
test,527,9,135,142,143,3743,1
test,528,9,136,143,144,3744,1
test,529,9,137,144,145,3745,1
test,530,9,138,145,146,3746,1
test,531,9,139,146,147,3747,1
test,532,9,140,147,148,3748,1
test,533,9,141,148,149,3749,1
test,534,9,142,149,150,3750,1
test,535,9,143,150,151,3751,1
test,536,9,144,151,152,3752,1
test,537,9,145,152,153,3753,1
test,538,9,146,153,154,3754,1
test,539,9,147,154,155,3755,1
test,540,9,148,155,156,3756,1
test,541,9,149,156,157,3757,1
test,542,9,150,157,158,3758,1
test,543,9,151,158,159,3759,1
test,544,9,152,159,160,3760,1
test,545,9,153,160,161,3761,1
test,546,9,154,161,162,3762,1
test,547,9,155,162,163,3763,1
test,548,9,156,163,164,3764,1
test,549,9,157,164,165,3765,1
test,550,9,158,165,166,3766,1
test,551,9,159,166,167,3767,1
test,552,9,160,167,168,3768,1
test,553,9,161,168,169,3769,1
test,554,9,162,169,170,3770,1
test,555,9,163,170,171,3771,1
test,556,9,164,171,172,3772,1
test,557,9,165,172,173,3773,1
test,558,9,166,173,174,3774,1
test,559,9,167,174,175,3775,1
test,560,9,168,175,176,3776,1
test,561,9,169,176,177,3777,1
test,562,9,170,177,178,3778,1
test,563,9,171,178,179,3779,1
test,564,9,172,179,180,3780,1
test,565,9,173,180,181,3781,1
test,566,9,174,181,182,3782,1
test,567,9,175,182,183,3783,1
test,568,9,176,183,184,3784,1
test,569,9,177,184,185,3785,1
test,570,9,178,185,186,3786,1
test,571,9,179,186,187,3787,1
test,572,9,180,187,188,3788,1
test,573,9,181,188,189,3789,1
test,574,9,182,189,190,3790,1
test,575,9,183,190,191,3791,1
test,576,9,184,191,192,3792,1
test,577,9,185,192,193,3793,1
test,578,9,186,193,194,3794,1
test,579,9,187,194,195,3795,1
test,580,9,188,195,196,3796,1
test,581,9,189,196,197,3797,1
test,582,9,190,197,198,3798,1
test,583,9,191,198,199,3799,1
test,584,9,192,199,200,3800,1
test,585,9,193,200,201,3801,1
test,586,9,194,201,202,3802,1
test,587,9,195,202,203,3803,1
test,588,9,196,203,204,3804,1
test,589,9,197,204,205,3805,1
test,590,9,198,205,206,3806,1
test,591,9,199,206,207,3807,1
test,592,9,200,207,208,3808,1
test,593,9,201,208,209,3809,1
test,594,9,202,209,210,3810,1
test,595,9,203,210,211,3811,1
test,596,9,204,211,212,3812,1
test,597,9,205,212,213,3813,1
test,598,9,206,213,214,3814,1
test,599,9,207,214,215,3815,1
test,600,9,208,215,216,3816,1
test,601,9,209,216,217,3817,1
test,602,9,210,217,218,3818,1
test,603,9,211,218,219,3819,1
test,604,9,212,219,220,3820,1
test,605,9,213,220,221,3821,1
test,606,9,214,221,222,3822,1
test,607,9,215,222,223,3823,1
test,608,9,216,223,224,3824,1
test,609,9,217,224,225,3825,1
test,610,9,218,225,226,3826,1
test,611,9,219,226,227,3827,1
test,612,9,220,227,228,3828,1
test,613,9,221,228,229,3829,1
test,614,9,222,229,230,3830,1
test,615,9,223,230,231,3831,1
test,616,9,224,231,232,3832,1
test,617,9,225,232,233,3833,1
test,618,9,226,233,234,3834,1
test,619,9,227,234,235,3835,1
test,620,9,228,235,236,3836,1
test,621,9,229,236,237,3837,1
test,622,9,230,237,238,3838,1
test,623,9,231,238,239,3839,1
test,624,9,232,239,240,3840,1
test,625,9,233,240,241,3841,1
test,626,9,234,241,242,3842,1
test,627,9,235,242,243,3843,1
test,628,9,236,243,244,3844,1
test,629,9,237,244,245,3845,1
test,630,9,238,245,246,3846,1
test,631,9,239,246,247,3847,1
test,632,9,240,247,248,3848,1
test,633,9,241,248,249,3849,1
test,634,9,242,249,250,3850,1
test,635,9,243,250,251,3851,1
test,636,9,244,251,252,3852,1
test,637,9,245,252,253,3853,1
test,638,9,246,253,254,3854,1
test,639,9,247,254,255,3855,1
test,640,9,248,255,256,3856,1
test,641,9,249,256,257,3857,1
test,642,9,250,257,258,3858,1
test,643,9,251,258,259,3859,1
test,644,9,252,259,260,3860,1
test,645,9,253,260,261,3861,1
test,646,9,254,261,262,3862,1
test,647,9,255,262,263,3863,1
test,648,9,256,263,264,3864,1
test,649,9,257,264,265,3865,1
test,650,9,258,265,266,3866,1
test,651,9,259,266,267,3867,1
test,652,9,260,267,268,3868,1
test,653,9,261,268,269,3869,1
test,654,9,262,269,270,3870,1
test,655,9,263,270,271,3871,1
test,656,9,264,271,272,3872,1
test,657,9,265,272,273,3873,1
test,658,9,266,273,274,3874,1
test,659,9,267,274,275,3875,1
test,660,9,268,275,276,3876,1
test,661,9,269,276,277,3877,1
test,662,9,270,277,278,3878,1
test,663,9,271,278,279,3879,1
test,664,9,272,279,280,3880,1
test,665,9,273,280,281,3881,1
test,666,9,274,281,282,3882,1
test,667,9,275,282,283,3883,1
test,668,9,276,283,284,3884,1
test,669,9,277,284,285,3885,1
test,670,9,278,285,286,3886,1
test,671,9,279,286,287,3887,1
test,672,9,280,287,288,3888,1
test,673,9,281,288,289,3889,1
test,674,9,282,289,290,3890,1
test,675,9,283,290,291,3891,1
test,676,9,284,291,292,3892,1
test,677,9,285,292,293,3893,1
test,678,9,286,293,294,3894,1
test,679,9,287,294,295,3895,1
test,680,9,288,295,296,3896,1
test,681,9,289,296,297,3897,1
test,682,9,290,297,298,3898,1
test,683,9,291,298,299,3899,1
test,684,9,292,299,300,3900,1
test,685,9,293,300,301,3901,1
test,686,9,294,301,302,3902,1
test,687,9,295,302,303,3903,1
test,688,9,296,303,304,3904,1
test,689,9,297,304,305,3905,1
test,690,9,298,305,306,3906,1
test,691,9,299,306,307,3907,1
test,692,9,300,307,308,3908,1
test,693,9,301,308,309,3909,1
test,694,9,302,309,310,3910,1
test,695,9,303,310,311,3911,1
test,696,9,304,311,312,3912,1
test,697,9,305,312,313,3913,1
test,698,9,306,313,314,3914,1
test,699,9,307,314,315,3915,1
test,700,9,308,315,316,3916,1
test,701,9,309,316,317,3917,1
test,702,9,310,317,318,3918,1
test,703,9,311,318,319,3919,1
test,704,9,312,319,320,3920,1
test,705,9,313,320,321,3921,1
test,706,9,314,321,322,3922,1
test,707,9,315,322,323,3923,1
test,708,9,316,323,324,3924,1
test,709,9,317,324,325,3925,1
test,710,9,318,325,326,3926,1
test,711,9,319,326,327,3927,1
test,712,9,320,327,328,3928,1
test,713,9,321,328,329,3929,1
test,714,9,322,329,330,3930,1
test,715,9,323,330,331,3931,1
test,716,9,324,331,332,3932,1
test,717,9,325,332,333,3933,1
test,718,9,326,333,334,3934,1
test,719,9,327,334,335,3935,1
test,720,9,328,335,336,3936,1
test,721,9,329,336,337,3937,1
test,722,9,330,337,338,3938,1
test,723,9,331,338,339,3939,1
test,724,9,332,339,340,3940,1
test,725,9,333,340,341,3941,1
test,726,9,334,341,342,3942,1
test,727,9,335,342,343,3943,1
test,728,9,336,343,344,3944,1
test,729,9,337,344,345,3945,1
test,730,9,338,345,346,3946,1
test,731,9,339,346,347,3947,1
test,732,9,340,347,348,3948,1
test,733,9,341,348,349,3949,1
test,734,9,342,349,350,3950,1
test,735,9,343,350,351,3951,1
test,736,9,344,351,352,3952,1
test,737,9,345,352,353,3953,1
test,738,9,346,353,354,3954,1
test,739,9,347,354,355,3955,1
test,740,9,348,355,356,3956,1
test,741,9,349,356,357,3957,1
test,742,9,350,357,358,3958,1
test,743,9,351,358,359,3959,1
test,744,9,352,359,360,3960,1
test,745,9,353,360,361,3961,1
test,746,9,354,361,362,3962,1
test,747,9,355,362,363,3963,1
test,748,9,356,363,364,3964,1
test,749,9,357,364,365,3965,1
test,750,9,358,365,366,3966,1
test,751,9,359,366,367,3967,1
test,752,9,360,367,368,3968,1
test,753,9,361,368,369,3969,1
test,754,9,362,369,370,3970,1
test,755,9,363,370,371,3971,1
test,756,9,364,371,372,3972,1
test,757,9,365,372,373,3973,1
test,758,9,366,373,374,3974,1
test,759,9,367,374,375,3975,1
test,760,9,368,375,376,3976,1
test,761,9,369,376,377,3977,1
test,762,9,370,377,378,3978,1
test,763,9,371,378,379,3979,1
test,764,9,372,379,380,3980,1
test,765,9,373,380,381,3981,1
test,766,9,374,381,382,3982,1
test,767,9,375,382,383,3983,1
test,768,9,376,383,384,3984,1
test,769,9,377,384,385,3985,1
test,770,9,378,385,386,3986,1
test,771,9,379,386,387,3987,1
test,772,9,380,387,388,3988,1
test,773,9,381,388,389,3989,1
test,774,9,382,389,390,3990,1
test,775,9,383,390,391,3991,1
test,776,9,384,391,392,3992,1
test,777,9,385,392,393,3993,1
test,778,9,386,393,394,3994,1
test,779,9,387,394,395,3995,1
test,780,9,388,395,396,3996,1
test,781,9,389,396,397,3997,1
test,782,9,390,397,398,3998,1
test,783,9,391,398,399,3999,1
test,784,11,0,7,8,4408,1
test,785,11,1,8,9,4409,0
test,786,11,2,9,10,4410,0
test,787,11,3,10,11,4411,0
test,788,11,4,11,12,4412,0
test,789,11,5,12,13,4413,0
test,790,11,6,13,14,4414,0
test,791,11,7,14,15,4415,0
test,792,11,8,15,16,4416,0
test,793,11,9,16,17,4417,1
test,794,11,10,17,18,4418,0
test,795,11,11,18,19,4419,0
test,796,11,12,19,20,4420,0
test,797,11,13,20,21,4421,0
test,798,11,14,21,22,4422,0
test,799,11,15,22,23,4423,0
test,800,11,16,23,24,4424,0
test,801,11,17,24,25,4425,0
test,802,11,18,25,26,4426,0
test,803,11,19,26,27,4427,0
test,804,11,20,27,28,4428,0
test,805,11,21,28,29,4429,0
test,806,11,22,29,30,4430,0
test,807,11,23,30,31,4431,0
test,808,11,24,31,32,4432,0
test,809,11,25,32,33,4433,0
test,810,11,26,33,34,4434,0
test,811,11,27,34,35,4435,0
test,812,11,28,35,36,4436,0
test,813,11,29,36,37,4437,0
test,814,11,30,37,38,4438,0
test,815,11,31,38,39,4439,0
test,816,11,32,39,40,4440,0
test,817,11,33,40,41,4441,0
test,818,11,34,41,42,4442,0
test,819,11,35,42,43,4443,0
test,820,11,36,43,44,4444,0
test,821,11,37,44,45,4445,0
test,822,11,38,45,46,4446,0
test,823,11,39,46,47,4447,0
test,824,11,40,47,48,4448,0
test,825,11,41,48,49,4449,0
test,826,11,42,49,50,4450,0
test,827,11,43,50,51,4451,0
test,828,11,44,51,52,4452,0
test,829,11,45,52,53,4453,0
test,830,11,46,53,54,4454,0
test,831,11,47,54,55,4455,0
test,832,11,48,55,56,4456,0
test,833,11,49,56,57,4457,0
test,834,11,50,57,58,4458,0
test,835,11,51,58,59,4459,0
test,836,11,52,59,60,4460,0
test,837,11,53,60,61,4461,0
test,838,11,54,61,62,4462,0
test,839,11,55,62,63,4463,0
test,840,11,56,63,64,4464,1
test,841,11,57,64,65,4465,0
test,842,11,58,65,66,4466,0
test,843,11,59,66,67,4467,0
test,844,11,60,67,68,4468,0
test,845,11,61,68,69,4469,0
test,846,11,62,69,70,4470,0
test,847,11,63,70,71,4471,0
test,848,11,64,71,72,4472,0
test,849,11,65,72,73,4473,0
test,850,11,66,73,74,4474,0
test,851,11,67,74,75,4475,0
test,852,11,68,75,76,4476,0
test,853,11,69,76,77,4477,0
test,854,11,70,77,78,4478,0
test,855,11,71,78,79,4479,0
test,856,11,72,79,80,4480,0
test,857,11,73,80,81,4481,0
test,858,11,74,81,82,4482,0
test,859,11,75,82,83,4483,0
test,860,11,76,83,84,4484,0
test,861,11,77,84,85,4485,0
test,862,11,78,85,86,4486,0
test,863,11,79,86,87,4487,0
test,864,11,80,87,88,4488,0
test,865,11,81,88,89,4489,0
test,866,11,82,89,90,4490,0
test,867,11,83,90,91,4491,0
test,868,11,84,91,92,4492,0
test,869,11,85,92,93,4493,0
test,870,11,86,93,94,4494,0
test,871,11,87,94,95,4495,0
test,872,11,88,95,96,4496,0
test,873,11,89,96,97,4497,0
test,874,11,90,97,98,4498,1
test,875,11,91,98,99,4499,1
test,876,11,92,99,100,4500,0
test,877,11,93,100,101,4501,0
test,878,11,94,101,102,4502,0
test,879,11,95,102,103,4503,0
test,880,11,96,103,104,4504,0
test,881,11,97,104,105,4505,0
test,882,11,98,105,106,4506,0
test,883,11,99,106,107,4507,0
test,884,11,100,107,108,4508,0
test,885,11,101,108,109,4509,0
test,886,11,102,109,110,4510,1
test,887,11,103,110,111,4511,1
test,888,11,104,111,112,4512,0
test,889,11,105,112,113,4513,0
test,890,11,106,113,114,4514,1
test,891,11,107,114,115,4515,0
test,892,11,108,115,116,4516,0
test,893,11,109,116,117,4517,1
test,894,11,110,117,118,4518,0
test,895,11,111,118,119,4519,0
test,896,11,112,119,120,4520,1
test,897,11,113,120,121,4521,0
test,898,11,114,121,122,4522,1
test,899,11,115,122,123,4523,0
test,900,11,116,123,124,4524,0
test,901,11,117,124,125,4525,0
test,902,11,118,125,126,4526,0
test,903,11,119,126,127,4527,0
test,904,11,120,127,128,4528,1
test,905,11,121,128,129,4529,1
test,906,11,122,129,130,4530,0
test,907,11,123,130,131,4531,0
test,908,11,124,131,132,4532,1
test,909,11,125,132,133,4533,1
test,910,11,126,133,134,4534,0
test,911,11,127,134,135,4535,0
test,912,11,128,135,136,4536,0
test,913,11,129,136,137,4537,0
test,914,11,130,137,138,4538,1
test,915,11,131,138,139,4539,1
test,916,11,132,139,140,4540,0
test,917,11,133,140,141,4541,1
test,918,11,134,141,142,4542,1
test,919,11,135,142,143,4543,0
test,920,11,136,143,144,4544,0
test,921,11,137,144,145,4545,0
test,922,11,138,145,146,4546,0
test,923,11,139,146,147,4547,1
test,924,11,140,147,148,4548,1
test,925,11,141,148,149,4549,1
test,926,11,142,149,150,4550,0
test,927,11,143,150,151,4551,0
test,928,11,144,151,152,4552,1
test,929,11,145,152,153,4553,1
test,930,11,146,153,154,4554,1
test,931,11,147,154,155,4555,1
test,932,11,148,155,156,4556,1
test,933,11,149,156,157,4557,1
test,934,11,150,157,158,4558,1
test,935,11,151,158,159,4559,1
test,936,11,152,159,160,4560,1
test,937,11,153,160,161,4561,1
test,938,11,154,161,162,4562,1
test,939,11,155,162,163,4563,1
test,940,11,156,163,164,4564,1
test,941,11,157,164,165,4565,1
test,942,11,158,165,166,4566,1
test,943,11,159,166,167,4567,1
test,944,11,160,167,168,4568,1
test,945,11,161,168,169,4569,1
test,946,11,162,169,170,4570,1
test,947,11,163,170,171,4571,1
test,948,11,164,171,172,4572,0
test,949,11,165,172,173,4573,1
test,950,11,166,173,174,4574,1
test,951,11,167,174,175,4575,1
test,952,11,168,175,176,4576,1
test,953,11,169,176,177,4577,1
test,954,11,170,177,178,4578,1
test,955,11,171,178,179,4579,1
test,956,11,172,179,180,4580,1
test,957,11,173,180,181,4581,1
test,958,11,174,181,182,4582,1
test,959,11,175,182,183,4583,0
test,960,11,176,183,184,4584,1
test,961,11,177,184,185,4585,1
test,962,11,178,185,186,4586,1
test,963,11,179,186,187,4587,1
test,964,11,180,187,188,4588,1
test,965,11,181,188,189,4589,1
test,966,11,182,189,190,4590,1
test,967,11,183,190,191,4591,1
test,968,11,184,191,192,4592,0
test,969,11,185,192,193,4593,1
test,970,11,186,193,194,4594,1
test,971,11,187,194,195,4595,0
test,972,11,188,195,196,4596,1
test,973,11,189,196,197,4597,1
test,974,11,190,197,198,4598,1
test,975,11,191,198,199,4599,1
test,976,11,192,199,200,4600,1
test,977,11,193,200,201,4601,1
test,978,11,194,201,202,4602,1
test,979,11,195,202,203,4603,1
test,980,11,196,203,204,4604,1
test,981,11,197,204,205,4605,1
test,982,11,198,205,206,4606,1
test,983,11,199,206,207,4607,1
test,984,11,200,207,208,4608,1
test,985,11,201,208,209,4609,1
test,986,11,202,209,210,4610,1
test,987,11,203,210,211,4611,1
test,988,11,204,211,212,4612,1
test,989,11,205,212,213,4613,1
test,990,11,206,213,214,4614,1
test,991,11,207,214,215,4615,1
test,992,11,208,215,216,4616,1
test,993,11,209,216,217,4617,1
test,994,11,210,217,218,4618,1
test,995,11,211,218,219,4619,1
test,996,11,212,219,220,4620,1
test,997,11,213,220,221,4621,1
test,998,11,214,221,222,4622,1
test,999,11,215,222,223,4623,1
test,1000,11,216,223,224,4624,1
test,1001,11,217,224,225,4625,1
test,1002,11,218,225,226,4626,1
test,1003,11,219,226,227,4627,1
test,1004,11,220,227,228,4628,1
test,1005,11,221,228,229,4629,1
test,1006,11,222,229,230,4630,1
test,1007,11,223,230,231,4631,1
test,1008,11,224,231,232,4632,1
test,1009,11,225,232,233,4633,1
test,1010,11,226,233,234,4634,1
test,1011,11,227,234,235,4635,1
test,1012,11,228,235,236,4636,1
test,1013,11,229,236,237,4637,1
test,1014,11,230,237,238,4638,1
test,1015,11,231,238,239,4639,1
test,1016,11,232,239,240,4640,1
test,1017,11,233,240,241,4641,1
test,1018,11,234,241,242,4642,1
test,1019,11,235,242,243,4643,1
test,1020,11,236,243,244,4644,1
test,1021,11,237,244,245,4645,1
test,1022,11,238,245,246,4646,1
test,1023,11,239,246,247,4647,1
test,1024,11,240,247,248,4648,1
test,1025,11,241,248,249,4649,1
test,1026,11,242,249,250,4650,1
test,1027,11,243,250,251,4651,1
test,1028,11,244,251,252,4652,1
test,1029,11,245,252,253,4653,1
test,1030,11,246,253,254,4654,1
test,1031,11,247,254,255,4655,1
test,1032,11,248,255,256,4656,1
test,1033,11,249,256,257,4657,1
test,1034,11,250,257,258,4658,1
test,1035,11,251,258,259,4659,1
test,1036,11,252,259,260,4660,1
test,1037,11,253,260,261,4661,1
test,1038,11,254,261,262,4662,1
test,1039,11,255,262,263,4663,1
test,1040,11,256,263,264,4664,1
test,1041,11,257,264,265,4665,1
test,1042,11,258,265,266,4666,1
test,1043,11,259,266,267,4667,1
test,1044,11,260,267,268,4668,1
test,1045,11,261,268,269,4669,1
test,1046,11,262,269,270,4670,1
test,1047,11,263,270,271,4671,1
test,1048,11,264,271,272,4672,1
test,1049,11,265,272,273,4673,1
test,1050,11,266,273,274,4674,1
test,1051,11,267,274,275,4675,1
test,1052,11,268,275,276,4676,1
test,1053,11,269,276,277,4677,1
test,1054,11,270,277,278,4678,1
test,1055,11,271,278,279,4679,1
test,1056,11,272,279,280,4680,1
test,1057,11,273,280,281,4681,1
test,1058,11,274,281,282,4682,1
test,1059,11,275,282,283,4683,1
test,1060,11,276,283,284,4684,1
test,1061,11,277,284,285,4685,1
test,1062,11,278,285,286,4686,1
test,1063,11,279,286,287,4687,1
test,1064,11,280,287,288,4688,1
test,1065,11,281,288,289,4689,1
test,1066,11,282,289,290,4690,1
test,1067,11,283,290,291,4691,1
test,1068,11,284,291,292,4692,1
test,1069,11,285,292,293,4693,1
test,1070,11,286,293,294,4694,1
test,1071,11,287,294,295,4695,1
test,1072,11,288,295,296,4696,1
test,1073,11,289,296,297,4697,1
test,1074,11,290,297,298,4698,1
test,1075,11,291,298,299,4699,1
test,1076,11,292,299,300,4700,1
test,1077,11,293,300,301,4701,1
test,1078,11,294,301,302,4702,1
test,1079,11,295,302,303,4703,1
test,1080,11,296,303,304,4704,1
test,1081,11,297,304,305,4705,1
test,1082,11,298,305,306,4706,1
test,1083,11,299,306,307,4707,1
test,1084,11,300,307,308,4708,1
test,1085,11,301,308,309,4709,1
test,1086,11,302,309,310,4710,1
test,1087,11,303,310,311,4711,1
test,1088,11,304,311,312,4712,1
test,1089,11,305,312,313,4713,1
test,1090,11,306,313,314,4714,1
test,1091,11,307,314,315,4715,1
test,1092,11,308,315,316,4716,1
test,1093,11,309,316,317,4717,1
test,1094,11,310,317,318,4718,1
test,1095,11,311,318,319,4719,1
test,1096,11,312,319,320,4720,1
test,1097,11,313,320,321,4721,1
test,1098,11,314,321,322,4722,1
test,1099,11,315,322,323,4723,1
test,1100,11,316,323,324,4724,1
test,1101,11,317,324,325,4725,1
test,1102,11,318,325,326,4726,1
test,1103,11,319,326,327,4727,1
test,1104,11,320,327,328,4728,1
test,1105,11,321,328,329,4729,1
test,1106,11,322,329,330,4730,1
test,1107,11,323,330,331,4731,1
test,1108,11,324,331,332,4732,1
test,1109,11,325,332,333,4733,1
test,1110,11,326,333,334,4734,1
test,1111,11,327,334,335,4735,1
test,1112,11,328,335,336,4736,1
test,1113,11,329,336,337,4737,1
test,1114,11,330,337,338,4738,1
test,1115,11,331,338,339,4739,1
test,1116,11,332,339,340,4740,1
test,1117,11,333,340,341,4741,1
test,1118,11,334,341,342,4742,1
test,1119,11,335,342,343,4743,1
test,1120,11,336,343,344,4744,1
test,1121,11,337,344,345,4745,1
test,1122,11,338,345,346,4746,1
test,1123,11,339,346,347,4747,1
test,1124,11,340,347,348,4748,1
test,1125,11,341,348,349,4749,1
test,1126,11,342,349,350,4750,1
test,1127,11,343,350,351,4751,1
test,1128,11,344,351,352,4752,1
test,1129,11,345,352,353,4753,1
test,1130,11,346,353,354,4754,1
test,1131,11,347,354,355,4755,1
test,1132,11,348,355,356,4756,1
test,1133,11,349,356,357,4757,1
test,1134,11,350,357,358,4758,1
test,1135,11,351,358,359,4759,1
test,1136,11,352,359,360,4760,1
test,1137,11,353,360,361,4761,1
test,1138,11,354,361,362,4762,1
test,1139,11,355,362,363,4763,1
test,1140,11,356,363,364,4764,1
test,1141,11,357,364,365,4765,1
test,1142,11,358,365,366,4766,1
test,1143,11,359,366,367,4767,1
test,1144,11,360,367,368,4768,1
test,1145,11,361,368,369,4769,1
test,1146,11,362,369,370,4770,1
test,1147,11,363,370,371,4771,1
test,1148,11,364,371,372,4772,1
test,1149,11,365,372,373,4773,1
test,1150,11,366,373,374,4774,1
test,1151,11,367,374,375,4775,1
test,1152,11,368,375,376,4776,1
test,1153,11,369,376,377,4777,1
test,1154,11,370,377,378,4778,1
test,1155,11,371,378,379,4779,1
test,1156,11,372,379,380,4780,1
test,1157,11,373,380,381,4781,1
test,1158,11,374,381,382,4782,1
test,1159,11,375,382,383,4783,1
test,1160,11,376,383,384,4784,1
test,1161,11,377,384,385,4785,1
test,1162,11,378,385,386,4786,1
test,1163,11,379,386,387,4787,1
test,1164,11,380,387,388,4788,1
test,1165,11,381,388,389,4789,1
test,1166,11,382,389,390,4790,1
test,1167,11,383,390,391,4791,1
test,1168,11,384,391,392,4792,1
test,1169,11,385,392,393,4793,1
test,1170,11,386,393,394,4794,1
test,1171,11,387,394,395,4795,1
test,1172,11,388,395,396,4796,1
test,1173,11,389,396,397,4797,1
test,1174,11,390,397,398,4798,1
test,1175,11,391,398,399,4799,1
